run_id,condition_id,replication,p_detection,lambda_attack_rate,alpha_decay_rate,n_packets_per_attack,sim_duration_min,random_seed
0,0,0,0.7,0.2,0.1,10,10.0,42
1,0,1,0.7,0.2,0.1,10,10.0,43
2,0,2,0.7,0.2,0.1,10,10.0,44
3,0,3,0.7,0.2,0.1,10,10.0,45
4,0,4,0.7,0.2,0.1,10,10.0,46
5,0,5,0.7,0.2,0.1,10,10.0,47
6,0,6,0.7,0.2,0.1,10,10.0,48
7,0,7,0.7,0.2,0.1,10,10.0,49
8,0,8,0.7,0.2,0.1,10,10.0,50
9,0,9,0.7,0.2,0.1,10,10.0,51
10,0,10,0.7,0.2,0.1,10,10.0,52
11,0,11,0.7,0.2,0.1,10,10.0,53
12,0,12,0.7,0.2,0.1,10,10.0,54
13,0,13,0.7,0.2,0.1,10,10.0,55
14,0,14,0.7,0.2,0.1,10,10.0,56
15,0,15,0.7,0.2,0.1,10,10.0,57
16,0,16,0.7,0.2,0.1,10,10.0,58
17,0,17,0.7,0.2,0.1,10,10.0,59
18,0,18,0.7,0.2,0.1,10,10.0,60
19,0,19,0.7,0.2,0.1,10,10.0,61
20,0,20,0.7,0.2,0.1,10,10.0,62
21,0,21,0.7,0.2,0.1,10,10.0,63
22,0,22,0.7,0.2,0.1,10,10.0,64
23,0,23,0.7,0.2,0.1,10,10.0,65
24,0,24,0.7,0.2,0.1,10,10.0,66
25,0,25,0.7,0.2,0.1,10,10.0,67
26,0,26,0.7,0.2,0.1,10,10.0,68
27,0,27,0.7,0.2,0.1,10,10.0,69
28,0,28,0.7,0.2,0.1,10,10.0,70
29,0,29,0.7,0.2,0.1,10,10.0,71
30,1,0,0.7,0.2,0.1,25,10.0,72
31,1,1,0.7,0.2,0.1,25,10.0,73
32,1,2,0.7,0.2,0.1,25,10.0,74
33,1,3,0.7,0.2,0.1,25,10.0,75
34,1,4,0.7,0.2,0.1,25,10.0,76
35,1,5,0.7,0.2,0.1,25,10.0,77
36,1,6,0.7,0.2,0.1,25,10.0,78
37,1,7,0.7,0.2,0.1,25,10.0,79
38,1,8,0.7,0.2,0.1,25,10.0,80
39,1,9,0.7,0.2,0.1,25,10.0,81
40,1,10,0.7,0.2,0.1,25,10.0,82
41,1,11,0.7,0.2,0.1,25,10.0,83
42,1,12,0.7,0.2,0.1,25,10.0,84
43,1,13,0.7,0.2,0.1,25,10.0,85
44,1,14,0.7,0.2,0.1,25,10.0,86
45,1,15,0.7,0.2,0.1,25,10.0,87
46,1,16,0.7,0.2,0.1,25,10.0,88
47,1,17,0.7,0.2,0.1,25,10.0,89
48,1,18,0.7,0.2,0.1,25,10.0,90
49,1,19,0.7,0.2,0.1,25,10.0,91
50,1,20,0.7,0.2,0.1,25,10.0,92
51,1,21,0.7,0.2,0.1,25,10.0,93
52,1,22,0.7,0.2,0.1,25,10.0,94
53,1,23,0.7,0.2,0.1,25,10.0,95
54,1,24,0.7,0.2,0.1,25,10.0,96
55,1,25,0.7,0.2,0.1,25,10.0,97
56,1,26,0.7,0.2,0.1,25,10.0,98
57,1,27,0.7,0.2,0.1,25,10.0,99
58,1,28,0.7,0.2,0.1,25,10.0,100
59,1,29,0.7,0.2,0.1,25,10.0,101
60,2,0,0.7,0.2,0.1,50,10.0,102
61,2,1,0.7,0.2,0.1,50,10.0,103
62,2,2,0.7,0.2,0.1,50,10.0,104
63,2,3,0.7,0.2,0.1,50,10.0,105
64,2,4,0.7,0.2,0.1,50,10.0,106
65,2,5,0.7,0.2,0.1,50,10.0,107
66,2,6,0.7,0.2,0.1,50,10.0,108
67,2,7,0.7,0.2,0.1,50,10.0,109
68,2,8,0.7,0.2,0.1,50,10.0,110
69,2,9,0.7,0.2,0.1,50,10.0,111
70,2,10,0.7,0.2,0.1,50,10.0,112
71,2,11,0.7,0.2,0.1,50,10.0,113
72,2,12,0.7,0.2,0.1,50,10.0,114
73,2,13,0.7,0.2,0.1,50,10.0,115
74,2,14,0.7,0.2,0.1,50,10.0,116
75,2,15,0.7,0.2,0.1,50,10.0,117
76,2,16,0.7,0.2,0.1,50,10.0,118
77,2,17,0.7,0.2,0.1,50,10.0,119
78,2,18,0.7,0.2,0.1,50,10.0,120
79,2,19,0.7,0.2,0.1,50,10.0,121
80,2,20,0.7,0.2,0.1,50,10.0,122
81,2,21,0.7,0.2,0.1,50,10.0,123
82,2,22,0.7,0.2,0.1,50,10.0,124
83,2,23,0.7,0.2,0.1,50,10.0,125
84,2,24,0.7,0.2,0.1,50,10.0,126
85,2,25,0.7,0.2,0.1,50,10.0,127
86,2,26,0.7,0.2,0.1,50,10.0,128
87,2,27,0.7,0.2,0.1,50,10.0,129
88,2,28,0.7,0.2,0.1,50,10.0,130
89,2,29,0.7,0.2,0.1,50,10.0,131
90,3,0,0.7,0.2,0.1,100,10.0,132
91,3,1,0.7,0.2,0.1,100,10.0,133
92,3,2,0.7,0.2,0.1,100,10.0,134
93,3,3,0.7,0.2,0.1,100,10.0,135
94,3,4,0.7,0.2,0.1,100,10.0,136
95,3,5,0.7,0.2,0.1,100,10.0,137
96,3,6,0.7,0.2,0.1,100,10.0,138
97,3,7,0.7,0.2,0.1,100,10.0,139
98,3,8,0.7,0.2,0.1,100,10.0,140
99,3,9,0.7,0.2,0.1,100,10.0,141
100,3,10,0.7,0.2,0.1,100,10.0,142
101,3,11,0.7,0.2,0.1,100,10.0,143
102,3,12,0.7,0.2,0.1,100,10.0,144
103,3,13,0.7,0.2,0.1,100,10.0,145
104,3,14,0.7,0.2,0.1,100,10.0,146
105,3,15,0.7,0.2,0.1,100,10.0,147
106,3,16,0.7,0.2,0.1,100,10.0,148
107,3,17,0.7,0.2,0.1,100,10.0,149
108,3,18,0.7,0.2,0.1,100,10.0,150
109,3,19,0.7,0.2,0.1,100,10.0,151
110,3,20,0.7,0.2,0.1,100,10.0,152
111,3,21,0.7,0.2,0.1,100,10.0,153
112,3,22,0.7,0.2,0.1,100,10.0,154
113,3,23,0.7,0.2,0.1,100,10.0,155
114,3,24,0.7,0.2,0.1,100,10.0,156
115,3,25,0.7,0.2,0.1,100,10.0,157
116,3,26,0.7,0.2,0.1,100,10.0,158
117,3,27,0.7,0.2,0.1,100,10.0,159
118,3,28,0.7,0.2,0.1,100,10.0,160
119,3,29,0.7,0.2,0.1,100,10.0,161
120,4,0,0.7,0.2,0.3,10,10.0,162
121,4,1,0.7,0.2,0.3,10,10.0,163
122,4,2,0.7,0.2,0.3,10,10.0,164
123,4,3,0.7,0.2,0.3,10,10.0,165
124,4,4,0.7,0.2,0.3,10,10.0,166
125,4,5,0.7,0.2,0.3,10,10.0,167
126,4,6,0.7,0.2,0.3,10,10.0,168
127,4,7,0.7,0.2,0.3,10,10.0,169
128,4,8,0.7,0.2,0.3,10,10.0,170
129,4,9,0.7,0.2,0.3,10,10.0,171
130,4,10,0.7,0.2,0.3,10,10.0,172
131,4,11,0.7,0.2,0.3,10,10.0,173
132,4,12,0.7,0.2,0.3,10,10.0,174
133,4,13,0.7,0.2,0.3,10,10.0,175
134,4,14,0.7,0.2,0.3,10,10.0,176
135,4,15,0.7,0.2,0.3,10,10.0,177
136,4,16,0.7,0.2,0.3,10,10.0,178
137,4,17,0.7,0.2,0.3,10,10.0,179
138,4,18,0.7,0.2,0.3,10,10.0,180
139,4,19,0.7,0.2,0.3,10,10.0,181
140,4,20,0.7,0.2,0.3,10,10.0,182
141,4,21,0.7,0.2,0.3,10,10.0,183
142,4,22,0.7,0.2,0.3,10,10.0,184
143,4,23,0.7,0.2,0.3,10,10.0,185
144,4,24,0.7,0.2,0.3,10,10.0,186
145,4,25,0.7,0.2,0.3,10,10.0,187
146,4,26,0.7,0.2,0.3,10,10.0,188
147,4,27,0.7,0.2,0.3,10,10.0,189
148,4,28,0.7,0.2,0.3,10,10.0,190
149,4,29,0.7,0.2,0.3,10,10.0,191
150,5,0,0.7,0.2,0.3,25,10.0,192
151,5,1,0.7,0.2,0.3,25,10.0,193
152,5,2,0.7,0.2,0.3,25,10.0,194
153,5,3,0.7,0.2,0.3,25,10.0,195
154,5,4,0.7,0.2,0.3,25,10.0,196
155,5,5,0.7,0.2,0.3,25,10.0,197
156,5,6,0.7,0.2,0.3,25,10.0,198
157,5,7,0.7,0.2,0.3,25,10.0,199
158,5,8,0.7,0.2,0.3,25,10.0,200
159,5,9,0.7,0.2,0.3,25,10.0,201
160,5,10,0.7,0.2,0.3,25,10.0,202
161,5,11,0.7,0.2,0.3,25,10.0,203
162,5,12,0.7,0.2,0.3,25,10.0,204
163,5,13,0.7,0.2,0.3,25,10.0,205
164,5,14,0.7,0.2,0.3,25,10.0,206
165,5,15,0.7,0.2,0.3,25,10.0,207
166,5,16,0.7,0.2,0.3,25,10.0,208
167,5,17,0.7,0.2,0.3,25,10.0,209
168,5,18,0.7,0.2,0.3,25,10.0,210
169,5,19,0.7,0.2,0.3,25,10.0,211
170,5,20,0.7,0.2,0.3,25,10.0,212
171,5,21,0.7,0.2,0.3,25,10.0,213
172,5,22,0.7,0.2,0.3,25,10.0,214
173,5,23,0.7,0.2,0.3,25,10.0,215
174,5,24,0.7,0.2,0.3,25,10.0,216
175,5,25,0.7,0.2,0.3,25,10.0,217
176,5,26,0.7,0.2,0.3,25,10.0,218
177,5,27,0.7,0.2,0.3,25,10.0,219
178,5,28,0.7,0.2,0.3,25,10.0,220
179,5,29,0.7,0.2,0.3,25,10.0,221
180,6,0,0.7,0.2,0.3,50,10.0,222
181,6,1,0.7,0.2,0.3,50,10.0,223
182,6,2,0.7,0.2,0.3,50,10.0,224
183,6,3,0.7,0.2,0.3,50,10.0,225
184,6,4,0.7,0.2,0.3,50,10.0,226
185,6,5,0.7,0.2,0.3,50,10.0,227
186,6,6,0.7,0.2,0.3,50,10.0,228
187,6,7,0.7,0.2,0.3,50,10.0,229
188,6,8,0.7,0.2,0.3,50,10.0,230
189,6,9,0.7,0.2,0.3,50,10.0,231
190,6,10,0.7,0.2,0.3,50,10.0,232
191,6,11,0.7,0.2,0.3,50,10.0,233
192,6,12,0.7,0.2,0.3,50,10.0,234
193,6,13,0.7,0.2,0.3,50,10.0,235
194,6,14,0.7,0.2,0.3,50,10.0,236
195,6,15,0.7,0.2,0.3,50,10.0,237
196,6,16,0.7,0.2,0.3,50,10.0,238
197,6,17,0.7,0.2,0.3,50,10.0,239
198,6,18,0.7,0.2,0.3,50,10.0,240
199,6,19,0.7,0.2,0.3,50,10.0,241
200,6,20,0.7,0.2,0.3,50,10.0,242
201,6,21,0.7,0.2,0.3,50,10.0,243
202,6,22,0.7,0.2,0.3,50,10.0,244
203,6,23,0.7,0.2,0.3,50,10.0,245
204,6,24,0.7,0.2,0.3,50,10.0,246
205,6,25,0.7,0.2,0.3,50,10.0,247
206,6,26,0.7,0.2,0.3,50,10.0,248
207,6,27,0.7,0.2,0.3,50,10.0,249
208,6,28,0.7,0.2,0.3,50,10.0,250
209,6,29,0.7,0.2,0.3,50,10.0,251
210,7,0,0.7,0.2,0.3,100,10.0,252
211,7,1,0.7,0.2,0.3,100,10.0,253
212,7,2,0.7,0.2,0.3,100,10.0,254
213,7,3,0.7,0.2,0.3,100,10.0,255
214,7,4,0.7,0.2,0.3,100,10.0,256
215,7,5,0.7,0.2,0.3,100,10.0,257
216,7,6,0.7,0.2,0.3,100,10.0,258
217,7,7,0.7,0.2,0.3,100,10.0,259
218,7,8,0.7,0.2,0.3,100,10.0,260
219,7,9,0.7,0.2,0.3,100,10.0,261
220,7,10,0.7,0.2,0.3,100,10.0,262
221,7,11,0.7,0.2,0.3,100,10.0,263
222,7,12,0.7,0.2,0.3,100,10.0,264
223,7,13,0.7,0.2,0.3,100,10.0,265
224,7,14,0.7,0.2,0.3,100,10.0,266
225,7,15,0.7,0.2,0.3,100,10.0,267
226,7,16,0.7,0.2,0.3,100,10.0,268
227,7,17,0.7,0.2,0.3,100,10.0,269
228,7,18,0.7,0.2,0.3,100,10.0,270
229,7,19,0.7,0.2,0.3,100,10.0,271
230,7,20,0.7,0.2,0.3,100,10.0,272
231,7,21,0.7,0.2,0.3,100,10.0,273
232,7,22,0.7,0.2,0.3,100,10.0,274
233,7,23,0.7,0.2,0.3,100,10.0,275
234,7,24,0.7,0.2,0.3,100,10.0,276
235,7,25,0.7,0.2,0.3,100,10.0,277
236,7,26,0.7,0.2,0.3,100,10.0,278
237,7,27,0.7,0.2,0.3,100,10.0,279
238,7,28,0.7,0.2,0.3,100,10.0,280
239,7,29,0.7,0.2,0.3,100,10.0,281
240,8,0,0.7,0.2,0.5,10,10.0,282
241,8,1,0.7,0.2,0.5,10,10.0,283
242,8,2,0.7,0.2,0.5,10,10.0,284
243,8,3,0.7,0.2,0.5,10,10.0,285
244,8,4,0.7,0.2,0.5,10,10.0,286
245,8,5,0.7,0.2,0.5,10,10.0,287
246,8,6,0.7,0.2,0.5,10,10.0,288
247,8,7,0.7,0.2,0.5,10,10.0,289
248,8,8,0.7,0.2,0.5,10,10.0,290
249,8,9,0.7,0.2,0.5,10,10.0,291
250,8,10,0.7,0.2,0.5,10,10.0,292
251,8,11,0.7,0.2,0.5,10,10.0,293
252,8,12,0.7,0.2,0.5,10,10.0,294
253,8,13,0.7,0.2,0.5,10,10.0,295
254,8,14,0.7,0.2,0.5,10,10.0,296
255,8,15,0.7,0.2,0.5,10,10.0,297
256,8,16,0.7,0.2,0.5,10,10.0,298
257,8,17,0.7,0.2,0.5,10,10.0,299
258,8,18,0.7,0.2,0.5,10,10.0,300
259,8,19,0.7,0.2,0.5,10,10.0,301
260,8,20,0.7,0.2,0.5,10,10.0,302
261,8,21,0.7,0.2,0.5,10,10.0,303
262,8,22,0.7,0.2,0.5,10,10.0,304
263,8,23,0.7,0.2,0.5,10,10.0,305
264,8,24,0.7,0.2,0.5,10,10.0,306
265,8,25,0.7,0.2,0.5,10,10.0,307
266,8,26,0.7,0.2,0.5,10,10.0,308
267,8,27,0.7,0.2,0.5,10,10.0,309
268,8,28,0.7,0.2,0.5,10,10.0,310
269,8,29,0.7,0.2,0.5,10,10.0,311
270,9,0,0.7,0.2,0.5,25,10.0,312
271,9,1,0.7,0.2,0.5,25,10.0,313
272,9,2,0.7,0.2,0.5,25,10.0,314
273,9,3,0.7,0.2,0.5,25,10.0,315
274,9,4,0.7,0.2,0.5,25,10.0,316
275,9,5,0.7,0.2,0.5,25,10.0,317
276,9,6,0.7,0.2,0.5,25,10.0,318
277,9,7,0.7,0.2,0.5,25,10.0,319
278,9,8,0.7,0.2,0.5,25,10.0,320
279,9,9,0.7,0.2,0.5,25,10.0,321
280,9,10,0.7,0.2,0.5,25,10.0,322
281,9,11,0.7,0.2,0.5,25,10.0,323
282,9,12,0.7,0.2,0.5,25,10.0,324
283,9,13,0.7,0.2,0.5,25,10.0,325
284,9,14,0.7,0.2,0.5,25,10.0,326
285,9,15,0.7,0.2,0.5,25,10.0,327
286,9,16,0.7,0.2,0.5,25,10.0,328
287,9,17,0.7,0.2,0.5,25,10.0,329
288,9,18,0.7,0.2,0.5,25,10.0,330
289,9,19,0.7,0.2,0.5,25,10.0,331
290,9,20,0.7,0.2,0.5,25,10.0,332
291,9,21,0.7,0.2,0.5,25,10.0,333
292,9,22,0.7,0.2,0.5,25,10.0,334
293,9,23,0.7,0.2,0.5,25,10.0,335
294,9,24,0.7,0.2,0.5,25,10.0,336
295,9,25,0.7,0.2,0.5,25,10.0,337
296,9,26,0.7,0.2,0.5,25,10.0,338
297,9,27,0.7,0.2,0.5,25,10.0,339
298,9,28,0.7,0.2,0.5,25,10.0,340
299,9,29,0.7,0.2,0.5,25,10.0,341
300,10,0,0.7,0.2,0.5,50,10.0,342
301,10,1,0.7,0.2,0.5,50,10.0,343
302,10,2,0.7,0.2,0.5,50,10.0,344
303,10,3,0.7,0.2,0.5,50,10.0,345
304,10,4,0.7,0.2,0.5,50,10.0,346
305,10,5,0.7,0.2,0.5,50,10.0,347
306,10,6,0.7,0.2,0.5,50,10.0,348
307,10,7,0.7,0.2,0.5,50,10.0,349
308,10,8,0.7,0.2,0.5,50,10.0,350
309,10,9,0.7,0.2,0.5,50,10.0,351
310,10,10,0.7,0.2,0.5,50,10.0,352
311,10,11,0.7,0.2,0.5,50,10.0,353
312,10,12,0.7,0.2,0.5,50,10.0,354
313,10,13,0.7,0.2,0.5,50,10.0,355
314,10,14,0.7,0.2,0.5,50,10.0,356
315,10,15,0.7,0.2,0.5,50,10.0,357
316,10,16,0.7,0.2,0.5,50,10.0,358
317,10,17,0.7,0.2,0.5,50,10.0,359
318,10,18,0.7,0.2,0.5,50,10.0,360
319,10,19,0.7,0.2,0.5,50,10.0,361
320,10,20,0.7,0.2,0.5,50,10.0,362
321,10,21,0.7,0.2,0.5,50,10.0,363
322,10,22,0.7,0.2,0.5,50,10.0,364
323,10,23,0.7,0.2,0.5,50,10.0,365
324,10,24,0.7,0.2,0.5,50,10.0,366
325,10,25,0.7,0.2,0.5,50,10.0,367
326,10,26,0.7,0.2,0.5,50,10.0,368
327,10,27,0.7,0.2,0.5,50,10.0,369
328,10,28,0.7,0.2,0.5,50,10.0,370
329,10,29,0.7,0.2,0.5,50,10.0,371
330,11,0,0.7,0.2,0.5,100,10.0,372
331,11,1,0.7,0.2,0.5,100,10.0,373
332,11,2,0.7,0.2,0.5,100,10.0,374
333,11,3,0.7,0.2,0.5,100,10.0,375
334,11,4,0.7,0.2,0.5,100,10.0,376
335,11,5,0.7,0.2,0.5,100,10.0,377
336,11,6,0.7,0.2,0.5,100,10.0,378
337,11,7,0.7,0.2,0.5,100,10.0,379
338,11,8,0.7,0.2,0.5,100,10.0,380
339,11,9,0.7,0.2,0.5,100,10.0,381
340,11,10,0.7,0.2,0.5,100,10.0,382
341,11,11,0.7,0.2,0.5,100,10.0,383
342,11,12,0.7,0.2,0.5,100,10.0,384
343,11,13,0.7,0.2,0.5,100,10.0,385
344,11,14,0.7,0.2,0.5,100,10.0,386
345,11,15,0.7,0.2,0.5,100,10.0,387
346,11,16,0.7,0.2,0.5,100,10.0,388
347,11,17,0.7,0.2,0.5,100,10.0,389
348,11,18,0.7,0.2,0.5,100,10.0,390
349,11,19,0.7,0.2,0.5,100,10.0,391
350,11,20,0.7,0.2,0.5,100,10.0,392
351,11,21,0.7,0.2,0.5,100,10.0,393
352,11,22,0.7,0.2,0.5,100,10.0,394
353,11,23,0.7,0.2,0.5,100,10.0,395
354,11,24,0.7,0.2,0.5,100,10.0,396
355,11,25,0.7,0.2,0.5,100,10.0,397
356,11,26,0.7,0.2,0.5,100,10.0,398
357,11,27,0.7,0.2,0.5,100,10.0,399
358,11,28,0.7,0.2,0.5,100,10.0,400
359,11,29,0.7,0.2,0.5,100,10.0,401
360,12,0,0.7,0.5,0.1,10,10.0,402
361,12,1,0.7,0.5,0.1,10,10.0,403
362,12,2,0.7,0.5,0.1,10,10.0,404
363,12,3,0.7,0.5,0.1,10,10.0,405
364,12,4,0.7,0.5,0.1,10,10.0,406
365,12,5,0.7,0.5,0.1,10,10.0,407
366,12,6,0.7,0.5,0.1,10,10.0,408
367,12,7,0.7,0.5,0.1,10,10.0,409
368,12,8,0.7,0.5,0.1,10,10.0,410
369,12,9,0.7,0.5,0.1,10,10.0,411
370,12,10,0.7,0.5,0.1,10,10.0,412
371,12,11,0.7,0.5,0.1,10,10.0,413
372,12,12,0.7,0.5,0.1,10,10.0,414
373,12,13,0.7,0.5,0.1,10,10.0,415
374,12,14,0.7,0.5,0.1,10,10.0,416
375,12,15,0.7,0.5,0.1,10,10.0,417
376,12,16,0.7,0.5,0.1,10,10.0,418
377,12,17,0.7,0.5,0.1,10,10.0,419
378,12,18,0.7,0.5,0.1,10,10.0,420
379,12,19,0.7,0.5,0.1,10,10.0,421
380,12,20,0.7,0.5,0.1,10,10.0,422
381,12,21,0.7,0.5,0.1,10,10.0,423
382,12,22,0.7,0.5,0.1,10,10.0,424
383,12,23,0.7,0.5,0.1,10,10.0,425
384,12,24,0.7,0.5,0.1,10,10.0,426
385,12,25,0.7,0.5,0.1,10,10.0,427
386,12,26,0.7,0.5,0.1,10,10.0,428
387,12,27,0.7,0.5,0.1,10,10.0,429
388,12,28,0.7,0.5,0.1,10,10.0,430
389,12,29,0.7,0.5,0.1,10,10.0,431
390,13,0,0.7,0.5,0.1,25,10.0,432
391,13,1,0.7,0.5,0.1,25,10.0,433
392,13,2,0.7,0.5,0.1,25,10.0,434
393,13,3,0.7,0.5,0.1,25,10.0,435
394,13,4,0.7,0.5,0.1,25,10.0,436
395,13,5,0.7,0.5,0.1,25,10.0,437
396,13,6,0.7,0.5,0.1,25,10.0,438
397,13,7,0.7,0.5,0.1,25,10.0,439
398,13,8,0.7,0.5,0.1,25,10.0,440
399,13,9,0.7,0.5,0.1,25,10.0,441
400,13,10,0.7,0.5,0.1,25,10.0,442
401,13,11,0.7,0.5,0.1,25,10.0,443
402,13,12,0.7,0.5,0.1,25,10.0,444
403,13,13,0.7,0.5,0.1,25,10.0,445
404,13,14,0.7,0.5,0.1,25,10.0,446
405,13,15,0.7,0.5,0.1,25,10.0,447
406,13,16,0.7,0.5,0.1,25,10.0,448
407,13,17,0.7,0.5,0.1,25,10.0,449
408,13,18,0.7,0.5,0.1,25,10.0,450
409,13,19,0.7,0.5,0.1,25,10.0,451
410,13,20,0.7,0.5,0.1,25,10.0,452
411,13,21,0.7,0.5,0.1,25,10.0,453
412,13,22,0.7,0.5,0.1,25,10.0,454
413,13,23,0.7,0.5,0.1,25,10.0,455
414,13,24,0.7,0.5,0.1,25,10.0,456
415,13,25,0.7,0.5,0.1,25,10.0,457
416,13,26,0.7,0.5,0.1,25,10.0,458
417,13,27,0.7,0.5,0.1,25,10.0,459
418,13,28,0.7,0.5,0.1,25,10.0,460
419,13,29,0.7,0.5,0.1,25,10.0,461
420,14,0,0.7,0.5,0.1,50,10.0,462
421,14,1,0.7,0.5,0.1,50,10.0,463
422,14,2,0.7,0.5,0.1,50,10.0,464
423,14,3,0.7,0.5,0.1,50,10.0,465
424,14,4,0.7,0.5,0.1,50,10.0,466
425,14,5,0.7,0.5,0.1,50,10.0,467
426,14,6,0.7,0.5,0.1,50,10.0,468
427,14,7,0.7,0.5,0.1,50,10.0,469
428,14,8,0.7,0.5,0.1,50,10.0,470
429,14,9,0.7,0.5,0.1,50,10.0,471
430,14,10,0.7,0.5,0.1,50,10.0,472
431,14,11,0.7,0.5,0.1,50,10.0,473
432,14,12,0.7,0.5,0.1,50,10.0,474
433,14,13,0.7,0.5,0.1,50,10.0,475
434,14,14,0.7,0.5,0.1,50,10.0,476
435,14,15,0.7,0.5,0.1,50,10.0,477
436,14,16,0.7,0.5,0.1,50,10.0,478
437,14,17,0.7,0.5,0.1,50,10.0,479
438,14,18,0.7,0.5,0.1,50,10.0,480
439,14,19,0.7,0.5,0.1,50,10.0,481
440,14,20,0.7,0.5,0.1,50,10.0,482
441,14,21,0.7,0.5,0.1,50,10.0,483
442,14,22,0.7,0.5,0.1,50,10.0,484
443,14,23,0.7,0.5,0.1,50,10.0,485
444,14,24,0.7,0.5,0.1,50,10.0,486
445,14,25,0.7,0.5,0.1,50,10.0,487
446,14,26,0.7,0.5,0.1,50,10.0,488
447,14,27,0.7,0.5,0.1,50,10.0,489
448,14,28,0.7,0.5,0.1,50,10.0,490
449,14,29,0.7,0.5,0.1,50,10.0,491
450,15,0,0.7,0.5,0.1,100,10.0,492
451,15,1,0.7,0.5,0.1,100,10.0,493
452,15,2,0.7,0.5,0.1,100,10.0,494
453,15,3,0.7,0.5,0.1,100,10.0,495
454,15,4,0.7,0.5,0.1,100,10.0,496
455,15,5,0.7,0.5,0.1,100,10.0,497
456,15,6,0.7,0.5,0.1,100,10.0,498
457,15,7,0.7,0.5,0.1,100,10.0,499
458,15,8,0.7,0.5,0.1,100,10.0,500
459,15,9,0.7,0.5,0.1,100,10.0,501
460,15,10,0.7,0.5,0.1,100,10.0,502
461,15,11,0.7,0.5,0.1,100,10.0,503
462,15,12,0.7,0.5,0.1,100,10.0,504
463,15,13,0.7,0.5,0.1,100,10.0,505
464,15,14,0.7,0.5,0.1,100,10.0,506
465,15,15,0.7,0.5,0.1,100,10.0,507
466,15,16,0.7,0.5,0.1,100,10.0,508
467,15,17,0.7,0.5,0.1,100,10.0,509
468,15,18,0.7,0.5,0.1,100,10.0,510
469,15,19,0.7,0.5,0.1,100,10.0,511
470,15,20,0.7,0.5,0.1,100,10.0,512
471,15,21,0.7,0.5,0.1,100,10.0,513
472,15,22,0.7,0.5,0.1,100,10.0,514
473,15,23,0.7,0.5,0.1,100,10.0,515
474,15,24,0.7,0.5,0.1,100,10.0,516
475,15,25,0.7,0.5,0.1,100,10.0,517
476,15,26,0.7,0.5,0.1,100,10.0,518
477,15,27,0.7,0.5,0.1,100,10.0,519
478,15,28,0.7,0.5,0.1,100,10.0,520
479,15,29,0.7,0.5,0.1,100,10.0,521
480,16,0,0.7,0.5,0.3,10,10.0,522
481,16,1,0.7,0.5,0.3,10,10.0,523
482,16,2,0.7,0.5,0.3,10,10.0,524
483,16,3,0.7,0.5,0.3,10,10.0,525
484,16,4,0.7,0.5,0.3,10,10.0,526
485,16,5,0.7,0.5,0.3,10,10.0,527
486,16,6,0.7,0.5,0.3,10,10.0,528
487,16,7,0.7,0.5,0.3,10,10.0,529
488,16,8,0.7,0.5,0.3,10,10.0,530
489,16,9,0.7,0.5,0.3,10,10.0,531
490,16,10,0.7,0.5,0.3,10,10.0,532
491,16,11,0.7,0.5,0.3,10,10.0,533
492,16,12,0.7,0.5,0.3,10,10.0,534
493,16,13,0.7,0.5,0.3,10,10.0,535
494,16,14,0.7,0.5,0.3,10,10.0,536
495,16,15,0.7,0.5,0.3,10,10.0,537
496,16,16,0.7,0.5,0.3,10,10.0,538
497,16,17,0.7,0.5,0.3,10,10.0,539
498,16,18,0.7,0.5,0.3,10,10.0,540
499,16,19,0.7,0.5,0.3,10,10.0,541
500,16,20,0.7,0.5,0.3,10,10.0,542
501,16,21,0.7,0.5,0.3,10,10.0,543
502,16,22,0.7,0.5,0.3,10,10.0,544
503,16,23,0.7,0.5,0.3,10,10.0,545
504,16,24,0.7,0.5,0.3,10,10.0,546
505,16,25,0.7,0.5,0.3,10,10.0,547
506,16,26,0.7,0.5,0.3,10,10.0,548
507,16,27,0.7,0.5,0.3,10,10.0,549
508,16,28,0.7,0.5,0.3,10,10.0,550
509,16,29,0.7,0.5,0.3,10,10.0,551
510,17,0,0.7,0.5,0.3,25,10.0,552
511,17,1,0.7,0.5,0.3,25,10.0,553
512,17,2,0.7,0.5,0.3,25,10.0,554
513,17,3,0.7,0.5,0.3,25,10.0,555
514,17,4,0.7,0.5,0.3,25,10.0,556
515,17,5,0.7,0.5,0.3,25,10.0,557
516,17,6,0.7,0.5,0.3,25,10.0,558
517,17,7,0.7,0.5,0.3,25,10.0,559
518,17,8,0.7,0.5,0.3,25,10.0,560
519,17,9,0.7,0.5,0.3,25,10.0,561
520,17,10,0.7,0.5,0.3,25,10.0,562
521,17,11,0.7,0.5,0.3,25,10.0,563
522,17,12,0.7,0.5,0.3,25,10.0,564
523,17,13,0.7,0.5,0.3,25,10.0,565
524,17,14,0.7,0.5,0.3,25,10.0,566
525,17,15,0.7,0.5,0.3,25,10.0,567
526,17,16,0.7,0.5,0.3,25,10.0,568
527,17,17,0.7,0.5,0.3,25,10.0,569
528,17,18,0.7,0.5,0.3,25,10.0,570
529,17,19,0.7,0.5,0.3,25,10.0,571
530,17,20,0.7,0.5,0.3,25,10.0,572
531,17,21,0.7,0.5,0.3,25,10.0,573
532,17,22,0.7,0.5,0.3,25,10.0,574
533,17,23,0.7,0.5,0.3,25,10.0,575
534,17,24,0.7,0.5,0.3,25,10.0,576
535,17,25,0.7,0.5,0.3,25,10.0,577
536,17,26,0.7,0.5,0.3,25,10.0,578
537,17,27,0.7,0.5,0.3,25,10.0,579
538,17,28,0.7,0.5,0.3,25,10.0,580
539,17,29,0.7,0.5,0.3,25,10.0,581
540,18,0,0.7,0.5,0.3,50,10.0,582
541,18,1,0.7,0.5,0.3,50,10.0,583
542,18,2,0.7,0.5,0.3,50,10.0,584
543,18,3,0.7,0.5,0.3,50,10.0,585
544,18,4,0.7,0.5,0.3,50,10.0,586
545,18,5,0.7,0.5,0.3,50,10.0,587
546,18,6,0.7,0.5,0.3,50,10.0,588
547,18,7,0.7,0.5,0.3,50,10.0,589
548,18,8,0.7,0.5,0.3,50,10.0,590
549,18,9,0.7,0.5,0.3,50,10.0,591
550,18,10,0.7,0.5,0.3,50,10.0,592
551,18,11,0.7,0.5,0.3,50,10.0,593
552,18,12,0.7,0.5,0.3,50,10.0,594
553,18,13,0.7,0.5,0.3,50,10.0,595
554,18,14,0.7,0.5,0.3,50,10.0,596
555,18,15,0.7,0.5,0.3,50,10.0,597
556,18,16,0.7,0.5,0.3,50,10.0,598
557,18,17,0.7,0.5,0.3,50,10.0,599
558,18,18,0.7,0.5,0.3,50,10.0,600
559,18,19,0.7,0.5,0.3,50,10.0,601
560,18,20,0.7,0.5,0.3,50,10.0,602
561,18,21,0.7,0.5,0.3,50,10.0,603
562,18,22,0.7,0.5,0.3,50,10.0,604
563,18,23,0.7,0.5,0.3,50,10.0,605
564,18,24,0.7,0.5,0.3,50,10.0,606
565,18,25,0.7,0.5,0.3,50,10.0,607
566,18,26,0.7,0.5,0.3,50,10.0,608
567,18,27,0.7,0.5,0.3,50,10.0,609
568,18,28,0.7,0.5,0.3,50,10.0,610
569,18,29,0.7,0.5,0.3,50,10.0,611
570,19,0,0.7,0.5,0.3,100,10.0,612
571,19,1,0.7,0.5,0.3,100,10.0,613
572,19,2,0.7,0.5,0.3,100,10.0,614
573,19,3,0.7,0.5,0.3,100,10.0,615
574,19,4,0.7,0.5,0.3,100,10.0,616
575,19,5,0.7,0.5,0.3,100,10.0,617
576,19,6,0.7,0.5,0.3,100,10.0,618
577,19,7,0.7,0.5,0.3,100,10.0,619
578,19,8,0.7,0.5,0.3,100,10.0,620
579,19,9,0.7,0.5,0.3,100,10.0,621
580,19,10,0.7,0.5,0.3,100,10.0,622
581,19,11,0.7,0.5,0.3,100,10.0,623
582,19,12,0.7,0.5,0.3,100,10.0,624
583,19,13,0.7,0.5,0.3,100,10.0,625
584,19,14,0.7,0.5,0.3,100,10.0,626
585,19,15,0.7,0.5,0.3,100,10.0,627
586,19,16,0.7,0.5,0.3,100,10.0,628
587,19,17,0.7,0.5,0.3,100,10.0,629
588,19,18,0.7,0.5,0.3,100,10.0,630
589,19,19,0.7,0.5,0.3,100,10.0,631
590,19,20,0.7,0.5,0.3,100,10.0,632
591,19,21,0.7,0.5,0.3,100,10.0,633
592,19,22,0.7,0.5,0.3,100,10.0,634
593,19,23,0.7,0.5,0.3,100,10.0,635
594,19,24,0.7,0.5,0.3,100,10.0,636
595,19,25,0.7,0.5,0.3,100,10.0,637
596,19,26,0.7,0.5,0.3,100,10.0,638
597,19,27,0.7,0.5,0.3,100,10.0,639
598,19,28,0.7,0.5,0.3,100,10.0,640
599,19,29,0.7,0.5,0.3,100,10.0,641
600,20,0,0.7,0.5,0.5,10,10.0,642
601,20,1,0.7,0.5,0.5,10,10.0,643
602,20,2,0.7,0.5,0.5,10,10.0,644
603,20,3,0.7,0.5,0.5,10,10.0,645
604,20,4,0.7,0.5,0.5,10,10.0,646
605,20,5,0.7,0.5,0.5,10,10.0,647
606,20,6,0.7,0.5,0.5,10,10.0,648
607,20,7,0.7,0.5,0.5,10,10.0,649
608,20,8,0.7,0.5,0.5,10,10.0,650
609,20,9,0.7,0.5,0.5,10,10.0,651
610,20,10,0.7,0.5,0.5,10,10.0,652
611,20,11,0.7,0.5,0.5,10,10.0,653
612,20,12,0.7,0.5,0.5,10,10.0,654
613,20,13,0.7,0.5,0.5,10,10.0,655
614,20,14,0.7,0.5,0.5,10,10.0,656
615,20,15,0.7,0.5,0.5,10,10.0,657
616,20,16,0.7,0.5,0.5,10,10.0,658
617,20,17,0.7,0.5,0.5,10,10.0,659
618,20,18,0.7,0.5,0.5,10,10.0,660
619,20,19,0.7,0.5,0.5,10,10.0,661
620,20,20,0.7,0.5,0.5,10,10.0,662
621,20,21,0.7,0.5,0.5,10,10.0,663
622,20,22,0.7,0.5,0.5,10,10.0,664
623,20,23,0.7,0.5,0.5,10,10.0,665
624,20,24,0.7,0.5,0.5,10,10.0,666
625,20,25,0.7,0.5,0.5,10,10.0,667
626,20,26,0.7,0.5,0.5,10,10.0,668
627,20,27,0.7,0.5,0.5,10,10.0,669
628,20,28,0.7,0.5,0.5,10,10.0,670
629,20,29,0.7,0.5,0.5,10,10.0,671
630,21,0,0.7,0.5,0.5,25,10.0,672
631,21,1,0.7,0.5,0.5,25,10.0,673
632,21,2,0.7,0.5,0.5,25,10.0,674
633,21,3,0.7,0.5,0.5,25,10.0,675
634,21,4,0.7,0.5,0.5,25,10.0,676
635,21,5,0.7,0.5,0.5,25,10.0,677
636,21,6,0.7,0.5,0.5,25,10.0,678
637,21,7,0.7,0.5,0.5,25,10.0,679
638,21,8,0.7,0.5,0.5,25,10.0,680
639,21,9,0.7,0.5,0.5,25,10.0,681
640,21,10,0.7,0.5,0.5,25,10.0,682
641,21,11,0.7,0.5,0.5,25,10.0,683
642,21,12,0.7,0.5,0.5,25,10.0,684
643,21,13,0.7,0.5,0.5,25,10.0,685
644,21,14,0.7,0.5,0.5,25,10.0,686
645,21,15,0.7,0.5,0.5,25,10.0,687
646,21,16,0.7,0.5,0.5,25,10.0,688
647,21,17,0.7,0.5,0.5,25,10.0,689
648,21,18,0.7,0.5,0.5,25,10.0,690
649,21,19,0.7,0.5,0.5,25,10.0,691
650,21,20,0.7,0.5,0.5,25,10.0,692
651,21,21,0.7,0.5,0.5,25,10.0,693
652,21,22,0.7,0.5,0.5,25,10.0,694
653,21,23,0.7,0.5,0.5,25,10.0,695
654,21,24,0.7,0.5,0.5,25,10.0,696
655,21,25,0.7,0.5,0.5,25,10.0,697
656,21,26,0.7,0.5,0.5,25,10.0,698
657,21,27,0.7,0.5,0.5,25,10.0,699
658,21,28,0.7,0.5,0.5,25,10.0,700
659,21,29,0.7,0.5,0.5,25,10.0,701
660,22,0,0.7,0.5,0.5,50,10.0,702
661,22,1,0.7,0.5,0.5,50,10.0,703
662,22,2,0.7,0.5,0.5,50,10.0,704
663,22,3,0.7,0.5,0.5,50,10.0,705
664,22,4,0.7,0.5,0.5,50,10.0,706
665,22,5,0.7,0.5,0.5,50,10.0,707
666,22,6,0.7,0.5,0.5,50,10.0,708
667,22,7,0.7,0.5,0.5,50,10.0,709
668,22,8,0.7,0.5,0.5,50,10.0,710
669,22,9,0.7,0.5,0.5,50,10.0,711
670,22,10,0.7,0.5,0.5,50,10.0,712
671,22,11,0.7,0.5,0.5,50,10.0,713
672,22,12,0.7,0.5,0.5,50,10.0,714
673,22,13,0.7,0.5,0.5,50,10.0,715
674,22,14,0.7,0.5,0.5,50,10.0,716
675,22,15,0.7,0.5,0.5,50,10.0,717
676,22,16,0.7,0.5,0.5,50,10.0,718
677,22,17,0.7,0.5,0.5,50,10.0,719
678,22,18,0.7,0.5,0.5,50,10.0,720
679,22,19,0.7,0.5,0.5,50,10.0,721
680,22,20,0.7,0.5,0.5,50,10.0,722
681,22,21,0.7,0.5,0.5,50,10.0,723
682,22,22,0.7,0.5,0.5,50,10.0,724
683,22,23,0.7,0.5,0.5,50,10.0,725
684,22,24,0.7,0.5,0.5,50,10.0,726
685,22,25,0.7,0.5,0.5,50,10.0,727
686,22,26,0.7,0.5,0.5,50,10.0,728
687,22,27,0.7,0.5,0.5,50,10.0,729
688,22,28,0.7,0.5,0.5,50,10.0,730
689,22,29,0.7,0.5,0.5,50,10.0,731
690,23,0,0.7,0.5,0.5,100,10.0,732
691,23,1,0.7,0.5,0.5,100,10.0,733
692,23,2,0.7,0.5,0.5,100,10.0,734
693,23,3,0.7,0.5,0.5,100,10.0,735
694,23,4,0.7,0.5,0.5,100,10.0,736
695,23,5,0.7,0.5,0.5,100,10.0,737
696,23,6,0.7,0.5,0.5,100,10.0,738
697,23,7,0.7,0.5,0.5,100,10.0,739
698,23,8,0.7,0.5,0.5,100,10.0,740
699,23,9,0.7,0.5,0.5,100,10.0,741
700,23,10,0.7,0.5,0.5,100,10.0,742
701,23,11,0.7,0.5,0.5,100,10.0,743
702,23,12,0.7,0.5,0.5,100,10.0,744
703,23,13,0.7,0.5,0.5,100,10.0,745
704,23,14,0.7,0.5,0.5,100,10.0,746
705,23,15,0.7,0.5,0.5,100,10.0,747
706,23,16,0.7,0.5,0.5,100,10.0,748
707,23,17,0.7,0.5,0.5,100,10.0,749
708,23,18,0.7,0.5,0.5,100,10.0,750
709,23,19,0.7,0.5,0.5,100,10.0,751
710,23,20,0.7,0.5,0.5,100,10.0,752
711,23,21,0.7,0.5,0.5,100,10.0,753
712,23,22,0.7,0.5,0.5,100,10.0,754
713,23,23,0.7,0.5,0.5,100,10.0,755
714,23,24,0.7,0.5,0.5,100,10.0,756
715,23,25,0.7,0.5,0.5,100,10.0,757
716,23,26,0.7,0.5,0.5,100,10.0,758
717,23,27,0.7,0.5,0.5,100,10.0,759
718,23,28,0.7,0.5,0.5,100,10.0,760
719,23,29,0.7,0.5,0.5,100,10.0,761
720,24,0,0.7,1.0,0.1,10,10.0,762
721,24,1,0.7,1.0,0.1,10,10.0,763
722,24,2,0.7,1.0,0.1,10,10.0,764
723,24,3,0.7,1.0,0.1,10,10.0,765
724,24,4,0.7,1.0,0.1,10,10.0,766
725,24,5,0.7,1.0,0.1,10,10.0,767
726,24,6,0.7,1.0,0.1,10,10.0,768
727,24,7,0.7,1.0,0.1,10,10.0,769
728,24,8,0.7,1.0,0.1,10,10.0,770
729,24,9,0.7,1.0,0.1,10,10.0,771
730,24,10,0.7,1.0,0.1,10,10.0,772
731,24,11,0.7,1.0,0.1,10,10.0,773
732,24,12,0.7,1.0,0.1,10,10.0,774
733,24,13,0.7,1.0,0.1,10,10.0,775
734,24,14,0.7,1.0,0.1,10,10.0,776
735,24,15,0.7,1.0,0.1,10,10.0,777
736,24,16,0.7,1.0,0.1,10,10.0,778
737,24,17,0.7,1.0,0.1,10,10.0,779
738,24,18,0.7,1.0,0.1,10,10.0,780
739,24,19,0.7,1.0,0.1,10,10.0,781
740,24,20,0.7,1.0,0.1,10,10.0,782
741,24,21,0.7,1.0,0.1,10,10.0,783
742,24,22,0.7,1.0,0.1,10,10.0,784
743,24,23,0.7,1.0,0.1,10,10.0,785
744,24,24,0.7,1.0,0.1,10,10.0,786
745,24,25,0.7,1.0,0.1,10,10.0,787
746,24,26,0.7,1.0,0.1,10,10.0,788
747,24,27,0.7,1.0,0.1,10,10.0,789
748,24,28,0.7,1.0,0.1,10,10.0,790
749,24,29,0.7,1.0,0.1,10,10.0,791
750,25,0,0.7,1.0,0.1,25,10.0,792
751,25,1,0.7,1.0,0.1,25,10.0,793
752,25,2,0.7,1.0,0.1,25,10.0,794
753,25,3,0.7,1.0,0.1,25,10.0,795
754,25,4,0.7,1.0,0.1,25,10.0,796
755,25,5,0.7,1.0,0.1,25,10.0,797
756,25,6,0.7,1.0,0.1,25,10.0,798
757,25,7,0.7,1.0,0.1,25,10.0,799
758,25,8,0.7,1.0,0.1,25,10.0,800
759,25,9,0.7,1.0,0.1,25,10.0,801
760,25,10,0.7,1.0,0.1,25,10.0,802
761,25,11,0.7,1.0,0.1,25,10.0,803
762,25,12,0.7,1.0,0.1,25,10.0,804
763,25,13,0.7,1.0,0.1,25,10.0,805
764,25,14,0.7,1.0,0.1,25,10.0,806
765,25,15,0.7,1.0,0.1,25,10.0,807
766,25,16,0.7,1.0,0.1,25,10.0,808
767,25,17,0.7,1.0,0.1,25,10.0,809
768,25,18,0.7,1.0,0.1,25,10.0,810
769,25,19,0.7,1.0,0.1,25,10.0,811
770,25,20,0.7,1.0,0.1,25,10.0,812
771,25,21,0.7,1.0,0.1,25,10.0,813
772,25,22,0.7,1.0,0.1,25,10.0,814
773,25,23,0.7,1.0,0.1,25,10.0,815
774,25,24,0.7,1.0,0.1,25,10.0,816
775,25,25,0.7,1.0,0.1,25,10.0,817
776,25,26,0.7,1.0,0.1,25,10.0,818
777,25,27,0.7,1.0,0.1,25,10.0,819
778,25,28,0.7,1.0,0.1,25,10.0,820
779,25,29,0.7,1.0,0.1,25,10.0,821
780,26,0,0.7,1.0,0.1,50,10.0,822
781,26,1,0.7,1.0,0.1,50,10.0,823
782,26,2,0.7,1.0,0.1,50,10.0,824
783,26,3,0.7,1.0,0.1,50,10.0,825
784,26,4,0.7,1.0,0.1,50,10.0,826
785,26,5,0.7,1.0,0.1,50,10.0,827
786,26,6,0.7,1.0,0.1,50,10.0,828
787,26,7,0.7,1.0,0.1,50,10.0,829
788,26,8,0.7,1.0,0.1,50,10.0,830
789,26,9,0.7,1.0,0.1,50,10.0,831
790,26,10,0.7,1.0,0.1,50,10.0,832
791,26,11,0.7,1.0,0.1,50,10.0,833
792,26,12,0.7,1.0,0.1,50,10.0,834
793,26,13,0.7,1.0,0.1,50,10.0,835
794,26,14,0.7,1.0,0.1,50,10.0,836
795,26,15,0.7,1.0,0.1,50,10.0,837
796,26,16,0.7,1.0,0.1,50,10.0,838
797,26,17,0.7,1.0,0.1,50,10.0,839
798,26,18,0.7,1.0,0.1,50,10.0,840
799,26,19,0.7,1.0,0.1,50,10.0,841
800,26,20,0.7,1.0,0.1,50,10.0,842
801,26,21,0.7,1.0,0.1,50,10.0,843
802,26,22,0.7,1.0,0.1,50,10.0,844
803,26,23,0.7,1.0,0.1,50,10.0,845
804,26,24,0.7,1.0,0.1,50,10.0,846
805,26,25,0.7,1.0,0.1,50,10.0,847
806,26,26,0.7,1.0,0.1,50,10.0,848
807,26,27,0.7,1.0,0.1,50,10.0,849
808,26,28,0.7,1.0,0.1,50,10.0,850
809,26,29,0.7,1.0,0.1,50,10.0,851
810,27,0,0.7,1.0,0.1,100,10.0,852
811,27,1,0.7,1.0,0.1,100,10.0,853
812,27,2,0.7,1.0,0.1,100,10.0,854
813,27,3,0.7,1.0,0.1,100,10.0,855
814,27,4,0.7,1.0,0.1,100,10.0,856
815,27,5,0.7,1.0,0.1,100,10.0,857
816,27,6,0.7,1.0,0.1,100,10.0,858
817,27,7,0.7,1.0,0.1,100,10.0,859
818,27,8,0.7,1.0,0.1,100,10.0,860
819,27,9,0.7,1.0,0.1,100,10.0,861
820,27,10,0.7,1.0,0.1,100,10.0,862
821,27,11,0.7,1.0,0.1,100,10.0,863
822,27,12,0.7,1.0,0.1,100,10.0,864
823,27,13,0.7,1.0,0.1,100,10.0,865
824,27,14,0.7,1.0,0.1,100,10.0,866
825,27,15,0.7,1.0,0.1,100,10.0,867
826,27,16,0.7,1.0,0.1,100,10.0,868
827,27,17,0.7,1.0,0.1,100,10.0,869
828,27,18,0.7,1.0,0.1,100,10.0,870
829,27,19,0.7,1.0,0.1,100,10.0,871
830,27,20,0.7,1.0,0.1,100,10.0,872
831,27,21,0.7,1.0,0.1,100,10.0,873
832,27,22,0.7,1.0,0.1,100,10.0,874
833,27,23,0.7,1.0,0.1,100,10.0,875
834,27,24,0.7,1.0,0.1,100,10.0,876
835,27,25,0.7,1.0,0.1,100,10.0,877
836,27,26,0.7,1.0,0.1,100,10.0,878
837,27,27,0.7,1.0,0.1,100,10.0,879
838,27,28,0.7,1.0,0.1,100,10.0,880
839,27,29,0.7,1.0,0.1,100,10.0,881
840,28,0,0.7,1.0,0.3,10,10.0,882
841,28,1,0.7,1.0,0.3,10,10.0,883
842,28,2,0.7,1.0,0.3,10,10.0,884
843,28,3,0.7,1.0,0.3,10,10.0,885
844,28,4,0.7,1.0,0.3,10,10.0,886
845,28,5,0.7,1.0,0.3,10,10.0,887
846,28,6,0.7,1.0,0.3,10,10.0,888
847,28,7,0.7,1.0,0.3,10,10.0,889
848,28,8,0.7,1.0,0.3,10,10.0,890
849,28,9,0.7,1.0,0.3,10,10.0,891
850,28,10,0.7,1.0,0.3,10,10.0,892
851,28,11,0.7,1.0,0.3,10,10.0,893
852,28,12,0.7,1.0,0.3,10,10.0,894
853,28,13,0.7,1.0,0.3,10,10.0,895
854,28,14,0.7,1.0,0.3,10,10.0,896
855,28,15,0.7,1.0,0.3,10,10.0,897
856,28,16,0.7,1.0,0.3,10,10.0,898
857,28,17,0.7,1.0,0.3,10,10.0,899
858,28,18,0.7,1.0,0.3,10,10.0,900
859,28,19,0.7,1.0,0.3,10,10.0,901
860,28,20,0.7,1.0,0.3,10,10.0,902
861,28,21,0.7,1.0,0.3,10,10.0,903
862,28,22,0.7,1.0,0.3,10,10.0,904
863,28,23,0.7,1.0,0.3,10,10.0,905
864,28,24,0.7,1.0,0.3,10,10.0,906
865,28,25,0.7,1.0,0.3,10,10.0,907
866,28,26,0.7,1.0,0.3,10,10.0,908
867,28,27,0.7,1.0,0.3,10,10.0,909
868,28,28,0.7,1.0,0.3,10,10.0,910
869,28,29,0.7,1.0,0.3,10,10.0,911
870,29,0,0.7,1.0,0.3,25,10.0,912
871,29,1,0.7,1.0,0.3,25,10.0,913
872,29,2,0.7,1.0,0.3,25,10.0,914
873,29,3,0.7,1.0,0.3,25,10.0,915
874,29,4,0.7,1.0,0.3,25,10.0,916
875,29,5,0.7,1.0,0.3,25,10.0,917
876,29,6,0.7,1.0,0.3,25,10.0,918
877,29,7,0.7,1.0,0.3,25,10.0,919
878,29,8,0.7,1.0,0.3,25,10.0,920
879,29,9,0.7,1.0,0.3,25,10.0,921
880,29,10,0.7,1.0,0.3,25,10.0,922
881,29,11,0.7,1.0,0.3,25,10.0,923
882,29,12,0.7,1.0,0.3,25,10.0,924
883,29,13,0.7,1.0,0.3,25,10.0,925
884,29,14,0.7,1.0,0.3,25,10.0,926
885,29,15,0.7,1.0,0.3,25,10.0,927
886,29,16,0.7,1.0,0.3,25,10.0,928
887,29,17,0.7,1.0,0.3,25,10.0,929
888,29,18,0.7,1.0,0.3,25,10.0,930
889,29,19,0.7,1.0,0.3,25,10.0,931
890,29,20,0.7,1.0,0.3,25,10.0,932
891,29,21,0.7,1.0,0.3,25,10.0,933
892,29,22,0.7,1.0,0.3,25,10.0,934
893,29,23,0.7,1.0,0.3,25,10.0,935
894,29,24,0.7,1.0,0.3,25,10.0,936
895,29,25,0.7,1.0,0.3,25,10.0,937
896,29,26,0.7,1.0,0.3,25,10.0,938
897,29,27,0.7,1.0,0.3,25,10.0,939
898,29,28,0.7,1.0,0.3,25,10.0,940
899,29,29,0.7,1.0,0.3,25,10.0,941
900,30,0,0.7,1.0,0.3,50,10.0,942
901,30,1,0.7,1.0,0.3,50,10.0,943
902,30,2,0.7,1.0,0.3,50,10.0,944
903,30,3,0.7,1.0,0.3,50,10.0,945
904,30,4,0.7,1.0,0.3,50,10.0,946
905,30,5,0.7,1.0,0.3,50,10.0,947
906,30,6,0.7,1.0,0.3,50,10.0,948
907,30,7,0.7,1.0,0.3,50,10.0,949
908,30,8,0.7,1.0,0.3,50,10.0,950
909,30,9,0.7,1.0,0.3,50,10.0,951
910,30,10,0.7,1.0,0.3,50,10.0,952
911,30,11,0.7,1.0,0.3,50,10.0,953
912,30,12,0.7,1.0,0.3,50,10.0,954
913,30,13,0.7,1.0,0.3,50,10.0,955
914,30,14,0.7,1.0,0.3,50,10.0,956
915,30,15,0.7,1.0,0.3,50,10.0,957
916,30,16,0.7,1.0,0.3,50,10.0,958
917,30,17,0.7,1.0,0.3,50,10.0,959
918,30,18,0.7,1.0,0.3,50,10.0,960
919,30,19,0.7,1.0,0.3,50,10.0,961
920,30,20,0.7,1.0,0.3,50,10.0,962
921,30,21,0.7,1.0,0.3,50,10.0,963
922,30,22,0.7,1.0,0.3,50,10.0,964
923,30,23,0.7,1.0,0.3,50,10.0,965
924,30,24,0.7,1.0,0.3,50,10.0,966
925,30,25,0.7,1.0,0.3,50,10.0,967
926,30,26,0.7,1.0,0.3,50,10.0,968
927,30,27,0.7,1.0,0.3,50,10.0,969
928,30,28,0.7,1.0,0.3,50,10.0,970
929,30,29,0.7,1.0,0.3,50,10.0,971
930,31,0,0.7,1.0,0.3,100,10.0,972
931,31,1,0.7,1.0,0.3,100,10.0,973
932,31,2,0.7,1.0,0.3,100,10.0,974
933,31,3,0.7,1.0,0.3,100,10.0,975
934,31,4,0.7,1.0,0.3,100,10.0,976
935,31,5,0.7,1.0,0.3,100,10.0,977
936,31,6,0.7,1.0,0.3,100,10.0,978
937,31,7,0.7,1.0,0.3,100,10.0,979
938,31,8,0.7,1.0,0.3,100,10.0,980
939,31,9,0.7,1.0,0.3,100,10.0,981
940,31,10,0.7,1.0,0.3,100,10.0,982
941,31,11,0.7,1.0,0.3,100,10.0,983
942,31,12,0.7,1.0,0.3,100,10.0,984
943,31,13,0.7,1.0,0.3,100,10.0,985
944,31,14,0.7,1.0,0.3,100,10.0,986
945,31,15,0.7,1.0,0.3,100,10.0,987
946,31,16,0.7,1.0,0.3,100,10.0,988
947,31,17,0.7,1.0,0.3,100,10.0,989
948,31,18,0.7,1.0,0.3,100,10.0,990
949,31,19,0.7,1.0,0.3,100,10.0,991
950,31,20,0.7,1.0,0.3,100,10.0,992
951,31,21,0.7,1.0,0.3,100,10.0,993
952,31,22,0.7,1.0,0.3,100,10.0,994
953,31,23,0.7,1.0,0.3,100,10.0,995
954,31,24,0.7,1.0,0.3,100,10.0,996
955,31,25,0.7,1.0,0.3,100,10.0,997
956,31,26,0.7,1.0,0.3,100,10.0,998
957,31,27,0.7,1.0,0.3,100,10.0,999
958,31,28,0.7,1.0,0.3,100,10.0,1000
959,31,29,0.7,1.0,0.3,100,10.0,1001
960,32,0,0.7,1.0,0.5,10,10.0,1002
961,32,1,0.7,1.0,0.5,10,10.0,1003
962,32,2,0.7,1.0,0.5,10,10.0,1004
963,32,3,0.7,1.0,0.5,10,10.0,1005
964,32,4,0.7,1.0,0.5,10,10.0,1006
965,32,5,0.7,1.0,0.5,10,10.0,1007
966,32,6,0.7,1.0,0.5,10,10.0,1008
967,32,7,0.7,1.0,0.5,10,10.0,1009
968,32,8,0.7,1.0,0.5,10,10.0,1010
969,32,9,0.7,1.0,0.5,10,10.0,1011
970,32,10,0.7,1.0,0.5,10,10.0,1012
971,32,11,0.7,1.0,0.5,10,10.0,1013
972,32,12,0.7,1.0,0.5,10,10.0,1014
973,32,13,0.7,1.0,0.5,10,10.0,1015
974,32,14,0.7,1.0,0.5,10,10.0,1016
975,32,15,0.7,1.0,0.5,10,10.0,1017
976,32,16,0.7,1.0,0.5,10,10.0,1018
977,32,17,0.7,1.0,0.5,10,10.0,1019
978,32,18,0.7,1.0,0.5,10,10.0,1020
979,32,19,0.7,1.0,0.5,10,10.0,1021
980,32,20,0.7,1.0,0.5,10,10.0,1022
981,32,21,0.7,1.0,0.5,10,10.0,1023
982,32,22,0.7,1.0,0.5,10,10.0,1024
983,32,23,0.7,1.0,0.5,10,10.0,1025
984,32,24,0.7,1.0,0.5,10,10.0,1026
985,32,25,0.7,1.0,0.5,10,10.0,1027
986,32,26,0.7,1.0,0.5,10,10.0,1028
987,32,27,0.7,1.0,0.5,10,10.0,1029
988,32,28,0.7,1.0,0.5,10,10.0,1030
989,32,29,0.7,1.0,0.5,10,10.0,1031
990,33,0,0.7,1.0,0.5,25,10.0,1032
991,33,1,0.7,1.0,0.5,25,10.0,1033
992,33,2,0.7,1.0,0.5,25,10.0,1034
993,33,3,0.7,1.0,0.5,25,10.0,1035
994,33,4,0.7,1.0,0.5,25,10.0,1036
995,33,5,0.7,1.0,0.5,25,10.0,1037
996,33,6,0.7,1.0,0.5,25,10.0,1038
997,33,7,0.7,1.0,0.5,25,10.0,1039
998,33,8,0.7,1.0,0.5,25,10.0,1040
999,33,9,0.7,1.0,0.5,25,10.0,1041
1000,33,10,0.7,1.0,0.5,25,10.0,1042
1001,33,11,0.7,1.0,0.5,25,10.0,1043
1002,33,12,0.7,1.0,0.5,25,10.0,1044
1003,33,13,0.7,1.0,0.5,25,10.0,1045
1004,33,14,0.7,1.0,0.5,25,10.0,1046
1005,33,15,0.7,1.0,0.5,25,10.0,1047
1006,33,16,0.7,1.0,0.5,25,10.0,1048
1007,33,17,0.7,1.0,0.5,25,10.0,1049
1008,33,18,0.7,1.0,0.5,25,10.0,1050
1009,33,19,0.7,1.0,0.5,25,10.0,1051
1010,33,20,0.7,1.0,0.5,25,10.0,1052
1011,33,21,0.7,1.0,0.5,25,10.0,1053
1012,33,22,0.7,1.0,0.5,25,10.0,1054
1013,33,23,0.7,1.0,0.5,25,10.0,1055
1014,33,24,0.7,1.0,0.5,25,10.0,1056
1015,33,25,0.7,1.0,0.5,25,10.0,1057
1016,33,26,0.7,1.0,0.5,25,10.0,1058
1017,33,27,0.7,1.0,0.5,25,10.0,1059
1018,33,28,0.7,1.0,0.5,25,10.0,1060
1019,33,29,0.7,1.0,0.5,25,10.0,1061
1020,34,0,0.7,1.0,0.5,50,10.0,1062
1021,34,1,0.7,1.0,0.5,50,10.0,1063
1022,34,2,0.7,1.0,0.5,50,10.0,1064
1023,34,3,0.7,1.0,0.5,50,10.0,1065
1024,34,4,0.7,1.0,0.5,50,10.0,1066
1025,34,5,0.7,1.0,0.5,50,10.0,1067
1026,34,6,0.7,1.0,0.5,50,10.0,1068
1027,34,7,0.7,1.0,0.5,50,10.0,1069
1028,34,8,0.7,1.0,0.5,50,10.0,1070
1029,34,9,0.7,1.0,0.5,50,10.0,1071
1030,34,10,0.7,1.0,0.5,50,10.0,1072
1031,34,11,0.7,1.0,0.5,50,10.0,1073
1032,34,12,0.7,1.0,0.5,50,10.0,1074
1033,34,13,0.7,1.0,0.5,50,10.0,1075
1034,34,14,0.7,1.0,0.5,50,10.0,1076
1035,34,15,0.7,1.0,0.5,50,10.0,1077
1036,34,16,0.7,1.0,0.5,50,10.0,1078
1037,34,17,0.7,1.0,0.5,50,10.0,1079
1038,34,18,0.7,1.0,0.5,50,10.0,1080
1039,34,19,0.7,1.0,0.5,50,10.0,1081
1040,34,20,0.7,1.0,0.5,50,10.0,1082
1041,34,21,0.7,1.0,0.5,50,10.0,1083
1042,34,22,0.7,1.0,0.5,50,10.0,1084
1043,34,23,0.7,1.0,0.5,50,10.0,1085
1044,34,24,0.7,1.0,0.5,50,10.0,1086
1045,34,25,0.7,1.0,0.5,50,10.0,1087
1046,34,26,0.7,1.0,0.5,50,10.0,1088
1047,34,27,0.7,1.0,0.5,50,10.0,1089
1048,34,28,0.7,1.0,0.5,50,10.0,1090
1049,34,29,0.7,1.0,0.5,50,10.0,1091
1050,35,0,0.7,1.0,0.5,100,10.0,1092
1051,35,1,0.7,1.0,0.5,100,10.0,1093
1052,35,2,0.7,1.0,0.5,100,10.0,1094
1053,35,3,0.7,1.0,0.5,100,10.0,1095
1054,35,4,0.7,1.0,0.5,100,10.0,1096
1055,35,5,0.7,1.0,0.5,100,10.0,1097
1056,35,6,0.7,1.0,0.5,100,10.0,1098
1057,35,7,0.7,1.0,0.5,100,10.0,1099
1058,35,8,0.7,1.0,0.5,100,10.0,1100
1059,35,9,0.7,1.0,0.5,100,10.0,1101
1060,35,10,0.7,1.0,0.5,100,10.0,1102
1061,35,11,0.7,1.0,0.5,100,10.0,1103
1062,35,12,0.7,1.0,0.5,100,10.0,1104
1063,35,13,0.7,1.0,0.5,100,10.0,1105
1064,35,14,0.7,1.0,0.5,100,10.0,1106
1065,35,15,0.7,1.0,0.5,100,10.0,1107
1066,35,16,0.7,1.0,0.5,100,10.0,1108
1067,35,17,0.7,1.0,0.5,100,10.0,1109
1068,35,18,0.7,1.0,0.5,100,10.0,1110
1069,35,19,0.7,1.0,0.5,100,10.0,1111
1070,35,20,0.7,1.0,0.5,100,10.0,1112
1071,35,21,0.7,1.0,0.5,100,10.0,1113
1072,35,22,0.7,1.0,0.5,100,10.0,1114
1073,35,23,0.7,1.0,0.5,100,10.0,1115
1074,35,24,0.7,1.0,0.5,100,10.0,1116
1075,35,25,0.7,1.0,0.5,100,10.0,1117
1076,35,26,0.7,1.0,0.5,100,10.0,1118
1077,35,27,0.7,1.0,0.5,100,10.0,1119
1078,35,28,0.7,1.0,0.5,100,10.0,1120
1079,35,29,0.7,1.0,0.5,100,10.0,1121
1080,36,0,0.7,2.0,0.1,10,10.0,1122
1081,36,1,0.7,2.0,0.1,10,10.0,1123
1082,36,2,0.7,2.0,0.1,10,10.0,1124
1083,36,3,0.7,2.0,0.1,10,10.0,1125
1084,36,4,0.7,2.0,0.1,10,10.0,1126
1085,36,5,0.7,2.0,0.1,10,10.0,1127
1086,36,6,0.7,2.0,0.1,10,10.0,1128
1087,36,7,0.7,2.0,0.1,10,10.0,1129
1088,36,8,0.7,2.0,0.1,10,10.0,1130
1089,36,9,0.7,2.0,0.1,10,10.0,1131
1090,36,10,0.7,2.0,0.1,10,10.0,1132
1091,36,11,0.7,2.0,0.1,10,10.0,1133
1092,36,12,0.7,2.0,0.1,10,10.0,1134
1093,36,13,0.7,2.0,0.1,10,10.0,1135
1094,36,14,0.7,2.0,0.1,10,10.0,1136
1095,36,15,0.7,2.0,0.1,10,10.0,1137
1096,36,16,0.7,2.0,0.1,10,10.0,1138
1097,36,17,0.7,2.0,0.1,10,10.0,1139
1098,36,18,0.7,2.0,0.1,10,10.0,1140
1099,36,19,0.7,2.0,0.1,10,10.0,1141
1100,36,20,0.7,2.0,0.1,10,10.0,1142
1101,36,21,0.7,2.0,0.1,10,10.0,1143
1102,36,22,0.7,2.0,0.1,10,10.0,1144
1103,36,23,0.7,2.0,0.1,10,10.0,1145
1104,36,24,0.7,2.0,0.1,10,10.0,1146
1105,36,25,0.7,2.0,0.1,10,10.0,1147
1106,36,26,0.7,2.0,0.1,10,10.0,1148
1107,36,27,0.7,2.0,0.1,10,10.0,1149
1108,36,28,0.7,2.0,0.1,10,10.0,1150
1109,36,29,0.7,2.0,0.1,10,10.0,1151
1110,37,0,0.7,2.0,0.1,25,10.0,1152
1111,37,1,0.7,2.0,0.1,25,10.0,1153
1112,37,2,0.7,2.0,0.1,25,10.0,1154
1113,37,3,0.7,2.0,0.1,25,10.0,1155
1114,37,4,0.7,2.0,0.1,25,10.0,1156
1115,37,5,0.7,2.0,0.1,25,10.0,1157
1116,37,6,0.7,2.0,0.1,25,10.0,1158
1117,37,7,0.7,2.0,0.1,25,10.0,1159
1118,37,8,0.7,2.0,0.1,25,10.0,1160
1119,37,9,0.7,2.0,0.1,25,10.0,1161
1120,37,10,0.7,2.0,0.1,25,10.0,1162
1121,37,11,0.7,2.0,0.1,25,10.0,1163
1122,37,12,0.7,2.0,0.1,25,10.0,1164
1123,37,13,0.7,2.0,0.1,25,10.0,1165
1124,37,14,0.7,2.0,0.1,25,10.0,1166
1125,37,15,0.7,2.0,0.1,25,10.0,1167
1126,37,16,0.7,2.0,0.1,25,10.0,1168
1127,37,17,0.7,2.0,0.1,25,10.0,1169
1128,37,18,0.7,2.0,0.1,25,10.0,1170
1129,37,19,0.7,2.0,0.1,25,10.0,1171
1130,37,20,0.7,2.0,0.1,25,10.0,1172
1131,37,21,0.7,2.0,0.1,25,10.0,1173
1132,37,22,0.7,2.0,0.1,25,10.0,1174
1133,37,23,0.7,2.0,0.1,25,10.0,1175
1134,37,24,0.7,2.0,0.1,25,10.0,1176
1135,37,25,0.7,2.0,0.1,25,10.0,1177
1136,37,26,0.7,2.0,0.1,25,10.0,1178
1137,37,27,0.7,2.0,0.1,25,10.0,1179
1138,37,28,0.7,2.0,0.1,25,10.0,1180
1139,37,29,0.7,2.0,0.1,25,10.0,1181
1140,38,0,0.7,2.0,0.1,50,10.0,1182
1141,38,1,0.7,2.0,0.1,50,10.0,1183
1142,38,2,0.7,2.0,0.1,50,10.0,1184
1143,38,3,0.7,2.0,0.1,50,10.0,1185
1144,38,4,0.7,2.0,0.1,50,10.0,1186
1145,38,5,0.7,2.0,0.1,50,10.0,1187
1146,38,6,0.7,2.0,0.1,50,10.0,1188
1147,38,7,0.7,2.0,0.1,50,10.0,1189
1148,38,8,0.7,2.0,0.1,50,10.0,1190
1149,38,9,0.7,2.0,0.1,50,10.0,1191
1150,38,10,0.7,2.0,0.1,50,10.0,1192
1151,38,11,0.7,2.0,0.1,50,10.0,1193
1152,38,12,0.7,2.0,0.1,50,10.0,1194
1153,38,13,0.7,2.0,0.1,50,10.0,1195
1154,38,14,0.7,2.0,0.1,50,10.0,1196
1155,38,15,0.7,2.0,0.1,50,10.0,1197
1156,38,16,0.7,2.0,0.1,50,10.0,1198
1157,38,17,0.7,2.0,0.1,50,10.0,1199
1158,38,18,0.7,2.0,0.1,50,10.0,1200
1159,38,19,0.7,2.0,0.1,50,10.0,1201
1160,38,20,0.7,2.0,0.1,50,10.0,1202
1161,38,21,0.7,2.0,0.1,50,10.0,1203
1162,38,22,0.7,2.0,0.1,50,10.0,1204
1163,38,23,0.7,2.0,0.1,50,10.0,1205
1164,38,24,0.7,2.0,0.1,50,10.0,1206
1165,38,25,0.7,2.0,0.1,50,10.0,1207
1166,38,26,0.7,2.0,0.1,50,10.0,1208
1167,38,27,0.7,2.0,0.1,50,10.0,1209
1168,38,28,0.7,2.0,0.1,50,10.0,1210
1169,38,29,0.7,2.0,0.1,50,10.0,1211
1170,39,0,0.7,2.0,0.1,100,10.0,1212
1171,39,1,0.7,2.0,0.1,100,10.0,1213
1172,39,2,0.7,2.0,0.1,100,10.0,1214
1173,39,3,0.7,2.0,0.1,100,10.0,1215
1174,39,4,0.7,2.0,0.1,100,10.0,1216
1175,39,5,0.7,2.0,0.1,100,10.0,1217
1176,39,6,0.7,2.0,0.1,100,10.0,1218
1177,39,7,0.7,2.0,0.1,100,10.0,1219
1178,39,8,0.7,2.0,0.1,100,10.0,1220
1179,39,9,0.7,2.0,0.1,100,10.0,1221
1180,39,10,0.7,2.0,0.1,100,10.0,1222
1181,39,11,0.7,2.0,0.1,100,10.0,1223
1182,39,12,0.7,2.0,0.1,100,10.0,1224
1183,39,13,0.7,2.0,0.1,100,10.0,1225
1184,39,14,0.7,2.0,0.1,100,10.0,1226
1185,39,15,0.7,2.0,0.1,100,10.0,1227
1186,39,16,0.7,2.0,0.1,100,10.0,1228
1187,39,17,0.7,2.0,0.1,100,10.0,1229
1188,39,18,0.7,2.0,0.1,100,10.0,1230
1189,39,19,0.7,2.0,0.1,100,10.0,1231
1190,39,20,0.7,2.0,0.1,100,10.0,1232
1191,39,21,0.7,2.0,0.1,100,10.0,1233
1192,39,22,0.7,2.0,0.1,100,10.0,1234
1193,39,23,0.7,2.0,0.1,100,10.0,1235
1194,39,24,0.7,2.0,0.1,100,10.0,1236
1195,39,25,0.7,2.0,0.1,100,10.0,1237
1196,39,26,0.7,2.0,0.1,100,10.0,1238
1197,39,27,0.7,2.0,0.1,100,10.0,1239
1198,39,28,0.7,2.0,0.1,100,10.0,1240
1199,39,29,0.7,2.0,0.1,100,10.0,1241
1200,40,0,0.7,2.0,0.3,10,10.0,1242
1201,40,1,0.7,2.0,0.3,10,10.0,1243
1202,40,2,0.7,2.0,0.3,10,10.0,1244
1203,40,3,0.7,2.0,0.3,10,10.0,1245
1204,40,4,0.7,2.0,0.3,10,10.0,1246
1205,40,5,0.7,2.0,0.3,10,10.0,1247
1206,40,6,0.7,2.0,0.3,10,10.0,1248
1207,40,7,0.7,2.0,0.3,10,10.0,1249
1208,40,8,0.7,2.0,0.3,10,10.0,1250
1209,40,9,0.7,2.0,0.3,10,10.0,1251
1210,40,10,0.7,2.0,0.3,10,10.0,1252
1211,40,11,0.7,2.0,0.3,10,10.0,1253
1212,40,12,0.7,2.0,0.3,10,10.0,1254
1213,40,13,0.7,2.0,0.3,10,10.0,1255
1214,40,14,0.7,2.0,0.3,10,10.0,1256
1215,40,15,0.7,2.0,0.3,10,10.0,1257
1216,40,16,0.7,2.0,0.3,10,10.0,1258
1217,40,17,0.7,2.0,0.3,10,10.0,1259
1218,40,18,0.7,2.0,0.3,10,10.0,1260
1219,40,19,0.7,2.0,0.3,10,10.0,1261
1220,40,20,0.7,2.0,0.3,10,10.0,1262
1221,40,21,0.7,2.0,0.3,10,10.0,1263
1222,40,22,0.7,2.0,0.3,10,10.0,1264
1223,40,23,0.7,2.0,0.3,10,10.0,1265
1224,40,24,0.7,2.0,0.3,10,10.0,1266
1225,40,25,0.7,2.0,0.3,10,10.0,1267
1226,40,26,0.7,2.0,0.3,10,10.0,1268
1227,40,27,0.7,2.0,0.3,10,10.0,1269
1228,40,28,0.7,2.0,0.3,10,10.0,1270
1229,40,29,0.7,2.0,0.3,10,10.0,1271
1230,41,0,0.7,2.0,0.3,25,10.0,1272
1231,41,1,0.7,2.0,0.3,25,10.0,1273
1232,41,2,0.7,2.0,0.3,25,10.0,1274
1233,41,3,0.7,2.0,0.3,25,10.0,1275
1234,41,4,0.7,2.0,0.3,25,10.0,1276
1235,41,5,0.7,2.0,0.3,25,10.0,1277
1236,41,6,0.7,2.0,0.3,25,10.0,1278
1237,41,7,0.7,2.0,0.3,25,10.0,1279
1238,41,8,0.7,2.0,0.3,25,10.0,1280
1239,41,9,0.7,2.0,0.3,25,10.0,1281
1240,41,10,0.7,2.0,0.3,25,10.0,1282
1241,41,11,0.7,2.0,0.3,25,10.0,1283
1242,41,12,0.7,2.0,0.3,25,10.0,1284
1243,41,13,0.7,2.0,0.3,25,10.0,1285
1244,41,14,0.7,2.0,0.3,25,10.0,1286
1245,41,15,0.7,2.0,0.3,25,10.0,1287
1246,41,16,0.7,2.0,0.3,25,10.0,1288
1247,41,17,0.7,2.0,0.3,25,10.0,1289
1248,41,18,0.7,2.0,0.3,25,10.0,1290
1249,41,19,0.7,2.0,0.3,25,10.0,1291
1250,41,20,0.7,2.0,0.3,25,10.0,1292
1251,41,21,0.7,2.0,0.3,25,10.0,1293
1252,41,22,0.7,2.0,0.3,25,10.0,1294
1253,41,23,0.7,2.0,0.3,25,10.0,1295
1254,41,24,0.7,2.0,0.3,25,10.0,1296
1255,41,25,0.7,2.0,0.3,25,10.0,1297
1256,41,26,0.7,2.0,0.3,25,10.0,1298
1257,41,27,0.7,2.0,0.3,25,10.0,1299
1258,41,28,0.7,2.0,0.3,25,10.0,1300
1259,41,29,0.7,2.0,0.3,25,10.0,1301
1260,42,0,0.7,2.0,0.3,50,10.0,1302
1261,42,1,0.7,2.0,0.3,50,10.0,1303
1262,42,2,0.7,2.0,0.3,50,10.0,1304
1263,42,3,0.7,2.0,0.3,50,10.0,1305
1264,42,4,0.7,2.0,0.3,50,10.0,1306
1265,42,5,0.7,2.0,0.3,50,10.0,1307
1266,42,6,0.7,2.0,0.3,50,10.0,1308
1267,42,7,0.7,2.0,0.3,50,10.0,1309
1268,42,8,0.7,2.0,0.3,50,10.0,1310
1269,42,9,0.7,2.0,0.3,50,10.0,1311
1270,42,10,0.7,2.0,0.3,50,10.0,1312
1271,42,11,0.7,2.0,0.3,50,10.0,1313
1272,42,12,0.7,2.0,0.3,50,10.0,1314
1273,42,13,0.7,2.0,0.3,50,10.0,1315
1274,42,14,0.7,2.0,0.3,50,10.0,1316
1275,42,15,0.7,2.0,0.3,50,10.0,1317
1276,42,16,0.7,2.0,0.3,50,10.0,1318
1277,42,17,0.7,2.0,0.3,50,10.0,1319
1278,42,18,0.7,2.0,0.3,50,10.0,1320
1279,42,19,0.7,2.0,0.3,50,10.0,1321
1280,42,20,0.7,2.0,0.3,50,10.0,1322
1281,42,21,0.7,2.0,0.3,50,10.0,1323
1282,42,22,0.7,2.0,0.3,50,10.0,1324
1283,42,23,0.7,2.0,0.3,50,10.0,1325
1284,42,24,0.7,2.0,0.3,50,10.0,1326
1285,42,25,0.7,2.0,0.3,50,10.0,1327
1286,42,26,0.7,2.0,0.3,50,10.0,1328
1287,42,27,0.7,2.0,0.3,50,10.0,1329
1288,42,28,0.7,2.0,0.3,50,10.0,1330
1289,42,29,0.7,2.0,0.3,50,10.0,1331
1290,43,0,0.7,2.0,0.3,100,10.0,1332
1291,43,1,0.7,2.0,0.3,100,10.0,1333
1292,43,2,0.7,2.0,0.3,100,10.0,1334
1293,43,3,0.7,2.0,0.3,100,10.0,1335
1294,43,4,0.7,2.0,0.3,100,10.0,1336
1295,43,5,0.7,2.0,0.3,100,10.0,1337
1296,43,6,0.7,2.0,0.3,100,10.0,1338
1297,43,7,0.7,2.0,0.3,100,10.0,1339
1298,43,8,0.7,2.0,0.3,100,10.0,1340
1299,43,9,0.7,2.0,0.3,100,10.0,1341
1300,43,10,0.7,2.0,0.3,100,10.0,1342
1301,43,11,0.7,2.0,0.3,100,10.0,1343
1302,43,12,0.7,2.0,0.3,100,10.0,1344
1303,43,13,0.7,2.0,0.3,100,10.0,1345
1304,43,14,0.7,2.0,0.3,100,10.0,1346
1305,43,15,0.7,2.0,0.3,100,10.0,1347
1306,43,16,0.7,2.0,0.3,100,10.0,1348
1307,43,17,0.7,2.0,0.3,100,10.0,1349
1308,43,18,0.7,2.0,0.3,100,10.0,1350
1309,43,19,0.7,2.0,0.3,100,10.0,1351
1310,43,20,0.7,2.0,0.3,100,10.0,1352
1311,43,21,0.7,2.0,0.3,100,10.0,1353
1312,43,22,0.7,2.0,0.3,100,10.0,1354
1313,43,23,0.7,2.0,0.3,100,10.0,1355
1314,43,24,0.7,2.0,0.3,100,10.0,1356
1315,43,25,0.7,2.0,0.3,100,10.0,1357
1316,43,26,0.7,2.0,0.3,100,10.0,1358
1317,43,27,0.7,2.0,0.3,100,10.0,1359
1318,43,28,0.7,2.0,0.3,100,10.0,1360
1319,43,29,0.7,2.0,0.3,100,10.0,1361
1320,44,0,0.7,2.0,0.5,10,10.0,1362
1321,44,1,0.7,2.0,0.5,10,10.0,1363
1322,44,2,0.7,2.0,0.5,10,10.0,1364
1323,44,3,0.7,2.0,0.5,10,10.0,1365
1324,44,4,0.7,2.0,0.5,10,10.0,1366
1325,44,5,0.7,2.0,0.5,10,10.0,1367
1326,44,6,0.7,2.0,0.5,10,10.0,1368
1327,44,7,0.7,2.0,0.5,10,10.0,1369
1328,44,8,0.7,2.0,0.5,10,10.0,1370
1329,44,9,0.7,2.0,0.5,10,10.0,1371
1330,44,10,0.7,2.0,0.5,10,10.0,1372
1331,44,11,0.7,2.0,0.5,10,10.0,1373
1332,44,12,0.7,2.0,0.5,10,10.0,1374
1333,44,13,0.7,2.0,0.5,10,10.0,1375
1334,44,14,0.7,2.0,0.5,10,10.0,1376
1335,44,15,0.7,2.0,0.5,10,10.0,1377
1336,44,16,0.7,2.0,0.5,10,10.0,1378
1337,44,17,0.7,2.0,0.5,10,10.0,1379
1338,44,18,0.7,2.0,0.5,10,10.0,1380
1339,44,19,0.7,2.0,0.5,10,10.0,1381
1340,44,20,0.7,2.0,0.5,10,10.0,1382
1341,44,21,0.7,2.0,0.5,10,10.0,1383
1342,44,22,0.7,2.0,0.5,10,10.0,1384
1343,44,23,0.7,2.0,0.5,10,10.0,1385
1344,44,24,0.7,2.0,0.5,10,10.0,1386
1345,44,25,0.7,2.0,0.5,10,10.0,1387
1346,44,26,0.7,2.0,0.5,10,10.0,1388
1347,44,27,0.7,2.0,0.5,10,10.0,1389
1348,44,28,0.7,2.0,0.5,10,10.0,1390
1349,44,29,0.7,2.0,0.5,10,10.0,1391
1350,45,0,0.7,2.0,0.5,25,10.0,1392
1351,45,1,0.7,2.0,0.5,25,10.0,1393
1352,45,2,0.7,2.0,0.5,25,10.0,1394
1353,45,3,0.7,2.0,0.5,25,10.0,1395
1354,45,4,0.7,2.0,0.5,25,10.0,1396
1355,45,5,0.7,2.0,0.5,25,10.0,1397
1356,45,6,0.7,2.0,0.5,25,10.0,1398
1357,45,7,0.7,2.0,0.5,25,10.0,1399
1358,45,8,0.7,2.0,0.5,25,10.0,1400
1359,45,9,0.7,2.0,0.5,25,10.0,1401
1360,45,10,0.7,2.0,0.5,25,10.0,1402
1361,45,11,0.7,2.0,0.5,25,10.0,1403
1362,45,12,0.7,2.0,0.5,25,10.0,1404
1363,45,13,0.7,2.0,0.5,25,10.0,1405
1364,45,14,0.7,2.0,0.5,25,10.0,1406
1365,45,15,0.7,2.0,0.5,25,10.0,1407
1366,45,16,0.7,2.0,0.5,25,10.0,1408
1367,45,17,0.7,2.0,0.5,25,10.0,1409
1368,45,18,0.7,2.0,0.5,25,10.0,1410
1369,45,19,0.7,2.0,0.5,25,10.0,1411
1370,45,20,0.7,2.0,0.5,25,10.0,1412
1371,45,21,0.7,2.0,0.5,25,10.0,1413
1372,45,22,0.7,2.0,0.5,25,10.0,1414
1373,45,23,0.7,2.0,0.5,25,10.0,1415
1374,45,24,0.7,2.0,0.5,25,10.0,1416
1375,45,25,0.7,2.0,0.5,25,10.0,1417
1376,45,26,0.7,2.0,0.5,25,10.0,1418
1377,45,27,0.7,2.0,0.5,25,10.0,1419
1378,45,28,0.7,2.0,0.5,25,10.0,1420
1379,45,29,0.7,2.0,0.5,25,10.0,1421
1380,46,0,0.7,2.0,0.5,50,10.0,1422
1381,46,1,0.7,2.0,0.5,50,10.0,1423
1382,46,2,0.7,2.0,0.5,50,10.0,1424
1383,46,3,0.7,2.0,0.5,50,10.0,1425
1384,46,4,0.7,2.0,0.5,50,10.0,1426
1385,46,5,0.7,2.0,0.5,50,10.0,1427
1386,46,6,0.7,2.0,0.5,50,10.0,1428
1387,46,7,0.7,2.0,0.5,50,10.0,1429
1388,46,8,0.7,2.0,0.5,50,10.0,1430
1389,46,9,0.7,2.0,0.5,50,10.0,1431
1390,46,10,0.7,2.0,0.5,50,10.0,1432
1391,46,11,0.7,2.0,0.5,50,10.0,1433
1392,46,12,0.7,2.0,0.5,50,10.0,1434
1393,46,13,0.7,2.0,0.5,50,10.0,1435
1394,46,14,0.7,2.0,0.5,50,10.0,1436
1395,46,15,0.7,2.0,0.5,50,10.0,1437
1396,46,16,0.7,2.0,0.5,50,10.0,1438
1397,46,17,0.7,2.0,0.5,50,10.0,1439
1398,46,18,0.7,2.0,0.5,50,10.0,1440
1399,46,19,0.7,2.0,0.5,50,10.0,1441
1400,46,20,0.7,2.0,0.5,50,10.0,1442
1401,46,21,0.7,2.0,0.5,50,10.0,1443
1402,46,22,0.7,2.0,0.5,50,10.0,1444
1403,46,23,0.7,2.0,0.5,50,10.0,1445
1404,46,24,0.7,2.0,0.5,50,10.0,1446
1405,46,25,0.7,2.0,0.5,50,10.0,1447
1406,46,26,0.7,2.0,0.5,50,10.0,1448
1407,46,27,0.7,2.0,0.5,50,10.0,1449
1408,46,28,0.7,2.0,0.5,50,10.0,1450
1409,46,29,0.7,2.0,0.5,50,10.0,1451
1410,47,0,0.7,2.0,0.5,100,10.0,1452
1411,47,1,0.7,2.0,0.5,100,10.0,1453
1412,47,2,0.7,2.0,0.5,100,10.0,1454
1413,47,3,0.7,2.0,0.5,100,10.0,1455
1414,47,4,0.7,2.0,0.5,100,10.0,1456
1415,47,5,0.7,2.0,0.5,100,10.0,1457
1416,47,6,0.7,2.0,0.5,100,10.0,1458
1417,47,7,0.7,2.0,0.5,100,10.0,1459
1418,47,8,0.7,2.0,0.5,100,10.0,1460
1419,47,9,0.7,2.0,0.5,100,10.0,1461
1420,47,10,0.7,2.0,0.5,100,10.0,1462
1421,47,11,0.7,2.0,0.5,100,10.0,1463
1422,47,12,0.7,2.0,0.5,100,10.0,1464
1423,47,13,0.7,2.0,0.5,100,10.0,1465
1424,47,14,0.7,2.0,0.5,100,10.0,1466
1425,47,15,0.7,2.0,0.5,100,10.0,1467
1426,47,16,0.7,2.0,0.5,100,10.0,1468
1427,47,17,0.7,2.0,0.5,100,10.0,1469
1428,47,18,0.7,2.0,0.5,100,10.0,1470
1429,47,19,0.7,2.0,0.5,100,10.0,1471
1430,47,20,0.7,2.0,0.5,100,10.0,1472
1431,47,21,0.7,2.0,0.5,100,10.0,1473
1432,47,22,0.7,2.0,0.5,100,10.0,1474
1433,47,23,0.7,2.0,0.5,100,10.0,1475
1434,47,24,0.7,2.0,0.5,100,10.0,1476
1435,47,25,0.7,2.0,0.5,100,10.0,1477
1436,47,26,0.7,2.0,0.5,100,10.0,1478
1437,47,27,0.7,2.0,0.5,100,10.0,1479
1438,47,28,0.7,2.0,0.5,100,10.0,1480
1439,47,29,0.7,2.0,0.5,100,10.0,1481
1440,48,0,0.8,0.2,0.1,10,10.0,1482
1441,48,1,0.8,0.2,0.1,10,10.0,1483
1442,48,2,0.8,0.2,0.1,10,10.0,1484
1443,48,3,0.8,0.2,0.1,10,10.0,1485
1444,48,4,0.8,0.2,0.1,10,10.0,1486
1445,48,5,0.8,0.2,0.1,10,10.0,1487
1446,48,6,0.8,0.2,0.1,10,10.0,1488
1447,48,7,0.8,0.2,0.1,10,10.0,1489
1448,48,8,0.8,0.2,0.1,10,10.0,1490
1449,48,9,0.8,0.2,0.1,10,10.0,1491
1450,48,10,0.8,0.2,0.1,10,10.0,1492
1451,48,11,0.8,0.2,0.1,10,10.0,1493
1452,48,12,0.8,0.2,0.1,10,10.0,1494
1453,48,13,0.8,0.2,0.1,10,10.0,1495
1454,48,14,0.8,0.2,0.1,10,10.0,1496
1455,48,15,0.8,0.2,0.1,10,10.0,1497
1456,48,16,0.8,0.2,0.1,10,10.0,1498
1457,48,17,0.8,0.2,0.1,10,10.0,1499
1458,48,18,0.8,0.2,0.1,10,10.0,1500
1459,48,19,0.8,0.2,0.1,10,10.0,1501
1460,48,20,0.8,0.2,0.1,10,10.0,1502
1461,48,21,0.8,0.2,0.1,10,10.0,1503
1462,48,22,0.8,0.2,0.1,10,10.0,1504
1463,48,23,0.8,0.2,0.1,10,10.0,1505
1464,48,24,0.8,0.2,0.1,10,10.0,1506
1465,48,25,0.8,0.2,0.1,10,10.0,1507
1466,48,26,0.8,0.2,0.1,10,10.0,1508
1467,48,27,0.8,0.2,0.1,10,10.0,1509
1468,48,28,0.8,0.2,0.1,10,10.0,1510
1469,48,29,0.8,0.2,0.1,10,10.0,1511
1470,49,0,0.8,0.2,0.1,25,10.0,1512
1471,49,1,0.8,0.2,0.1,25,10.0,1513
1472,49,2,0.8,0.2,0.1,25,10.0,1514
1473,49,3,0.8,0.2,0.1,25,10.0,1515
1474,49,4,0.8,0.2,0.1,25,10.0,1516
1475,49,5,0.8,0.2,0.1,25,10.0,1517
1476,49,6,0.8,0.2,0.1,25,10.0,1518
1477,49,7,0.8,0.2,0.1,25,10.0,1519
1478,49,8,0.8,0.2,0.1,25,10.0,1520
1479,49,9,0.8,0.2,0.1,25,10.0,1521
1480,49,10,0.8,0.2,0.1,25,10.0,1522
1481,49,11,0.8,0.2,0.1,25,10.0,1523
1482,49,12,0.8,0.2,0.1,25,10.0,1524
1483,49,13,0.8,0.2,0.1,25,10.0,1525
1484,49,14,0.8,0.2,0.1,25,10.0,1526
1485,49,15,0.8,0.2,0.1,25,10.0,1527
1486,49,16,0.8,0.2,0.1,25,10.0,1528
1487,49,17,0.8,0.2,0.1,25,10.0,1529
1488,49,18,0.8,0.2,0.1,25,10.0,1530
1489,49,19,0.8,0.2,0.1,25,10.0,1531
1490,49,20,0.8,0.2,0.1,25,10.0,1532
1491,49,21,0.8,0.2,0.1,25,10.0,1533
1492,49,22,0.8,0.2,0.1,25,10.0,1534
1493,49,23,0.8,0.2,0.1,25,10.0,1535
1494,49,24,0.8,0.2,0.1,25,10.0,1536
1495,49,25,0.8,0.2,0.1,25,10.0,1537
1496,49,26,0.8,0.2,0.1,25,10.0,1538
1497,49,27,0.8,0.2,0.1,25,10.0,1539
1498,49,28,0.8,0.2,0.1,25,10.0,1540
1499,49,29,0.8,0.2,0.1,25,10.0,1541
1500,50,0,0.8,0.2,0.1,50,10.0,1542
1501,50,1,0.8,0.2,0.1,50,10.0,1543
1502,50,2,0.8,0.2,0.1,50,10.0,1544
1503,50,3,0.8,0.2,0.1,50,10.0,1545
1504,50,4,0.8,0.2,0.1,50,10.0,1546
1505,50,5,0.8,0.2,0.1,50,10.0,1547
1506,50,6,0.8,0.2,0.1,50,10.0,1548
1507,50,7,0.8,0.2,0.1,50,10.0,1549
1508,50,8,0.8,0.2,0.1,50,10.0,1550
1509,50,9,0.8,0.2,0.1,50,10.0,1551
1510,50,10,0.8,0.2,0.1,50,10.0,1552
1511,50,11,0.8,0.2,0.1,50,10.0,1553
1512,50,12,0.8,0.2,0.1,50,10.0,1554
1513,50,13,0.8,0.2,0.1,50,10.0,1555
1514,50,14,0.8,0.2,0.1,50,10.0,1556
1515,50,15,0.8,0.2,0.1,50,10.0,1557
1516,50,16,0.8,0.2,0.1,50,10.0,1558
1517,50,17,0.8,0.2,0.1,50,10.0,1559
1518,50,18,0.8,0.2,0.1,50,10.0,1560
1519,50,19,0.8,0.2,0.1,50,10.0,1561
1520,50,20,0.8,0.2,0.1,50,10.0,1562
1521,50,21,0.8,0.2,0.1,50,10.0,1563
1522,50,22,0.8,0.2,0.1,50,10.0,1564
1523,50,23,0.8,0.2,0.1,50,10.0,1565
1524,50,24,0.8,0.2,0.1,50,10.0,1566
1525,50,25,0.8,0.2,0.1,50,10.0,1567
1526,50,26,0.8,0.2,0.1,50,10.0,1568
1527,50,27,0.8,0.2,0.1,50,10.0,1569
1528,50,28,0.8,0.2,0.1,50,10.0,1570
1529,50,29,0.8,0.2,0.1,50,10.0,1571
1530,51,0,0.8,0.2,0.1,100,10.0,1572
1531,51,1,0.8,0.2,0.1,100,10.0,1573
1532,51,2,0.8,0.2,0.1,100,10.0,1574
1533,51,3,0.8,0.2,0.1,100,10.0,1575
1534,51,4,0.8,0.2,0.1,100,10.0,1576
1535,51,5,0.8,0.2,0.1,100,10.0,1577
1536,51,6,0.8,0.2,0.1,100,10.0,1578
1537,51,7,0.8,0.2,0.1,100,10.0,1579
1538,51,8,0.8,0.2,0.1,100,10.0,1580
1539,51,9,0.8,0.2,0.1,100,10.0,1581
1540,51,10,0.8,0.2,0.1,100,10.0,1582
1541,51,11,0.8,0.2,0.1,100,10.0,1583
1542,51,12,0.8,0.2,0.1,100,10.0,1584
1543,51,13,0.8,0.2,0.1,100,10.0,1585
1544,51,14,0.8,0.2,0.1,100,10.0,1586
1545,51,15,0.8,0.2,0.1,100,10.0,1587
1546,51,16,0.8,0.2,0.1,100,10.0,1588
1547,51,17,0.8,0.2,0.1,100,10.0,1589
1548,51,18,0.8,0.2,0.1,100,10.0,1590
1549,51,19,0.8,0.2,0.1,100,10.0,1591
1550,51,20,0.8,0.2,0.1,100,10.0,1592
1551,51,21,0.8,0.2,0.1,100,10.0,1593
1552,51,22,0.8,0.2,0.1,100,10.0,1594
1553,51,23,0.8,0.2,0.1,100,10.0,1595
1554,51,24,0.8,0.2,0.1,100,10.0,1596
1555,51,25,0.8,0.2,0.1,100,10.0,1597
1556,51,26,0.8,0.2,0.1,100,10.0,1598
1557,51,27,0.8,0.2,0.1,100,10.0,1599
1558,51,28,0.8,0.2,0.1,100,10.0,1600
1559,51,29,0.8,0.2,0.1,100,10.0,1601
1560,52,0,0.8,0.2,0.3,10,10.0,1602
1561,52,1,0.8,0.2,0.3,10,10.0,1603
1562,52,2,0.8,0.2,0.3,10,10.0,1604
1563,52,3,0.8,0.2,0.3,10,10.0,1605
1564,52,4,0.8,0.2,0.3,10,10.0,1606
1565,52,5,0.8,0.2,0.3,10,10.0,1607
1566,52,6,0.8,0.2,0.3,10,10.0,1608
1567,52,7,0.8,0.2,0.3,10,10.0,1609
1568,52,8,0.8,0.2,0.3,10,10.0,1610
1569,52,9,0.8,0.2,0.3,10,10.0,1611
1570,52,10,0.8,0.2,0.3,10,10.0,1612
1571,52,11,0.8,0.2,0.3,10,10.0,1613
1572,52,12,0.8,0.2,0.3,10,10.0,1614
1573,52,13,0.8,0.2,0.3,10,10.0,1615
1574,52,14,0.8,0.2,0.3,10,10.0,1616
1575,52,15,0.8,0.2,0.3,10,10.0,1617
1576,52,16,0.8,0.2,0.3,10,10.0,1618
1577,52,17,0.8,0.2,0.3,10,10.0,1619
1578,52,18,0.8,0.2,0.3,10,10.0,1620
1579,52,19,0.8,0.2,0.3,10,10.0,1621
1580,52,20,0.8,0.2,0.3,10,10.0,1622
1581,52,21,0.8,0.2,0.3,10,10.0,1623
1582,52,22,0.8,0.2,0.3,10,10.0,1624
1583,52,23,0.8,0.2,0.3,10,10.0,1625
1584,52,24,0.8,0.2,0.3,10,10.0,1626
1585,52,25,0.8,0.2,0.3,10,10.0,1627
1586,52,26,0.8,0.2,0.3,10,10.0,1628
1587,52,27,0.8,0.2,0.3,10,10.0,1629
1588,52,28,0.8,0.2,0.3,10,10.0,1630
1589,52,29,0.8,0.2,0.3,10,10.0,1631
1590,53,0,0.8,0.2,0.3,25,10.0,1632
1591,53,1,0.8,0.2,0.3,25,10.0,1633
1592,53,2,0.8,0.2,0.3,25,10.0,1634
1593,53,3,0.8,0.2,0.3,25,10.0,1635
1594,53,4,0.8,0.2,0.3,25,10.0,1636
1595,53,5,0.8,0.2,0.3,25,10.0,1637
1596,53,6,0.8,0.2,0.3,25,10.0,1638
1597,53,7,0.8,0.2,0.3,25,10.0,1639
1598,53,8,0.8,0.2,0.3,25,10.0,1640
1599,53,9,0.8,0.2,0.3,25,10.0,1641
1600,53,10,0.8,0.2,0.3,25,10.0,1642
1601,53,11,0.8,0.2,0.3,25,10.0,1643
1602,53,12,0.8,0.2,0.3,25,10.0,1644
1603,53,13,0.8,0.2,0.3,25,10.0,1645
1604,53,14,0.8,0.2,0.3,25,10.0,1646
1605,53,15,0.8,0.2,0.3,25,10.0,1647
1606,53,16,0.8,0.2,0.3,25,10.0,1648
1607,53,17,0.8,0.2,0.3,25,10.0,1649
1608,53,18,0.8,0.2,0.3,25,10.0,1650
1609,53,19,0.8,0.2,0.3,25,10.0,1651
1610,53,20,0.8,0.2,0.3,25,10.0,1652
1611,53,21,0.8,0.2,0.3,25,10.0,1653
1612,53,22,0.8,0.2,0.3,25,10.0,1654
1613,53,23,0.8,0.2,0.3,25,10.0,1655
1614,53,24,0.8,0.2,0.3,25,10.0,1656
1615,53,25,0.8,0.2,0.3,25,10.0,1657
1616,53,26,0.8,0.2,0.3,25,10.0,1658
1617,53,27,0.8,0.2,0.3,25,10.0,1659
1618,53,28,0.8,0.2,0.3,25,10.0,1660
1619,53,29,0.8,0.2,0.3,25,10.0,1661
1620,54,0,0.8,0.2,0.3,50,10.0,1662
1621,54,1,0.8,0.2,0.3,50,10.0,1663
1622,54,2,0.8,0.2,0.3,50,10.0,1664
1623,54,3,0.8,0.2,0.3,50,10.0,1665
1624,54,4,0.8,0.2,0.3,50,10.0,1666
1625,54,5,0.8,0.2,0.3,50,10.0,1667
1626,54,6,0.8,0.2,0.3,50,10.0,1668
1627,54,7,0.8,0.2,0.3,50,10.0,1669
1628,54,8,0.8,0.2,0.3,50,10.0,1670
1629,54,9,0.8,0.2,0.3,50,10.0,1671
1630,54,10,0.8,0.2,0.3,50,10.0,1672
1631,54,11,0.8,0.2,0.3,50,10.0,1673
1632,54,12,0.8,0.2,0.3,50,10.0,1674
1633,54,13,0.8,0.2,0.3,50,10.0,1675
1634,54,14,0.8,0.2,0.3,50,10.0,1676
1635,54,15,0.8,0.2,0.3,50,10.0,1677
1636,54,16,0.8,0.2,0.3,50,10.0,1678
1637,54,17,0.8,0.2,0.3,50,10.0,1679
1638,54,18,0.8,0.2,0.3,50,10.0,1680
1639,54,19,0.8,0.2,0.3,50,10.0,1681
1640,54,20,0.8,0.2,0.3,50,10.0,1682
1641,54,21,0.8,0.2,0.3,50,10.0,1683
1642,54,22,0.8,0.2,0.3,50,10.0,1684
1643,54,23,0.8,0.2,0.3,50,10.0,1685
1644,54,24,0.8,0.2,0.3,50,10.0,1686
1645,54,25,0.8,0.2,0.3,50,10.0,1687
1646,54,26,0.8,0.2,0.3,50,10.0,1688
1647,54,27,0.8,0.2,0.3,50,10.0,1689
1648,54,28,0.8,0.2,0.3,50,10.0,1690
1649,54,29,0.8,0.2,0.3,50,10.0,1691
1650,55,0,0.8,0.2,0.3,100,10.0,1692
1651,55,1,0.8,0.2,0.3,100,10.0,1693
1652,55,2,0.8,0.2,0.3,100,10.0,1694
1653,55,3,0.8,0.2,0.3,100,10.0,1695
1654,55,4,0.8,0.2,0.3,100,10.0,1696
1655,55,5,0.8,0.2,0.3,100,10.0,1697
1656,55,6,0.8,0.2,0.3,100,10.0,1698
1657,55,7,0.8,0.2,0.3,100,10.0,1699
1658,55,8,0.8,0.2,0.3,100,10.0,1700
1659,55,9,0.8,0.2,0.3,100,10.0,1701
1660,55,10,0.8,0.2,0.3,100,10.0,1702
1661,55,11,0.8,0.2,0.3,100,10.0,1703
1662,55,12,0.8,0.2,0.3,100,10.0,1704
1663,55,13,0.8,0.2,0.3,100,10.0,1705
1664,55,14,0.8,0.2,0.3,100,10.0,1706
1665,55,15,0.8,0.2,0.3,100,10.0,1707
1666,55,16,0.8,0.2,0.3,100,10.0,1708
1667,55,17,0.8,0.2,0.3,100,10.0,1709
1668,55,18,0.8,0.2,0.3,100,10.0,1710
1669,55,19,0.8,0.2,0.3,100,10.0,1711
1670,55,20,0.8,0.2,0.3,100,10.0,1712
1671,55,21,0.8,0.2,0.3,100,10.0,1713
1672,55,22,0.8,0.2,0.3,100,10.0,1714
1673,55,23,0.8,0.2,0.3,100,10.0,1715
1674,55,24,0.8,0.2,0.3,100,10.0,1716
1675,55,25,0.8,0.2,0.3,100,10.0,1717
1676,55,26,0.8,0.2,0.3,100,10.0,1718
1677,55,27,0.8,0.2,0.3,100,10.0,1719
1678,55,28,0.8,0.2,0.3,100,10.0,1720
1679,55,29,0.8,0.2,0.3,100,10.0,1721
1680,56,0,0.8,0.2,0.5,10,10.0,1722
1681,56,1,0.8,0.2,0.5,10,10.0,1723
1682,56,2,0.8,0.2,0.5,10,10.0,1724
1683,56,3,0.8,0.2,0.5,10,10.0,1725
1684,56,4,0.8,0.2,0.5,10,10.0,1726
1685,56,5,0.8,0.2,0.5,10,10.0,1727
1686,56,6,0.8,0.2,0.5,10,10.0,1728
1687,56,7,0.8,0.2,0.5,10,10.0,1729
1688,56,8,0.8,0.2,0.5,10,10.0,1730
1689,56,9,0.8,0.2,0.5,10,10.0,1731
1690,56,10,0.8,0.2,0.5,10,10.0,1732
1691,56,11,0.8,0.2,0.5,10,10.0,1733
1692,56,12,0.8,0.2,0.5,10,10.0,1734
1693,56,13,0.8,0.2,0.5,10,10.0,1735
1694,56,14,0.8,0.2,0.5,10,10.0,1736
1695,56,15,0.8,0.2,0.5,10,10.0,1737
1696,56,16,0.8,0.2,0.5,10,10.0,1738
1697,56,17,0.8,0.2,0.5,10,10.0,1739
1698,56,18,0.8,0.2,0.5,10,10.0,1740
1699,56,19,0.8,0.2,0.5,10,10.0,1741
1700,56,20,0.8,0.2,0.5,10,10.0,1742
1701,56,21,0.8,0.2,0.5,10,10.0,1743
1702,56,22,0.8,0.2,0.5,10,10.0,1744
1703,56,23,0.8,0.2,0.5,10,10.0,1745
1704,56,24,0.8,0.2,0.5,10,10.0,1746
1705,56,25,0.8,0.2,0.5,10,10.0,1747
1706,56,26,0.8,0.2,0.5,10,10.0,1748
1707,56,27,0.8,0.2,0.5,10,10.0,1749
1708,56,28,0.8,0.2,0.5,10,10.0,1750
1709,56,29,0.8,0.2,0.5,10,10.0,1751
1710,57,0,0.8,0.2,0.5,25,10.0,1752
1711,57,1,0.8,0.2,0.5,25,10.0,1753
1712,57,2,0.8,0.2,0.5,25,10.0,1754
1713,57,3,0.8,0.2,0.5,25,10.0,1755
1714,57,4,0.8,0.2,0.5,25,10.0,1756
1715,57,5,0.8,0.2,0.5,25,10.0,1757
1716,57,6,0.8,0.2,0.5,25,10.0,1758
1717,57,7,0.8,0.2,0.5,25,10.0,1759
1718,57,8,0.8,0.2,0.5,25,10.0,1760
1719,57,9,0.8,0.2,0.5,25,10.0,1761
1720,57,10,0.8,0.2,0.5,25,10.0,1762
1721,57,11,0.8,0.2,0.5,25,10.0,1763
1722,57,12,0.8,0.2,0.5,25,10.0,1764
1723,57,13,0.8,0.2,0.5,25,10.0,1765
1724,57,14,0.8,0.2,0.5,25,10.0,1766
1725,57,15,0.8,0.2,0.5,25,10.0,1767
1726,57,16,0.8,0.2,0.5,25,10.0,1768
1727,57,17,0.8,0.2,0.5,25,10.0,1769
1728,57,18,0.8,0.2,0.5,25,10.0,1770
1729,57,19,0.8,0.2,0.5,25,10.0,1771
1730,57,20,0.8,0.2,0.5,25,10.0,1772
1731,57,21,0.8,0.2,0.5,25,10.0,1773
1732,57,22,0.8,0.2,0.5,25,10.0,1774
1733,57,23,0.8,0.2,0.5,25,10.0,1775
1734,57,24,0.8,0.2,0.5,25,10.0,1776
1735,57,25,0.8,0.2,0.5,25,10.0,1777
1736,57,26,0.8,0.2,0.5,25,10.0,1778
1737,57,27,0.8,0.2,0.5,25,10.0,1779
1738,57,28,0.8,0.2,0.5,25,10.0,1780
1739,57,29,0.8,0.2,0.5,25,10.0,1781
1740,58,0,0.8,0.2,0.5,50,10.0,1782
1741,58,1,0.8,0.2,0.5,50,10.0,1783
1742,58,2,0.8,0.2,0.5,50,10.0,1784
1743,58,3,0.8,0.2,0.5,50,10.0,1785
1744,58,4,0.8,0.2,0.5,50,10.0,1786
1745,58,5,0.8,0.2,0.5,50,10.0,1787
1746,58,6,0.8,0.2,0.5,50,10.0,1788
1747,58,7,0.8,0.2,0.5,50,10.0,1789
1748,58,8,0.8,0.2,0.5,50,10.0,1790
1749,58,9,0.8,0.2,0.5,50,10.0,1791
1750,58,10,0.8,0.2,0.5,50,10.0,1792
1751,58,11,0.8,0.2,0.5,50,10.0,1793
1752,58,12,0.8,0.2,0.5,50,10.0,1794
1753,58,13,0.8,0.2,0.5,50,10.0,1795
1754,58,14,0.8,0.2,0.5,50,10.0,1796
1755,58,15,0.8,0.2,0.5,50,10.0,1797
1756,58,16,0.8,0.2,0.5,50,10.0,1798
1757,58,17,0.8,0.2,0.5,50,10.0,1799
1758,58,18,0.8,0.2,0.5,50,10.0,1800
1759,58,19,0.8,0.2,0.5,50,10.0,1801
1760,58,20,0.8,0.2,0.5,50,10.0,1802
1761,58,21,0.8,0.2,0.5,50,10.0,1803
1762,58,22,0.8,0.2,0.5,50,10.0,1804
1763,58,23,0.8,0.2,0.5,50,10.0,1805
1764,58,24,0.8,0.2,0.5,50,10.0,1806
1765,58,25,0.8,0.2,0.5,50,10.0,1807
1766,58,26,0.8,0.2,0.5,50,10.0,1808
1767,58,27,0.8,0.2,0.5,50,10.0,1809
1768,58,28,0.8,0.2,0.5,50,10.0,1810
1769,58,29,0.8,0.2,0.5,50,10.0,1811
1770,59,0,0.8,0.2,0.5,100,10.0,1812
1771,59,1,0.8,0.2,0.5,100,10.0,1813
1772,59,2,0.8,0.2,0.5,100,10.0,1814
1773,59,3,0.8,0.2,0.5,100,10.0,1815
1774,59,4,0.8,0.2,0.5,100,10.0,1816
1775,59,5,0.8,0.2,0.5,100,10.0,1817
1776,59,6,0.8,0.2,0.5,100,10.0,1818
1777,59,7,0.8,0.2,0.5,100,10.0,1819
1778,59,8,0.8,0.2,0.5,100,10.0,1820
1779,59,9,0.8,0.2,0.5,100,10.0,1821
1780,59,10,0.8,0.2,0.5,100,10.0,1822
1781,59,11,0.8,0.2,0.5,100,10.0,1823
1782,59,12,0.8,0.2,0.5,100,10.0,1824
1783,59,13,0.8,0.2,0.5,100,10.0,1825
1784,59,14,0.8,0.2,0.5,100,10.0,1826
1785,59,15,0.8,0.2,0.5,100,10.0,1827
1786,59,16,0.8,0.2,0.5,100,10.0,1828
1787,59,17,0.8,0.2,0.5,100,10.0,1829
1788,59,18,0.8,0.2,0.5,100,10.0,1830
1789,59,19,0.8,0.2,0.5,100,10.0,1831
1790,59,20,0.8,0.2,0.5,100,10.0,1832
1791,59,21,0.8,0.2,0.5,100,10.0,1833
1792,59,22,0.8,0.2,0.5,100,10.0,1834
1793,59,23,0.8,0.2,0.5,100,10.0,1835
1794,59,24,0.8,0.2,0.5,100,10.0,1836
1795,59,25,0.8,0.2,0.5,100,10.0,1837
1796,59,26,0.8,0.2,0.5,100,10.0,1838
1797,59,27,0.8,0.2,0.5,100,10.0,1839
1798,59,28,0.8,0.2,0.5,100,10.0,1840
1799,59,29,0.8,0.2,0.5,100,10.0,1841
1800,60,0,0.8,0.5,0.1,10,10.0,1842
1801,60,1,0.8,0.5,0.1,10,10.0,1843
1802,60,2,0.8,0.5,0.1,10,10.0,1844
1803,60,3,0.8,0.5,0.1,10,10.0,1845
1804,60,4,0.8,0.5,0.1,10,10.0,1846
1805,60,5,0.8,0.5,0.1,10,10.0,1847
1806,60,6,0.8,0.5,0.1,10,10.0,1848
1807,60,7,0.8,0.5,0.1,10,10.0,1849
1808,60,8,0.8,0.5,0.1,10,10.0,1850
1809,60,9,0.8,0.5,0.1,10,10.0,1851
1810,60,10,0.8,0.5,0.1,10,10.0,1852
1811,60,11,0.8,0.5,0.1,10,10.0,1853
1812,60,12,0.8,0.5,0.1,10,10.0,1854
1813,60,13,0.8,0.5,0.1,10,10.0,1855
1814,60,14,0.8,0.5,0.1,10,10.0,1856
1815,60,15,0.8,0.5,0.1,10,10.0,1857
1816,60,16,0.8,0.5,0.1,10,10.0,1858
1817,60,17,0.8,0.5,0.1,10,10.0,1859
1818,60,18,0.8,0.5,0.1,10,10.0,1860
1819,60,19,0.8,0.5,0.1,10,10.0,1861
1820,60,20,0.8,0.5,0.1,10,10.0,1862
1821,60,21,0.8,0.5,0.1,10,10.0,1863
1822,60,22,0.8,0.5,0.1,10,10.0,1864
1823,60,23,0.8,0.5,0.1,10,10.0,1865
1824,60,24,0.8,0.5,0.1,10,10.0,1866
1825,60,25,0.8,0.5,0.1,10,10.0,1867
1826,60,26,0.8,0.5,0.1,10,10.0,1868
1827,60,27,0.8,0.5,0.1,10,10.0,1869
1828,60,28,0.8,0.5,0.1,10,10.0,1870
1829,60,29,0.8,0.5,0.1,10,10.0,1871
1830,61,0,0.8,0.5,0.1,25,10.0,1872
1831,61,1,0.8,0.5,0.1,25,10.0,1873
1832,61,2,0.8,0.5,0.1,25,10.0,1874
1833,61,3,0.8,0.5,0.1,25,10.0,1875
1834,61,4,0.8,0.5,0.1,25,10.0,1876
1835,61,5,0.8,0.5,0.1,25,10.0,1877
1836,61,6,0.8,0.5,0.1,25,10.0,1878
1837,61,7,0.8,0.5,0.1,25,10.0,1879
1838,61,8,0.8,0.5,0.1,25,10.0,1880
1839,61,9,0.8,0.5,0.1,25,10.0,1881
1840,61,10,0.8,0.5,0.1,25,10.0,1882
1841,61,11,0.8,0.5,0.1,25,10.0,1883
1842,61,12,0.8,0.5,0.1,25,10.0,1884
1843,61,13,0.8,0.5,0.1,25,10.0,1885
1844,61,14,0.8,0.5,0.1,25,10.0,1886
1845,61,15,0.8,0.5,0.1,25,10.0,1887
1846,61,16,0.8,0.5,0.1,25,10.0,1888
1847,61,17,0.8,0.5,0.1,25,10.0,1889
1848,61,18,0.8,0.5,0.1,25,10.0,1890
1849,61,19,0.8,0.5,0.1,25,10.0,1891
1850,61,20,0.8,0.5,0.1,25,10.0,1892
1851,61,21,0.8,0.5,0.1,25,10.0,1893
1852,61,22,0.8,0.5,0.1,25,10.0,1894
1853,61,23,0.8,0.5,0.1,25,10.0,1895
1854,61,24,0.8,0.5,0.1,25,10.0,1896
1855,61,25,0.8,0.5,0.1,25,10.0,1897
1856,61,26,0.8,0.5,0.1,25,10.0,1898
1857,61,27,0.8,0.5,0.1,25,10.0,1899
1858,61,28,0.8,0.5,0.1,25,10.0,1900
1859,61,29,0.8,0.5,0.1,25,10.0,1901
1860,62,0,0.8,0.5,0.1,50,10.0,1902
1861,62,1,0.8,0.5,0.1,50,10.0,1903
1862,62,2,0.8,0.5,0.1,50,10.0,1904
1863,62,3,0.8,0.5,0.1,50,10.0,1905
1864,62,4,0.8,0.5,0.1,50,10.0,1906
1865,62,5,0.8,0.5,0.1,50,10.0,1907
1866,62,6,0.8,0.5,0.1,50,10.0,1908
1867,62,7,0.8,0.5,0.1,50,10.0,1909
1868,62,8,0.8,0.5,0.1,50,10.0,1910
1869,62,9,0.8,0.5,0.1,50,10.0,1911
1870,62,10,0.8,0.5,0.1,50,10.0,1912
1871,62,11,0.8,0.5,0.1,50,10.0,1913
1872,62,12,0.8,0.5,0.1,50,10.0,1914
1873,62,13,0.8,0.5,0.1,50,10.0,1915
1874,62,14,0.8,0.5,0.1,50,10.0,1916
1875,62,15,0.8,0.5,0.1,50,10.0,1917
1876,62,16,0.8,0.5,0.1,50,10.0,1918
1877,62,17,0.8,0.5,0.1,50,10.0,1919
1878,62,18,0.8,0.5,0.1,50,10.0,1920
1879,62,19,0.8,0.5,0.1,50,10.0,1921
1880,62,20,0.8,0.5,0.1,50,10.0,1922
1881,62,21,0.8,0.5,0.1,50,10.0,1923
1882,62,22,0.8,0.5,0.1,50,10.0,1924
1883,62,23,0.8,0.5,0.1,50,10.0,1925
1884,62,24,0.8,0.5,0.1,50,10.0,1926
1885,62,25,0.8,0.5,0.1,50,10.0,1927
1886,62,26,0.8,0.5,0.1,50,10.0,1928
1887,62,27,0.8,0.5,0.1,50,10.0,1929
1888,62,28,0.8,0.5,0.1,50,10.0,1930
1889,62,29,0.8,0.5,0.1,50,10.0,1931
1890,63,0,0.8,0.5,0.1,100,10.0,1932
1891,63,1,0.8,0.5,0.1,100,10.0,1933
1892,63,2,0.8,0.5,0.1,100,10.0,1934
1893,63,3,0.8,0.5,0.1,100,10.0,1935
1894,63,4,0.8,0.5,0.1,100,10.0,1936
1895,63,5,0.8,0.5,0.1,100,10.0,1937
1896,63,6,0.8,0.5,0.1,100,10.0,1938
1897,63,7,0.8,0.5,0.1,100,10.0,1939
1898,63,8,0.8,0.5,0.1,100,10.0,1940
1899,63,9,0.8,0.5,0.1,100,10.0,1941
1900,63,10,0.8,0.5,0.1,100,10.0,1942
1901,63,11,0.8,0.5,0.1,100,10.0,1943
1902,63,12,0.8,0.5,0.1,100,10.0,1944
1903,63,13,0.8,0.5,0.1,100,10.0,1945
1904,63,14,0.8,0.5,0.1,100,10.0,1946
1905,63,15,0.8,0.5,0.1,100,10.0,1947
1906,63,16,0.8,0.5,0.1,100,10.0,1948
1907,63,17,0.8,0.5,0.1,100,10.0,1949
1908,63,18,0.8,0.5,0.1,100,10.0,1950
1909,63,19,0.8,0.5,0.1,100,10.0,1951
1910,63,20,0.8,0.5,0.1,100,10.0,1952
1911,63,21,0.8,0.5,0.1,100,10.0,1953
1912,63,22,0.8,0.5,0.1,100,10.0,1954
1913,63,23,0.8,0.5,0.1,100,10.0,1955
1914,63,24,0.8,0.5,0.1,100,10.0,1956
1915,63,25,0.8,0.5,0.1,100,10.0,1957
1916,63,26,0.8,0.5,0.1,100,10.0,1958
1917,63,27,0.8,0.5,0.1,100,10.0,1959
1918,63,28,0.8,0.5,0.1,100,10.0,1960
1919,63,29,0.8,0.5,0.1,100,10.0,1961
1920,64,0,0.8,0.5,0.3,10,10.0,1962
1921,64,1,0.8,0.5,0.3,10,10.0,1963
1922,64,2,0.8,0.5,0.3,10,10.0,1964
1923,64,3,0.8,0.5,0.3,10,10.0,1965
1924,64,4,0.8,0.5,0.3,10,10.0,1966
1925,64,5,0.8,0.5,0.3,10,10.0,1967
1926,64,6,0.8,0.5,0.3,10,10.0,1968
1927,64,7,0.8,0.5,0.3,10,10.0,1969
1928,64,8,0.8,0.5,0.3,10,10.0,1970
1929,64,9,0.8,0.5,0.3,10,10.0,1971
1930,64,10,0.8,0.5,0.3,10,10.0,1972
1931,64,11,0.8,0.5,0.3,10,10.0,1973
1932,64,12,0.8,0.5,0.3,10,10.0,1974
1933,64,13,0.8,0.5,0.3,10,10.0,1975
1934,64,14,0.8,0.5,0.3,10,10.0,1976
1935,64,15,0.8,0.5,0.3,10,10.0,1977
1936,64,16,0.8,0.5,0.3,10,10.0,1978
1937,64,17,0.8,0.5,0.3,10,10.0,1979
1938,64,18,0.8,0.5,0.3,10,10.0,1980
1939,64,19,0.8,0.5,0.3,10,10.0,1981
1940,64,20,0.8,0.5,0.3,10,10.0,1982
1941,64,21,0.8,0.5,0.3,10,10.0,1983
1942,64,22,0.8,0.5,0.3,10,10.0,1984
1943,64,23,0.8,0.5,0.3,10,10.0,1985
1944,64,24,0.8,0.5,0.3,10,10.0,1986
1945,64,25,0.8,0.5,0.3,10,10.0,1987
1946,64,26,0.8,0.5,0.3,10,10.0,1988
1947,64,27,0.8,0.5,0.3,10,10.0,1989
1948,64,28,0.8,0.5,0.3,10,10.0,1990
1949,64,29,0.8,0.5,0.3,10,10.0,1991
1950,65,0,0.8,0.5,0.3,25,10.0,1992
1951,65,1,0.8,0.5,0.3,25,10.0,1993
1952,65,2,0.8,0.5,0.3,25,10.0,1994
1953,65,3,0.8,0.5,0.3,25,10.0,1995
1954,65,4,0.8,0.5,0.3,25,10.0,1996
1955,65,5,0.8,0.5,0.3,25,10.0,1997
1956,65,6,0.8,0.5,0.3,25,10.0,1998
1957,65,7,0.8,0.5,0.3,25,10.0,1999
1958,65,8,0.8,0.5,0.3,25,10.0,2000
1959,65,9,0.8,0.5,0.3,25,10.0,2001
1960,65,10,0.8,0.5,0.3,25,10.0,2002
1961,65,11,0.8,0.5,0.3,25,10.0,2003
1962,65,12,0.8,0.5,0.3,25,10.0,2004
1963,65,13,0.8,0.5,0.3,25,10.0,2005
1964,65,14,0.8,0.5,0.3,25,10.0,2006
1965,65,15,0.8,0.5,0.3,25,10.0,2007
1966,65,16,0.8,0.5,0.3,25,10.0,2008
1967,65,17,0.8,0.5,0.3,25,10.0,2009
1968,65,18,0.8,0.5,0.3,25,10.0,2010
1969,65,19,0.8,0.5,0.3,25,10.0,2011
1970,65,20,0.8,0.5,0.3,25,10.0,2012
1971,65,21,0.8,0.5,0.3,25,10.0,2013
1972,65,22,0.8,0.5,0.3,25,10.0,2014
1973,65,23,0.8,0.5,0.3,25,10.0,2015
1974,65,24,0.8,0.5,0.3,25,10.0,2016
1975,65,25,0.8,0.5,0.3,25,10.0,2017
1976,65,26,0.8,0.5,0.3,25,10.0,2018
1977,65,27,0.8,0.5,0.3,25,10.0,2019
1978,65,28,0.8,0.5,0.3,25,10.0,2020
1979,65,29,0.8,0.5,0.3,25,10.0,2021
1980,66,0,0.8,0.5,0.3,50,10.0,2022
1981,66,1,0.8,0.5,0.3,50,10.0,2023
1982,66,2,0.8,0.5,0.3,50,10.0,2024
1983,66,3,0.8,0.5,0.3,50,10.0,2025
1984,66,4,0.8,0.5,0.3,50,10.0,2026
1985,66,5,0.8,0.5,0.3,50,10.0,2027
1986,66,6,0.8,0.5,0.3,50,10.0,2028
1987,66,7,0.8,0.5,0.3,50,10.0,2029
1988,66,8,0.8,0.5,0.3,50,10.0,2030
1989,66,9,0.8,0.5,0.3,50,10.0,2031
1990,66,10,0.8,0.5,0.3,50,10.0,2032
1991,66,11,0.8,0.5,0.3,50,10.0,2033
1992,66,12,0.8,0.5,0.3,50,10.0,2034
1993,66,13,0.8,0.5,0.3,50,10.0,2035
1994,66,14,0.8,0.5,0.3,50,10.0,2036
1995,66,15,0.8,0.5,0.3,50,10.0,2037
1996,66,16,0.8,0.5,0.3,50,10.0,2038
1997,66,17,0.8,0.5,0.3,50,10.0,2039
1998,66,18,0.8,0.5,0.3,50,10.0,2040
1999,66,19,0.8,0.5,0.3,50,10.0,2041
2000,66,20,0.8,0.5,0.3,50,10.0,2042
2001,66,21,0.8,0.5,0.3,50,10.0,2043
2002,66,22,0.8,0.5,0.3,50,10.0,2044
2003,66,23,0.8,0.5,0.3,50,10.0,2045
2004,66,24,0.8,0.5,0.3,50,10.0,2046
2005,66,25,0.8,0.5,0.3,50,10.0,2047
2006,66,26,0.8,0.5,0.3,50,10.0,2048
2007,66,27,0.8,0.5,0.3,50,10.0,2049
2008,66,28,0.8,0.5,0.3,50,10.0,2050
2009,66,29,0.8,0.5,0.3,50,10.0,2051
2010,67,0,0.8,0.5,0.3,100,10.0,2052
2011,67,1,0.8,0.5,0.3,100,10.0,2053
2012,67,2,0.8,0.5,0.3,100,10.0,2054
2013,67,3,0.8,0.5,0.3,100,10.0,2055
2014,67,4,0.8,0.5,0.3,100,10.0,2056
2015,67,5,0.8,0.5,0.3,100,10.0,2057
2016,67,6,0.8,0.5,0.3,100,10.0,2058
2017,67,7,0.8,0.5,0.3,100,10.0,2059
2018,67,8,0.8,0.5,0.3,100,10.0,2060
2019,67,9,0.8,0.5,0.3,100,10.0,2061
2020,67,10,0.8,0.5,0.3,100,10.0,2062
2021,67,11,0.8,0.5,0.3,100,10.0,2063
2022,67,12,0.8,0.5,0.3,100,10.0,2064
2023,67,13,0.8,0.5,0.3,100,10.0,2065
2024,67,14,0.8,0.5,0.3,100,10.0,2066
2025,67,15,0.8,0.5,0.3,100,10.0,2067
2026,67,16,0.8,0.5,0.3,100,10.0,2068
2027,67,17,0.8,0.5,0.3,100,10.0,2069
2028,67,18,0.8,0.5,0.3,100,10.0,2070
2029,67,19,0.8,0.5,0.3,100,10.0,2071
2030,67,20,0.8,0.5,0.3,100,10.0,2072
2031,67,21,0.8,0.5,0.3,100,10.0,2073
2032,67,22,0.8,0.5,0.3,100,10.0,2074
2033,67,23,0.8,0.5,0.3,100,10.0,2075
2034,67,24,0.8,0.5,0.3,100,10.0,2076
2035,67,25,0.8,0.5,0.3,100,10.0,2077
2036,67,26,0.8,0.5,0.3,100,10.0,2078
2037,67,27,0.8,0.5,0.3,100,10.0,2079
2038,67,28,0.8,0.5,0.3,100,10.0,2080
2039,67,29,0.8,0.5,0.3,100,10.0,2081
2040,68,0,0.8,0.5,0.5,10,10.0,2082
2041,68,1,0.8,0.5,0.5,10,10.0,2083
2042,68,2,0.8,0.5,0.5,10,10.0,2084
2043,68,3,0.8,0.5,0.5,10,10.0,2085
2044,68,4,0.8,0.5,0.5,10,10.0,2086
2045,68,5,0.8,0.5,0.5,10,10.0,2087
2046,68,6,0.8,0.5,0.5,10,10.0,2088
2047,68,7,0.8,0.5,0.5,10,10.0,2089
2048,68,8,0.8,0.5,0.5,10,10.0,2090
2049,68,9,0.8,0.5,0.5,10,10.0,2091
2050,68,10,0.8,0.5,0.5,10,10.0,2092
2051,68,11,0.8,0.5,0.5,10,10.0,2093
2052,68,12,0.8,0.5,0.5,10,10.0,2094
2053,68,13,0.8,0.5,0.5,10,10.0,2095
2054,68,14,0.8,0.5,0.5,10,10.0,2096
2055,68,15,0.8,0.5,0.5,10,10.0,2097
2056,68,16,0.8,0.5,0.5,10,10.0,2098
2057,68,17,0.8,0.5,0.5,10,10.0,2099
2058,68,18,0.8,0.5,0.5,10,10.0,2100
2059,68,19,0.8,0.5,0.5,10,10.0,2101
2060,68,20,0.8,0.5,0.5,10,10.0,2102
2061,68,21,0.8,0.5,0.5,10,10.0,2103
2062,68,22,0.8,0.5,0.5,10,10.0,2104
2063,68,23,0.8,0.5,0.5,10,10.0,2105
2064,68,24,0.8,0.5,0.5,10,10.0,2106
2065,68,25,0.8,0.5,0.5,10,10.0,2107
2066,68,26,0.8,0.5,0.5,10,10.0,2108
2067,68,27,0.8,0.5,0.5,10,10.0,2109
2068,68,28,0.8,0.5,0.5,10,10.0,2110
2069,68,29,0.8,0.5,0.5,10,10.0,2111
2070,69,0,0.8,0.5,0.5,25,10.0,2112
2071,69,1,0.8,0.5,0.5,25,10.0,2113
2072,69,2,0.8,0.5,0.5,25,10.0,2114
2073,69,3,0.8,0.5,0.5,25,10.0,2115
2074,69,4,0.8,0.5,0.5,25,10.0,2116
2075,69,5,0.8,0.5,0.5,25,10.0,2117
2076,69,6,0.8,0.5,0.5,25,10.0,2118
2077,69,7,0.8,0.5,0.5,25,10.0,2119
2078,69,8,0.8,0.5,0.5,25,10.0,2120
2079,69,9,0.8,0.5,0.5,25,10.0,2121
2080,69,10,0.8,0.5,0.5,25,10.0,2122
2081,69,11,0.8,0.5,0.5,25,10.0,2123
2082,69,12,0.8,0.5,0.5,25,10.0,2124
2083,69,13,0.8,0.5,0.5,25,10.0,2125
2084,69,14,0.8,0.5,0.5,25,10.0,2126
2085,69,15,0.8,0.5,0.5,25,10.0,2127
2086,69,16,0.8,0.5,0.5,25,10.0,2128
2087,69,17,0.8,0.5,0.5,25,10.0,2129
2088,69,18,0.8,0.5,0.5,25,10.0,2130
2089,69,19,0.8,0.5,0.5,25,10.0,2131
2090,69,20,0.8,0.5,0.5,25,10.0,2132
2091,69,21,0.8,0.5,0.5,25,10.0,2133
2092,69,22,0.8,0.5,0.5,25,10.0,2134
2093,69,23,0.8,0.5,0.5,25,10.0,2135
2094,69,24,0.8,0.5,0.5,25,10.0,2136
2095,69,25,0.8,0.5,0.5,25,10.0,2137
2096,69,26,0.8,0.5,0.5,25,10.0,2138
2097,69,27,0.8,0.5,0.5,25,10.0,2139
2098,69,28,0.8,0.5,0.5,25,10.0,2140
2099,69,29,0.8,0.5,0.5,25,10.0,2141
2100,70,0,0.8,0.5,0.5,50,10.0,2142
2101,70,1,0.8,0.5,0.5,50,10.0,2143
2102,70,2,0.8,0.5,0.5,50,10.0,2144
2103,70,3,0.8,0.5,0.5,50,10.0,2145
2104,70,4,0.8,0.5,0.5,50,10.0,2146
2105,70,5,0.8,0.5,0.5,50,10.0,2147
2106,70,6,0.8,0.5,0.5,50,10.0,2148
2107,70,7,0.8,0.5,0.5,50,10.0,2149
2108,70,8,0.8,0.5,0.5,50,10.0,2150
2109,70,9,0.8,0.5,0.5,50,10.0,2151
2110,70,10,0.8,0.5,0.5,50,10.0,2152
2111,70,11,0.8,0.5,0.5,50,10.0,2153
2112,70,12,0.8,0.5,0.5,50,10.0,2154
2113,70,13,0.8,0.5,0.5,50,10.0,2155
2114,70,14,0.8,0.5,0.5,50,10.0,2156
2115,70,15,0.8,0.5,0.5,50,10.0,2157
2116,70,16,0.8,0.5,0.5,50,10.0,2158
2117,70,17,0.8,0.5,0.5,50,10.0,2159
2118,70,18,0.8,0.5,0.5,50,10.0,2160
2119,70,19,0.8,0.5,0.5,50,10.0,2161
2120,70,20,0.8,0.5,0.5,50,10.0,2162
2121,70,21,0.8,0.5,0.5,50,10.0,2163
2122,70,22,0.8,0.5,0.5,50,10.0,2164
2123,70,23,0.8,0.5,0.5,50,10.0,2165
2124,70,24,0.8,0.5,0.5,50,10.0,2166
2125,70,25,0.8,0.5,0.5,50,10.0,2167
2126,70,26,0.8,0.5,0.5,50,10.0,2168
2127,70,27,0.8,0.5,0.5,50,10.0,2169
2128,70,28,0.8,0.5,0.5,50,10.0,2170
2129,70,29,0.8,0.5,0.5,50,10.0,2171
2130,71,0,0.8,0.5,0.5,100,10.0,2172
2131,71,1,0.8,0.5,0.5,100,10.0,2173
2132,71,2,0.8,0.5,0.5,100,10.0,2174
2133,71,3,0.8,0.5,0.5,100,10.0,2175
2134,71,4,0.8,0.5,0.5,100,10.0,2176
2135,71,5,0.8,0.5,0.5,100,10.0,2177
2136,71,6,0.8,0.5,0.5,100,10.0,2178
2137,71,7,0.8,0.5,0.5,100,10.0,2179
2138,71,8,0.8,0.5,0.5,100,10.0,2180
2139,71,9,0.8,0.5,0.5,100,10.0,2181
2140,71,10,0.8,0.5,0.5,100,10.0,2182
2141,71,11,0.8,0.5,0.5,100,10.0,2183
2142,71,12,0.8,0.5,0.5,100,10.0,2184
2143,71,13,0.8,0.5,0.5,100,10.0,2185
2144,71,14,0.8,0.5,0.5,100,10.0,2186
2145,71,15,0.8,0.5,0.5,100,10.0,2187
2146,71,16,0.8,0.5,0.5,100,10.0,2188
2147,71,17,0.8,0.5,0.5,100,10.0,2189
2148,71,18,0.8,0.5,0.5,100,10.0,2190
2149,71,19,0.8,0.5,0.5,100,10.0,2191
2150,71,20,0.8,0.5,0.5,100,10.0,2192
2151,71,21,0.8,0.5,0.5,100,10.0,2193
2152,71,22,0.8,0.5,0.5,100,10.0,2194
2153,71,23,0.8,0.5,0.5,100,10.0,2195
2154,71,24,0.8,0.5,0.5,100,10.0,2196
2155,71,25,0.8,0.5,0.5,100,10.0,2197
2156,71,26,0.8,0.5,0.5,100,10.0,2198
2157,71,27,0.8,0.5,0.5,100,10.0,2199
2158,71,28,0.8,0.5,0.5,100,10.0,2200
2159,71,29,0.8,0.5,0.5,100,10.0,2201
2160,72,0,0.8,1.0,0.1,10,10.0,2202
2161,72,1,0.8,1.0,0.1,10,10.0,2203
2162,72,2,0.8,1.0,0.1,10,10.0,2204
2163,72,3,0.8,1.0,0.1,10,10.0,2205
2164,72,4,0.8,1.0,0.1,10,10.0,2206
2165,72,5,0.8,1.0,0.1,10,10.0,2207
2166,72,6,0.8,1.0,0.1,10,10.0,2208
2167,72,7,0.8,1.0,0.1,10,10.0,2209
2168,72,8,0.8,1.0,0.1,10,10.0,2210
2169,72,9,0.8,1.0,0.1,10,10.0,2211
2170,72,10,0.8,1.0,0.1,10,10.0,2212
2171,72,11,0.8,1.0,0.1,10,10.0,2213
2172,72,12,0.8,1.0,0.1,10,10.0,2214
2173,72,13,0.8,1.0,0.1,10,10.0,2215
2174,72,14,0.8,1.0,0.1,10,10.0,2216
2175,72,15,0.8,1.0,0.1,10,10.0,2217
2176,72,16,0.8,1.0,0.1,10,10.0,2218
2177,72,17,0.8,1.0,0.1,10,10.0,2219
2178,72,18,0.8,1.0,0.1,10,10.0,2220
2179,72,19,0.8,1.0,0.1,10,10.0,2221
2180,72,20,0.8,1.0,0.1,10,10.0,2222
2181,72,21,0.8,1.0,0.1,10,10.0,2223
2182,72,22,0.8,1.0,0.1,10,10.0,2224
2183,72,23,0.8,1.0,0.1,10,10.0,2225
2184,72,24,0.8,1.0,0.1,10,10.0,2226
2185,72,25,0.8,1.0,0.1,10,10.0,2227
2186,72,26,0.8,1.0,0.1,10,10.0,2228
2187,72,27,0.8,1.0,0.1,10,10.0,2229
2188,72,28,0.8,1.0,0.1,10,10.0,2230
2189,72,29,0.8,1.0,0.1,10,10.0,2231
2190,73,0,0.8,1.0,0.1,25,10.0,2232
2191,73,1,0.8,1.0,0.1,25,10.0,2233
2192,73,2,0.8,1.0,0.1,25,10.0,2234
2193,73,3,0.8,1.0,0.1,25,10.0,2235
2194,73,4,0.8,1.0,0.1,25,10.0,2236
2195,73,5,0.8,1.0,0.1,25,10.0,2237
2196,73,6,0.8,1.0,0.1,25,10.0,2238
2197,73,7,0.8,1.0,0.1,25,10.0,2239
2198,73,8,0.8,1.0,0.1,25,10.0,2240
2199,73,9,0.8,1.0,0.1,25,10.0,2241
2200,73,10,0.8,1.0,0.1,25,10.0,2242
2201,73,11,0.8,1.0,0.1,25,10.0,2243
2202,73,12,0.8,1.0,0.1,25,10.0,2244
2203,73,13,0.8,1.0,0.1,25,10.0,2245
2204,73,14,0.8,1.0,0.1,25,10.0,2246
2205,73,15,0.8,1.0,0.1,25,10.0,2247
2206,73,16,0.8,1.0,0.1,25,10.0,2248
2207,73,17,0.8,1.0,0.1,25,10.0,2249
2208,73,18,0.8,1.0,0.1,25,10.0,2250
2209,73,19,0.8,1.0,0.1,25,10.0,2251
2210,73,20,0.8,1.0,0.1,25,10.0,2252
2211,73,21,0.8,1.0,0.1,25,10.0,2253
2212,73,22,0.8,1.0,0.1,25,10.0,2254
2213,73,23,0.8,1.0,0.1,25,10.0,2255
2214,73,24,0.8,1.0,0.1,25,10.0,2256
2215,73,25,0.8,1.0,0.1,25,10.0,2257
2216,73,26,0.8,1.0,0.1,25,10.0,2258
2217,73,27,0.8,1.0,0.1,25,10.0,2259
2218,73,28,0.8,1.0,0.1,25,10.0,2260
2219,73,29,0.8,1.0,0.1,25,10.0,2261
2220,74,0,0.8,1.0,0.1,50,10.0,2262
2221,74,1,0.8,1.0,0.1,50,10.0,2263
2222,74,2,0.8,1.0,0.1,50,10.0,2264
2223,74,3,0.8,1.0,0.1,50,10.0,2265
2224,74,4,0.8,1.0,0.1,50,10.0,2266
2225,74,5,0.8,1.0,0.1,50,10.0,2267
2226,74,6,0.8,1.0,0.1,50,10.0,2268
2227,74,7,0.8,1.0,0.1,50,10.0,2269
2228,74,8,0.8,1.0,0.1,50,10.0,2270
2229,74,9,0.8,1.0,0.1,50,10.0,2271
2230,74,10,0.8,1.0,0.1,50,10.0,2272
2231,74,11,0.8,1.0,0.1,50,10.0,2273
2232,74,12,0.8,1.0,0.1,50,10.0,2274
2233,74,13,0.8,1.0,0.1,50,10.0,2275
2234,74,14,0.8,1.0,0.1,50,10.0,2276
2235,74,15,0.8,1.0,0.1,50,10.0,2277
2236,74,16,0.8,1.0,0.1,50,10.0,2278
2237,74,17,0.8,1.0,0.1,50,10.0,2279
2238,74,18,0.8,1.0,0.1,50,10.0,2280
2239,74,19,0.8,1.0,0.1,50,10.0,2281
2240,74,20,0.8,1.0,0.1,50,10.0,2282
2241,74,21,0.8,1.0,0.1,50,10.0,2283
2242,74,22,0.8,1.0,0.1,50,10.0,2284
2243,74,23,0.8,1.0,0.1,50,10.0,2285
2244,74,24,0.8,1.0,0.1,50,10.0,2286
2245,74,25,0.8,1.0,0.1,50,10.0,2287
2246,74,26,0.8,1.0,0.1,50,10.0,2288
2247,74,27,0.8,1.0,0.1,50,10.0,2289
2248,74,28,0.8,1.0,0.1,50,10.0,2290
2249,74,29,0.8,1.0,0.1,50,10.0,2291
2250,75,0,0.8,1.0,0.1,100,10.0,2292
2251,75,1,0.8,1.0,0.1,100,10.0,2293
2252,75,2,0.8,1.0,0.1,100,10.0,2294
2253,75,3,0.8,1.0,0.1,100,10.0,2295
2254,75,4,0.8,1.0,0.1,100,10.0,2296
2255,75,5,0.8,1.0,0.1,100,10.0,2297
2256,75,6,0.8,1.0,0.1,100,10.0,2298
2257,75,7,0.8,1.0,0.1,100,10.0,2299
2258,75,8,0.8,1.0,0.1,100,10.0,2300
2259,75,9,0.8,1.0,0.1,100,10.0,2301
2260,75,10,0.8,1.0,0.1,100,10.0,2302
2261,75,11,0.8,1.0,0.1,100,10.0,2303
2262,75,12,0.8,1.0,0.1,100,10.0,2304
2263,75,13,0.8,1.0,0.1,100,10.0,2305
2264,75,14,0.8,1.0,0.1,100,10.0,2306
2265,75,15,0.8,1.0,0.1,100,10.0,2307
2266,75,16,0.8,1.0,0.1,100,10.0,2308
2267,75,17,0.8,1.0,0.1,100,10.0,2309
2268,75,18,0.8,1.0,0.1,100,10.0,2310
2269,75,19,0.8,1.0,0.1,100,10.0,2311
2270,75,20,0.8,1.0,0.1,100,10.0,2312
2271,75,21,0.8,1.0,0.1,100,10.0,2313
2272,75,22,0.8,1.0,0.1,100,10.0,2314
2273,75,23,0.8,1.0,0.1,100,10.0,2315
2274,75,24,0.8,1.0,0.1,100,10.0,2316
2275,75,25,0.8,1.0,0.1,100,10.0,2317
2276,75,26,0.8,1.0,0.1,100,10.0,2318
2277,75,27,0.8,1.0,0.1,100,10.0,2319
2278,75,28,0.8,1.0,0.1,100,10.0,2320
2279,75,29,0.8,1.0,0.1,100,10.0,2321
2280,76,0,0.8,1.0,0.3,10,10.0,2322
2281,76,1,0.8,1.0,0.3,10,10.0,2323
2282,76,2,0.8,1.0,0.3,10,10.0,2324
2283,76,3,0.8,1.0,0.3,10,10.0,2325
2284,76,4,0.8,1.0,0.3,10,10.0,2326
2285,76,5,0.8,1.0,0.3,10,10.0,2327
2286,76,6,0.8,1.0,0.3,10,10.0,2328
2287,76,7,0.8,1.0,0.3,10,10.0,2329
2288,76,8,0.8,1.0,0.3,10,10.0,2330
2289,76,9,0.8,1.0,0.3,10,10.0,2331
2290,76,10,0.8,1.0,0.3,10,10.0,2332
2291,76,11,0.8,1.0,0.3,10,10.0,2333
2292,76,12,0.8,1.0,0.3,10,10.0,2334
2293,76,13,0.8,1.0,0.3,10,10.0,2335
2294,76,14,0.8,1.0,0.3,10,10.0,2336
2295,76,15,0.8,1.0,0.3,10,10.0,2337
2296,76,16,0.8,1.0,0.3,10,10.0,2338
2297,76,17,0.8,1.0,0.3,10,10.0,2339
2298,76,18,0.8,1.0,0.3,10,10.0,2340
2299,76,19,0.8,1.0,0.3,10,10.0,2341
2300,76,20,0.8,1.0,0.3,10,10.0,2342
2301,76,21,0.8,1.0,0.3,10,10.0,2343
2302,76,22,0.8,1.0,0.3,10,10.0,2344
2303,76,23,0.8,1.0,0.3,10,10.0,2345
2304,76,24,0.8,1.0,0.3,10,10.0,2346
2305,76,25,0.8,1.0,0.3,10,10.0,2347
2306,76,26,0.8,1.0,0.3,10,10.0,2348
2307,76,27,0.8,1.0,0.3,10,10.0,2349
2308,76,28,0.8,1.0,0.3,10,10.0,2350
2309,76,29,0.8,1.0,0.3,10,10.0,2351
2310,77,0,0.8,1.0,0.3,25,10.0,2352
2311,77,1,0.8,1.0,0.3,25,10.0,2353
2312,77,2,0.8,1.0,0.3,25,10.0,2354
2313,77,3,0.8,1.0,0.3,25,10.0,2355
2314,77,4,0.8,1.0,0.3,25,10.0,2356
2315,77,5,0.8,1.0,0.3,25,10.0,2357
2316,77,6,0.8,1.0,0.3,25,10.0,2358
2317,77,7,0.8,1.0,0.3,25,10.0,2359
2318,77,8,0.8,1.0,0.3,25,10.0,2360
2319,77,9,0.8,1.0,0.3,25,10.0,2361
2320,77,10,0.8,1.0,0.3,25,10.0,2362
2321,77,11,0.8,1.0,0.3,25,10.0,2363
2322,77,12,0.8,1.0,0.3,25,10.0,2364
2323,77,13,0.8,1.0,0.3,25,10.0,2365
2324,77,14,0.8,1.0,0.3,25,10.0,2366
2325,77,15,0.8,1.0,0.3,25,10.0,2367
2326,77,16,0.8,1.0,0.3,25,10.0,2368
2327,77,17,0.8,1.0,0.3,25,10.0,2369
2328,77,18,0.8,1.0,0.3,25,10.0,2370
2329,77,19,0.8,1.0,0.3,25,10.0,2371
2330,77,20,0.8,1.0,0.3,25,10.0,2372
2331,77,21,0.8,1.0,0.3,25,10.0,2373
2332,77,22,0.8,1.0,0.3,25,10.0,2374
2333,77,23,0.8,1.0,0.3,25,10.0,2375
2334,77,24,0.8,1.0,0.3,25,10.0,2376
2335,77,25,0.8,1.0,0.3,25,10.0,2377
2336,77,26,0.8,1.0,0.3,25,10.0,2378
2337,77,27,0.8,1.0,0.3,25,10.0,2379
2338,77,28,0.8,1.0,0.3,25,10.0,2380
2339,77,29,0.8,1.0,0.3,25,10.0,2381
2340,78,0,0.8,1.0,0.3,50,10.0,2382
2341,78,1,0.8,1.0,0.3,50,10.0,2383
2342,78,2,0.8,1.0,0.3,50,10.0,2384
2343,78,3,0.8,1.0,0.3,50,10.0,2385
2344,78,4,0.8,1.0,0.3,50,10.0,2386
2345,78,5,0.8,1.0,0.3,50,10.0,2387
2346,78,6,0.8,1.0,0.3,50,10.0,2388
2347,78,7,0.8,1.0,0.3,50,10.0,2389
2348,78,8,0.8,1.0,0.3,50,10.0,2390
2349,78,9,0.8,1.0,0.3,50,10.0,2391
2350,78,10,0.8,1.0,0.3,50,10.0,2392
2351,78,11,0.8,1.0,0.3,50,10.0,2393
2352,78,12,0.8,1.0,0.3,50,10.0,2394
2353,78,13,0.8,1.0,0.3,50,10.0,2395
2354,78,14,0.8,1.0,0.3,50,10.0,2396
2355,78,15,0.8,1.0,0.3,50,10.0,2397
2356,78,16,0.8,1.0,0.3,50,10.0,2398
2357,78,17,0.8,1.0,0.3,50,10.0,2399
2358,78,18,0.8,1.0,0.3,50,10.0,2400
2359,78,19,0.8,1.0,0.3,50,10.0,2401
2360,78,20,0.8,1.0,0.3,50,10.0,2402
2361,78,21,0.8,1.0,0.3,50,10.0,2403
2362,78,22,0.8,1.0,0.3,50,10.0,2404
2363,78,23,0.8,1.0,0.3,50,10.0,2405
2364,78,24,0.8,1.0,0.3,50,10.0,2406
2365,78,25,0.8,1.0,0.3,50,10.0,2407
2366,78,26,0.8,1.0,0.3,50,10.0,2408
2367,78,27,0.8,1.0,0.3,50,10.0,2409
2368,78,28,0.8,1.0,0.3,50,10.0,2410
2369,78,29,0.8,1.0,0.3,50,10.0,2411
2370,79,0,0.8,1.0,0.3,100,10.0,2412
2371,79,1,0.8,1.0,0.3,100,10.0,2413
2372,79,2,0.8,1.0,0.3,100,10.0,2414
2373,79,3,0.8,1.0,0.3,100,10.0,2415
2374,79,4,0.8,1.0,0.3,100,10.0,2416
2375,79,5,0.8,1.0,0.3,100,10.0,2417
2376,79,6,0.8,1.0,0.3,100,10.0,2418
2377,79,7,0.8,1.0,0.3,100,10.0,2419
2378,79,8,0.8,1.0,0.3,100,10.0,2420
2379,79,9,0.8,1.0,0.3,100,10.0,2421
2380,79,10,0.8,1.0,0.3,100,10.0,2422
2381,79,11,0.8,1.0,0.3,100,10.0,2423
2382,79,12,0.8,1.0,0.3,100,10.0,2424
2383,79,13,0.8,1.0,0.3,100,10.0,2425
2384,79,14,0.8,1.0,0.3,100,10.0,2426
2385,79,15,0.8,1.0,0.3,100,10.0,2427
2386,79,16,0.8,1.0,0.3,100,10.0,2428
2387,79,17,0.8,1.0,0.3,100,10.0,2429
2388,79,18,0.8,1.0,0.3,100,10.0,2430
2389,79,19,0.8,1.0,0.3,100,10.0,2431
2390,79,20,0.8,1.0,0.3,100,10.0,2432
2391,79,21,0.8,1.0,0.3,100,10.0,2433
2392,79,22,0.8,1.0,0.3,100,10.0,2434
2393,79,23,0.8,1.0,0.3,100,10.0,2435
2394,79,24,0.8,1.0,0.3,100,10.0,2436
2395,79,25,0.8,1.0,0.3,100,10.0,2437
2396,79,26,0.8,1.0,0.3,100,10.0,2438
2397,79,27,0.8,1.0,0.3,100,10.0,2439
2398,79,28,0.8,1.0,0.3,100,10.0,2440
2399,79,29,0.8,1.0,0.3,100,10.0,2441
2400,80,0,0.8,1.0,0.5,10,10.0,2442
2401,80,1,0.8,1.0,0.5,10,10.0,2443
2402,80,2,0.8,1.0,0.5,10,10.0,2444
2403,80,3,0.8,1.0,0.5,10,10.0,2445
2404,80,4,0.8,1.0,0.5,10,10.0,2446
2405,80,5,0.8,1.0,0.5,10,10.0,2447
2406,80,6,0.8,1.0,0.5,10,10.0,2448
2407,80,7,0.8,1.0,0.5,10,10.0,2449
2408,80,8,0.8,1.0,0.5,10,10.0,2450
2409,80,9,0.8,1.0,0.5,10,10.0,2451
2410,80,10,0.8,1.0,0.5,10,10.0,2452
2411,80,11,0.8,1.0,0.5,10,10.0,2453
2412,80,12,0.8,1.0,0.5,10,10.0,2454
2413,80,13,0.8,1.0,0.5,10,10.0,2455
2414,80,14,0.8,1.0,0.5,10,10.0,2456
2415,80,15,0.8,1.0,0.5,10,10.0,2457
2416,80,16,0.8,1.0,0.5,10,10.0,2458
2417,80,17,0.8,1.0,0.5,10,10.0,2459
2418,80,18,0.8,1.0,0.5,10,10.0,2460
2419,80,19,0.8,1.0,0.5,10,10.0,2461
2420,80,20,0.8,1.0,0.5,10,10.0,2462
2421,80,21,0.8,1.0,0.5,10,10.0,2463
2422,80,22,0.8,1.0,0.5,10,10.0,2464
2423,80,23,0.8,1.0,0.5,10,10.0,2465
2424,80,24,0.8,1.0,0.5,10,10.0,2466
2425,80,25,0.8,1.0,0.5,10,10.0,2467
2426,80,26,0.8,1.0,0.5,10,10.0,2468
2427,80,27,0.8,1.0,0.5,10,10.0,2469
2428,80,28,0.8,1.0,0.5,10,10.0,2470
2429,80,29,0.8,1.0,0.5,10,10.0,2471
2430,81,0,0.8,1.0,0.5,25,10.0,2472
2431,81,1,0.8,1.0,0.5,25,10.0,2473
2432,81,2,0.8,1.0,0.5,25,10.0,2474
2433,81,3,0.8,1.0,0.5,25,10.0,2475
2434,81,4,0.8,1.0,0.5,25,10.0,2476
2435,81,5,0.8,1.0,0.5,25,10.0,2477
2436,81,6,0.8,1.0,0.5,25,10.0,2478
2437,81,7,0.8,1.0,0.5,25,10.0,2479
2438,81,8,0.8,1.0,0.5,25,10.0,2480
2439,81,9,0.8,1.0,0.5,25,10.0,2481
2440,81,10,0.8,1.0,0.5,25,10.0,2482
2441,81,11,0.8,1.0,0.5,25,10.0,2483
2442,81,12,0.8,1.0,0.5,25,10.0,2484
2443,81,13,0.8,1.0,0.5,25,10.0,2485
2444,81,14,0.8,1.0,0.5,25,10.0,2486
2445,81,15,0.8,1.0,0.5,25,10.0,2487
2446,81,16,0.8,1.0,0.5,25,10.0,2488
2447,81,17,0.8,1.0,0.5,25,10.0,2489
2448,81,18,0.8,1.0,0.5,25,10.0,2490
2449,81,19,0.8,1.0,0.5,25,10.0,2491
2450,81,20,0.8,1.0,0.5,25,10.0,2492
2451,81,21,0.8,1.0,0.5,25,10.0,2493
2452,81,22,0.8,1.0,0.5,25,10.0,2494
2453,81,23,0.8,1.0,0.5,25,10.0,2495
2454,81,24,0.8,1.0,0.5,25,10.0,2496
2455,81,25,0.8,1.0,0.5,25,10.0,2497
2456,81,26,0.8,1.0,0.5,25,10.0,2498
2457,81,27,0.8,1.0,0.5,25,10.0,2499
2458,81,28,0.8,1.0,0.5,25,10.0,2500
2459,81,29,0.8,1.0,0.5,25,10.0,2501
2460,82,0,0.8,1.0,0.5,50,10.0,2502
2461,82,1,0.8,1.0,0.5,50,10.0,2503
2462,82,2,0.8,1.0,0.5,50,10.0,2504
2463,82,3,0.8,1.0,0.5,50,10.0,2505
2464,82,4,0.8,1.0,0.5,50,10.0,2506
2465,82,5,0.8,1.0,0.5,50,10.0,2507
2466,82,6,0.8,1.0,0.5,50,10.0,2508
2467,82,7,0.8,1.0,0.5,50,10.0,2509
2468,82,8,0.8,1.0,0.5,50,10.0,2510
2469,82,9,0.8,1.0,0.5,50,10.0,2511
2470,82,10,0.8,1.0,0.5,50,10.0,2512
2471,82,11,0.8,1.0,0.5,50,10.0,2513
2472,82,12,0.8,1.0,0.5,50,10.0,2514
2473,82,13,0.8,1.0,0.5,50,10.0,2515
2474,82,14,0.8,1.0,0.5,50,10.0,2516
2475,82,15,0.8,1.0,0.5,50,10.0,2517
2476,82,16,0.8,1.0,0.5,50,10.0,2518
2477,82,17,0.8,1.0,0.5,50,10.0,2519
2478,82,18,0.8,1.0,0.5,50,10.0,2520
2479,82,19,0.8,1.0,0.5,50,10.0,2521
2480,82,20,0.8,1.0,0.5,50,10.0,2522
2481,82,21,0.8,1.0,0.5,50,10.0,2523
2482,82,22,0.8,1.0,0.5,50,10.0,2524
2483,82,23,0.8,1.0,0.5,50,10.0,2525
2484,82,24,0.8,1.0,0.5,50,10.0,2526
2485,82,25,0.8,1.0,0.5,50,10.0,2527
2486,82,26,0.8,1.0,0.5,50,10.0,2528
2487,82,27,0.8,1.0,0.5,50,10.0,2529
2488,82,28,0.8,1.0,0.5,50,10.0,2530
2489,82,29,0.8,1.0,0.5,50,10.0,2531
2490,83,0,0.8,1.0,0.5,100,10.0,2532
2491,83,1,0.8,1.0,0.5,100,10.0,2533
2492,83,2,0.8,1.0,0.5,100,10.0,2534
2493,83,3,0.8,1.0,0.5,100,10.0,2535
2494,83,4,0.8,1.0,0.5,100,10.0,2536
2495,83,5,0.8,1.0,0.5,100,10.0,2537
2496,83,6,0.8,1.0,0.5,100,10.0,2538
2497,83,7,0.8,1.0,0.5,100,10.0,2539
2498,83,8,0.8,1.0,0.5,100,10.0,2540
2499,83,9,0.8,1.0,0.5,100,10.0,2541
2500,83,10,0.8,1.0,0.5,100,10.0,2542
2501,83,11,0.8,1.0,0.5,100,10.0,2543
2502,83,12,0.8,1.0,0.5,100,10.0,2544
2503,83,13,0.8,1.0,0.5,100,10.0,2545
2504,83,14,0.8,1.0,0.5,100,10.0,2546
2505,83,15,0.8,1.0,0.5,100,10.0,2547
2506,83,16,0.8,1.0,0.5,100,10.0,2548
2507,83,17,0.8,1.0,0.5,100,10.0,2549
2508,83,18,0.8,1.0,0.5,100,10.0,2550
2509,83,19,0.8,1.0,0.5,100,10.0,2551
2510,83,20,0.8,1.0,0.5,100,10.0,2552
2511,83,21,0.8,1.0,0.5,100,10.0,2553
2512,83,22,0.8,1.0,0.5,100,10.0,2554
2513,83,23,0.8,1.0,0.5,100,10.0,2555
2514,83,24,0.8,1.0,0.5,100,10.0,2556
2515,83,25,0.8,1.0,0.5,100,10.0,2557
2516,83,26,0.8,1.0,0.5,100,10.0,2558
2517,83,27,0.8,1.0,0.5,100,10.0,2559
2518,83,28,0.8,1.0,0.5,100,10.0,2560
2519,83,29,0.8,1.0,0.5,100,10.0,2561
2520,84,0,0.8,2.0,0.1,10,10.0,2562
2521,84,1,0.8,2.0,0.1,10,10.0,2563
2522,84,2,0.8,2.0,0.1,10,10.0,2564
2523,84,3,0.8,2.0,0.1,10,10.0,2565
2524,84,4,0.8,2.0,0.1,10,10.0,2566
2525,84,5,0.8,2.0,0.1,10,10.0,2567
2526,84,6,0.8,2.0,0.1,10,10.0,2568
2527,84,7,0.8,2.0,0.1,10,10.0,2569
2528,84,8,0.8,2.0,0.1,10,10.0,2570
2529,84,9,0.8,2.0,0.1,10,10.0,2571
2530,84,10,0.8,2.0,0.1,10,10.0,2572
2531,84,11,0.8,2.0,0.1,10,10.0,2573
2532,84,12,0.8,2.0,0.1,10,10.0,2574
2533,84,13,0.8,2.0,0.1,10,10.0,2575
2534,84,14,0.8,2.0,0.1,10,10.0,2576
2535,84,15,0.8,2.0,0.1,10,10.0,2577
2536,84,16,0.8,2.0,0.1,10,10.0,2578
2537,84,17,0.8,2.0,0.1,10,10.0,2579
2538,84,18,0.8,2.0,0.1,10,10.0,2580
2539,84,19,0.8,2.0,0.1,10,10.0,2581
2540,84,20,0.8,2.0,0.1,10,10.0,2582
2541,84,21,0.8,2.0,0.1,10,10.0,2583
2542,84,22,0.8,2.0,0.1,10,10.0,2584
2543,84,23,0.8,2.0,0.1,10,10.0,2585
2544,84,24,0.8,2.0,0.1,10,10.0,2586
2545,84,25,0.8,2.0,0.1,10,10.0,2587
2546,84,26,0.8,2.0,0.1,10,10.0,2588
2547,84,27,0.8,2.0,0.1,10,10.0,2589
2548,84,28,0.8,2.0,0.1,10,10.0,2590
2549,84,29,0.8,2.0,0.1,10,10.0,2591
2550,85,0,0.8,2.0,0.1,25,10.0,2592
2551,85,1,0.8,2.0,0.1,25,10.0,2593
2552,85,2,0.8,2.0,0.1,25,10.0,2594
2553,85,3,0.8,2.0,0.1,25,10.0,2595
2554,85,4,0.8,2.0,0.1,25,10.0,2596
2555,85,5,0.8,2.0,0.1,25,10.0,2597
2556,85,6,0.8,2.0,0.1,25,10.0,2598
2557,85,7,0.8,2.0,0.1,25,10.0,2599
2558,85,8,0.8,2.0,0.1,25,10.0,2600
2559,85,9,0.8,2.0,0.1,25,10.0,2601
2560,85,10,0.8,2.0,0.1,25,10.0,2602
2561,85,11,0.8,2.0,0.1,25,10.0,2603
2562,85,12,0.8,2.0,0.1,25,10.0,2604
2563,85,13,0.8,2.0,0.1,25,10.0,2605
2564,85,14,0.8,2.0,0.1,25,10.0,2606
2565,85,15,0.8,2.0,0.1,25,10.0,2607
2566,85,16,0.8,2.0,0.1,25,10.0,2608
2567,85,17,0.8,2.0,0.1,25,10.0,2609
2568,85,18,0.8,2.0,0.1,25,10.0,2610
2569,85,19,0.8,2.0,0.1,25,10.0,2611
2570,85,20,0.8,2.0,0.1,25,10.0,2612
2571,85,21,0.8,2.0,0.1,25,10.0,2613
2572,85,22,0.8,2.0,0.1,25,10.0,2614
2573,85,23,0.8,2.0,0.1,25,10.0,2615
2574,85,24,0.8,2.0,0.1,25,10.0,2616
2575,85,25,0.8,2.0,0.1,25,10.0,2617
2576,85,26,0.8,2.0,0.1,25,10.0,2618
2577,85,27,0.8,2.0,0.1,25,10.0,2619
2578,85,28,0.8,2.0,0.1,25,10.0,2620
2579,85,29,0.8,2.0,0.1,25,10.0,2621
2580,86,0,0.8,2.0,0.1,50,10.0,2622
2581,86,1,0.8,2.0,0.1,50,10.0,2623
2582,86,2,0.8,2.0,0.1,50,10.0,2624
2583,86,3,0.8,2.0,0.1,50,10.0,2625
2584,86,4,0.8,2.0,0.1,50,10.0,2626
2585,86,5,0.8,2.0,0.1,50,10.0,2627
2586,86,6,0.8,2.0,0.1,50,10.0,2628
2587,86,7,0.8,2.0,0.1,50,10.0,2629
2588,86,8,0.8,2.0,0.1,50,10.0,2630
2589,86,9,0.8,2.0,0.1,50,10.0,2631
2590,86,10,0.8,2.0,0.1,50,10.0,2632
2591,86,11,0.8,2.0,0.1,50,10.0,2633
2592,86,12,0.8,2.0,0.1,50,10.0,2634
2593,86,13,0.8,2.0,0.1,50,10.0,2635
2594,86,14,0.8,2.0,0.1,50,10.0,2636
2595,86,15,0.8,2.0,0.1,50,10.0,2637
2596,86,16,0.8,2.0,0.1,50,10.0,2638
2597,86,17,0.8,2.0,0.1,50,10.0,2639
2598,86,18,0.8,2.0,0.1,50,10.0,2640
2599,86,19,0.8,2.0,0.1,50,10.0,2641
2600,86,20,0.8,2.0,0.1,50,10.0,2642
2601,86,21,0.8,2.0,0.1,50,10.0,2643
2602,86,22,0.8,2.0,0.1,50,10.0,2644
2603,86,23,0.8,2.0,0.1,50,10.0,2645
2604,86,24,0.8,2.0,0.1,50,10.0,2646
2605,86,25,0.8,2.0,0.1,50,10.0,2647
2606,86,26,0.8,2.0,0.1,50,10.0,2648
2607,86,27,0.8,2.0,0.1,50,10.0,2649
2608,86,28,0.8,2.0,0.1,50,10.0,2650
2609,86,29,0.8,2.0,0.1,50,10.0,2651
2610,87,0,0.8,2.0,0.1,100,10.0,2652
2611,87,1,0.8,2.0,0.1,100,10.0,2653
2612,87,2,0.8,2.0,0.1,100,10.0,2654
2613,87,3,0.8,2.0,0.1,100,10.0,2655
2614,87,4,0.8,2.0,0.1,100,10.0,2656
2615,87,5,0.8,2.0,0.1,100,10.0,2657
2616,87,6,0.8,2.0,0.1,100,10.0,2658
2617,87,7,0.8,2.0,0.1,100,10.0,2659
2618,87,8,0.8,2.0,0.1,100,10.0,2660
2619,87,9,0.8,2.0,0.1,100,10.0,2661
2620,87,10,0.8,2.0,0.1,100,10.0,2662
2621,87,11,0.8,2.0,0.1,100,10.0,2663
2622,87,12,0.8,2.0,0.1,100,10.0,2664
2623,87,13,0.8,2.0,0.1,100,10.0,2665
2624,87,14,0.8,2.0,0.1,100,10.0,2666
2625,87,15,0.8,2.0,0.1,100,10.0,2667
2626,87,16,0.8,2.0,0.1,100,10.0,2668
2627,87,17,0.8,2.0,0.1,100,10.0,2669
2628,87,18,0.8,2.0,0.1,100,10.0,2670
2629,87,19,0.8,2.0,0.1,100,10.0,2671
2630,87,20,0.8,2.0,0.1,100,10.0,2672
2631,87,21,0.8,2.0,0.1,100,10.0,2673
2632,87,22,0.8,2.0,0.1,100,10.0,2674
2633,87,23,0.8,2.0,0.1,100,10.0,2675
2634,87,24,0.8,2.0,0.1,100,10.0,2676
2635,87,25,0.8,2.0,0.1,100,10.0,2677
2636,87,26,0.8,2.0,0.1,100,10.0,2678
2637,87,27,0.8,2.0,0.1,100,10.0,2679
2638,87,28,0.8,2.0,0.1,100,10.0,2680
2639,87,29,0.8,2.0,0.1,100,10.0,2681
2640,88,0,0.8,2.0,0.3,10,10.0,2682
2641,88,1,0.8,2.0,0.3,10,10.0,2683
2642,88,2,0.8,2.0,0.3,10,10.0,2684
2643,88,3,0.8,2.0,0.3,10,10.0,2685
2644,88,4,0.8,2.0,0.3,10,10.0,2686
2645,88,5,0.8,2.0,0.3,10,10.0,2687
2646,88,6,0.8,2.0,0.3,10,10.0,2688
2647,88,7,0.8,2.0,0.3,10,10.0,2689
2648,88,8,0.8,2.0,0.3,10,10.0,2690
2649,88,9,0.8,2.0,0.3,10,10.0,2691
2650,88,10,0.8,2.0,0.3,10,10.0,2692
2651,88,11,0.8,2.0,0.3,10,10.0,2693
2652,88,12,0.8,2.0,0.3,10,10.0,2694
2653,88,13,0.8,2.0,0.3,10,10.0,2695
2654,88,14,0.8,2.0,0.3,10,10.0,2696
2655,88,15,0.8,2.0,0.3,10,10.0,2697
2656,88,16,0.8,2.0,0.3,10,10.0,2698
2657,88,17,0.8,2.0,0.3,10,10.0,2699
2658,88,18,0.8,2.0,0.3,10,10.0,2700
2659,88,19,0.8,2.0,0.3,10,10.0,2701
2660,88,20,0.8,2.0,0.3,10,10.0,2702
2661,88,21,0.8,2.0,0.3,10,10.0,2703
2662,88,22,0.8,2.0,0.3,10,10.0,2704
2663,88,23,0.8,2.0,0.3,10,10.0,2705
2664,88,24,0.8,2.0,0.3,10,10.0,2706
2665,88,25,0.8,2.0,0.3,10,10.0,2707
2666,88,26,0.8,2.0,0.3,10,10.0,2708
2667,88,27,0.8,2.0,0.3,10,10.0,2709
2668,88,28,0.8,2.0,0.3,10,10.0,2710
2669,88,29,0.8,2.0,0.3,10,10.0,2711
2670,89,0,0.8,2.0,0.3,25,10.0,2712
2671,89,1,0.8,2.0,0.3,25,10.0,2713
2672,89,2,0.8,2.0,0.3,25,10.0,2714
2673,89,3,0.8,2.0,0.3,25,10.0,2715
2674,89,4,0.8,2.0,0.3,25,10.0,2716
2675,89,5,0.8,2.0,0.3,25,10.0,2717
2676,89,6,0.8,2.0,0.3,25,10.0,2718
2677,89,7,0.8,2.0,0.3,25,10.0,2719
2678,89,8,0.8,2.0,0.3,25,10.0,2720
2679,89,9,0.8,2.0,0.3,25,10.0,2721
2680,89,10,0.8,2.0,0.3,25,10.0,2722
2681,89,11,0.8,2.0,0.3,25,10.0,2723
2682,89,12,0.8,2.0,0.3,25,10.0,2724
2683,89,13,0.8,2.0,0.3,25,10.0,2725
2684,89,14,0.8,2.0,0.3,25,10.0,2726
2685,89,15,0.8,2.0,0.3,25,10.0,2727
2686,89,16,0.8,2.0,0.3,25,10.0,2728
2687,89,17,0.8,2.0,0.3,25,10.0,2729
2688,89,18,0.8,2.0,0.3,25,10.0,2730
2689,89,19,0.8,2.0,0.3,25,10.0,2731
2690,89,20,0.8,2.0,0.3,25,10.0,2732
2691,89,21,0.8,2.0,0.3,25,10.0,2733
2692,89,22,0.8,2.0,0.3,25,10.0,2734
2693,89,23,0.8,2.0,0.3,25,10.0,2735
2694,89,24,0.8,2.0,0.3,25,10.0,2736
2695,89,25,0.8,2.0,0.3,25,10.0,2737
2696,89,26,0.8,2.0,0.3,25,10.0,2738
2697,89,27,0.8,2.0,0.3,25,10.0,2739
2698,89,28,0.8,2.0,0.3,25,10.0,2740
2699,89,29,0.8,2.0,0.3,25,10.0,2741
2700,90,0,0.8,2.0,0.3,50,10.0,2742
2701,90,1,0.8,2.0,0.3,50,10.0,2743
2702,90,2,0.8,2.0,0.3,50,10.0,2744
2703,90,3,0.8,2.0,0.3,50,10.0,2745
2704,90,4,0.8,2.0,0.3,50,10.0,2746
2705,90,5,0.8,2.0,0.3,50,10.0,2747
2706,90,6,0.8,2.0,0.3,50,10.0,2748
2707,90,7,0.8,2.0,0.3,50,10.0,2749
2708,90,8,0.8,2.0,0.3,50,10.0,2750
2709,90,9,0.8,2.0,0.3,50,10.0,2751
2710,90,10,0.8,2.0,0.3,50,10.0,2752
2711,90,11,0.8,2.0,0.3,50,10.0,2753
2712,90,12,0.8,2.0,0.3,50,10.0,2754
2713,90,13,0.8,2.0,0.3,50,10.0,2755
2714,90,14,0.8,2.0,0.3,50,10.0,2756
2715,90,15,0.8,2.0,0.3,50,10.0,2757
2716,90,16,0.8,2.0,0.3,50,10.0,2758
2717,90,17,0.8,2.0,0.3,50,10.0,2759
2718,90,18,0.8,2.0,0.3,50,10.0,2760
2719,90,19,0.8,2.0,0.3,50,10.0,2761
2720,90,20,0.8,2.0,0.3,50,10.0,2762
2721,90,21,0.8,2.0,0.3,50,10.0,2763
2722,90,22,0.8,2.0,0.3,50,10.0,2764
2723,90,23,0.8,2.0,0.3,50,10.0,2765
2724,90,24,0.8,2.0,0.3,50,10.0,2766
2725,90,25,0.8,2.0,0.3,50,10.0,2767
2726,90,26,0.8,2.0,0.3,50,10.0,2768
2727,90,27,0.8,2.0,0.3,50,10.0,2769
2728,90,28,0.8,2.0,0.3,50,10.0,2770
2729,90,29,0.8,2.0,0.3,50,10.0,2771
2730,91,0,0.8,2.0,0.3,100,10.0,2772
2731,91,1,0.8,2.0,0.3,100,10.0,2773
2732,91,2,0.8,2.0,0.3,100,10.0,2774
2733,91,3,0.8,2.0,0.3,100,10.0,2775
2734,91,4,0.8,2.0,0.3,100,10.0,2776
2735,91,5,0.8,2.0,0.3,100,10.0,2777
2736,91,6,0.8,2.0,0.3,100,10.0,2778
2737,91,7,0.8,2.0,0.3,100,10.0,2779
2738,91,8,0.8,2.0,0.3,100,10.0,2780
2739,91,9,0.8,2.0,0.3,100,10.0,2781
2740,91,10,0.8,2.0,0.3,100,10.0,2782
2741,91,11,0.8,2.0,0.3,100,10.0,2783
2742,91,12,0.8,2.0,0.3,100,10.0,2784
2743,91,13,0.8,2.0,0.3,100,10.0,2785
2744,91,14,0.8,2.0,0.3,100,10.0,2786
2745,91,15,0.8,2.0,0.3,100,10.0,2787
2746,91,16,0.8,2.0,0.3,100,10.0,2788
2747,91,17,0.8,2.0,0.3,100,10.0,2789
2748,91,18,0.8,2.0,0.3,100,10.0,2790
2749,91,19,0.8,2.0,0.3,100,10.0,2791
2750,91,20,0.8,2.0,0.3,100,10.0,2792
2751,91,21,0.8,2.0,0.3,100,10.0,2793
2752,91,22,0.8,2.0,0.3,100,10.0,2794
2753,91,23,0.8,2.0,0.3,100,10.0,2795
2754,91,24,0.8,2.0,0.3,100,10.0,2796
2755,91,25,0.8,2.0,0.3,100,10.0,2797
2756,91,26,0.8,2.0,0.3,100,10.0,2798
2757,91,27,0.8,2.0,0.3,100,10.0,2799
2758,91,28,0.8,2.0,0.3,100,10.0,2800
2759,91,29,0.8,2.0,0.3,100,10.0,2801
2760,92,0,0.8,2.0,0.5,10,10.0,2802
2761,92,1,0.8,2.0,0.5,10,10.0,2803
2762,92,2,0.8,2.0,0.5,10,10.0,2804
2763,92,3,0.8,2.0,0.5,10,10.0,2805
2764,92,4,0.8,2.0,0.5,10,10.0,2806
2765,92,5,0.8,2.0,0.5,10,10.0,2807
2766,92,6,0.8,2.0,0.5,10,10.0,2808
2767,92,7,0.8,2.0,0.5,10,10.0,2809
2768,92,8,0.8,2.0,0.5,10,10.0,2810
2769,92,9,0.8,2.0,0.5,10,10.0,2811
2770,92,10,0.8,2.0,0.5,10,10.0,2812
2771,92,11,0.8,2.0,0.5,10,10.0,2813
2772,92,12,0.8,2.0,0.5,10,10.0,2814
2773,92,13,0.8,2.0,0.5,10,10.0,2815
2774,92,14,0.8,2.0,0.5,10,10.0,2816
2775,92,15,0.8,2.0,0.5,10,10.0,2817
2776,92,16,0.8,2.0,0.5,10,10.0,2818
2777,92,17,0.8,2.0,0.5,10,10.0,2819
2778,92,18,0.8,2.0,0.5,10,10.0,2820
2779,92,19,0.8,2.0,0.5,10,10.0,2821
2780,92,20,0.8,2.0,0.5,10,10.0,2822
2781,92,21,0.8,2.0,0.5,10,10.0,2823
2782,92,22,0.8,2.0,0.5,10,10.0,2824
2783,92,23,0.8,2.0,0.5,10,10.0,2825
2784,92,24,0.8,2.0,0.5,10,10.0,2826
2785,92,25,0.8,2.0,0.5,10,10.0,2827
2786,92,26,0.8,2.0,0.5,10,10.0,2828
2787,92,27,0.8,2.0,0.5,10,10.0,2829
2788,92,28,0.8,2.0,0.5,10,10.0,2830
2789,92,29,0.8,2.0,0.5,10,10.0,2831
2790,93,0,0.8,2.0,0.5,25,10.0,2832
2791,93,1,0.8,2.0,0.5,25,10.0,2833
2792,93,2,0.8,2.0,0.5,25,10.0,2834
2793,93,3,0.8,2.0,0.5,25,10.0,2835
2794,93,4,0.8,2.0,0.5,25,10.0,2836
2795,93,5,0.8,2.0,0.5,25,10.0,2837
2796,93,6,0.8,2.0,0.5,25,10.0,2838
2797,93,7,0.8,2.0,0.5,25,10.0,2839
2798,93,8,0.8,2.0,0.5,25,10.0,2840
2799,93,9,0.8,2.0,0.5,25,10.0,2841
2800,93,10,0.8,2.0,0.5,25,10.0,2842
2801,93,11,0.8,2.0,0.5,25,10.0,2843
2802,93,12,0.8,2.0,0.5,25,10.0,2844
2803,93,13,0.8,2.0,0.5,25,10.0,2845
2804,93,14,0.8,2.0,0.5,25,10.0,2846
2805,93,15,0.8,2.0,0.5,25,10.0,2847
2806,93,16,0.8,2.0,0.5,25,10.0,2848
2807,93,17,0.8,2.0,0.5,25,10.0,2849
2808,93,18,0.8,2.0,0.5,25,10.0,2850
2809,93,19,0.8,2.0,0.5,25,10.0,2851
2810,93,20,0.8,2.0,0.5,25,10.0,2852
2811,93,21,0.8,2.0,0.5,25,10.0,2853
2812,93,22,0.8,2.0,0.5,25,10.0,2854
2813,93,23,0.8,2.0,0.5,25,10.0,2855
2814,93,24,0.8,2.0,0.5,25,10.0,2856
2815,93,25,0.8,2.0,0.5,25,10.0,2857
2816,93,26,0.8,2.0,0.5,25,10.0,2858
2817,93,27,0.8,2.0,0.5,25,10.0,2859
2818,93,28,0.8,2.0,0.5,25,10.0,2860
2819,93,29,0.8,2.0,0.5,25,10.0,2861
2820,94,0,0.8,2.0,0.5,50,10.0,2862
2821,94,1,0.8,2.0,0.5,50,10.0,2863
2822,94,2,0.8,2.0,0.5,50,10.0,2864
2823,94,3,0.8,2.0,0.5,50,10.0,2865
2824,94,4,0.8,2.0,0.5,50,10.0,2866
2825,94,5,0.8,2.0,0.5,50,10.0,2867
2826,94,6,0.8,2.0,0.5,50,10.0,2868
2827,94,7,0.8,2.0,0.5,50,10.0,2869
2828,94,8,0.8,2.0,0.5,50,10.0,2870
2829,94,9,0.8,2.0,0.5,50,10.0,2871
2830,94,10,0.8,2.0,0.5,50,10.0,2872
2831,94,11,0.8,2.0,0.5,50,10.0,2873
2832,94,12,0.8,2.0,0.5,50,10.0,2874
2833,94,13,0.8,2.0,0.5,50,10.0,2875
2834,94,14,0.8,2.0,0.5,50,10.0,2876
2835,94,15,0.8,2.0,0.5,50,10.0,2877
2836,94,16,0.8,2.0,0.5,50,10.0,2878
2837,94,17,0.8,2.0,0.5,50,10.0,2879
2838,94,18,0.8,2.0,0.5,50,10.0,2880
2839,94,19,0.8,2.0,0.5,50,10.0,2881
2840,94,20,0.8,2.0,0.5,50,10.0,2882
2841,94,21,0.8,2.0,0.5,50,10.0,2883
2842,94,22,0.8,2.0,0.5,50,10.0,2884
2843,94,23,0.8,2.0,0.5,50,10.0,2885
2844,94,24,0.8,2.0,0.5,50,10.0,2886
2845,94,25,0.8,2.0,0.5,50,10.0,2887
2846,94,26,0.8,2.0,0.5,50,10.0,2888
2847,94,27,0.8,2.0,0.5,50,10.0,2889
2848,94,28,0.8,2.0,0.5,50,10.0,2890
2849,94,29,0.8,2.0,0.5,50,10.0,2891
2850,95,0,0.8,2.0,0.5,100,10.0,2892
2851,95,1,0.8,2.0,0.5,100,10.0,2893
2852,95,2,0.8,2.0,0.5,100,10.0,2894
2853,95,3,0.8,2.0,0.5,100,10.0,2895
2854,95,4,0.8,2.0,0.5,100,10.0,2896
2855,95,5,0.8,2.0,0.5,100,10.0,2897
2856,95,6,0.8,2.0,0.5,100,10.0,2898
2857,95,7,0.8,2.0,0.5,100,10.0,2899
2858,95,8,0.8,2.0,0.5,100,10.0,2900
2859,95,9,0.8,2.0,0.5,100,10.0,2901
2860,95,10,0.8,2.0,0.5,100,10.0,2902
2861,95,11,0.8,2.0,0.5,100,10.0,2903
2862,95,12,0.8,2.0,0.5,100,10.0,2904
2863,95,13,0.8,2.0,0.5,100,10.0,2905
2864,95,14,0.8,2.0,0.5,100,10.0,2906
2865,95,15,0.8,2.0,0.5,100,10.0,2907
2866,95,16,0.8,2.0,0.5,100,10.0,2908
2867,95,17,0.8,2.0,0.5,100,10.0,2909
2868,95,18,0.8,2.0,0.5,100,10.0,2910
2869,95,19,0.8,2.0,0.5,100,10.0,2911
2870,95,20,0.8,2.0,0.5,100,10.0,2912
2871,95,21,0.8,2.0,0.5,100,10.0,2913
2872,95,22,0.8,2.0,0.5,100,10.0,2914
2873,95,23,0.8,2.0,0.5,100,10.0,2915
2874,95,24,0.8,2.0,0.5,100,10.0,2916
2875,95,25,0.8,2.0,0.5,100,10.0,2917
2876,95,26,0.8,2.0,0.5,100,10.0,2918
2877,95,27,0.8,2.0,0.5,100,10.0,2919
2878,95,28,0.8,2.0,0.5,100,10.0,2920
2879,95,29,0.8,2.0,0.5,100,10.0,2921
2880,96,0,0.85,0.2,0.1,10,10.0,2922
2881,96,1,0.85,0.2,0.1,10,10.0,2923
2882,96,2,0.85,0.2,0.1,10,10.0,2924
2883,96,3,0.85,0.2,0.1,10,10.0,2925
2884,96,4,0.85,0.2,0.1,10,10.0,2926
2885,96,5,0.85,0.2,0.1,10,10.0,2927
2886,96,6,0.85,0.2,0.1,10,10.0,2928
2887,96,7,0.85,0.2,0.1,10,10.0,2929
2888,96,8,0.85,0.2,0.1,10,10.0,2930
2889,96,9,0.85,0.2,0.1,10,10.0,2931
2890,96,10,0.85,0.2,0.1,10,10.0,2932
2891,96,11,0.85,0.2,0.1,10,10.0,2933
2892,96,12,0.85,0.2,0.1,10,10.0,2934
2893,96,13,0.85,0.2,0.1,10,10.0,2935
2894,96,14,0.85,0.2,0.1,10,10.0,2936
2895,96,15,0.85,0.2,0.1,10,10.0,2937
2896,96,16,0.85,0.2,0.1,10,10.0,2938
2897,96,17,0.85,0.2,0.1,10,10.0,2939
2898,96,18,0.85,0.2,0.1,10,10.0,2940
2899,96,19,0.85,0.2,0.1,10,10.0,2941
2900,96,20,0.85,0.2,0.1,10,10.0,2942
2901,96,21,0.85,0.2,0.1,10,10.0,2943
2902,96,22,0.85,0.2,0.1,10,10.0,2944
2903,96,23,0.85,0.2,0.1,10,10.0,2945
2904,96,24,0.85,0.2,0.1,10,10.0,2946
2905,96,25,0.85,0.2,0.1,10,10.0,2947
2906,96,26,0.85,0.2,0.1,10,10.0,2948
2907,96,27,0.85,0.2,0.1,10,10.0,2949
2908,96,28,0.85,0.2,0.1,10,10.0,2950
2909,96,29,0.85,0.2,0.1,10,10.0,2951
2910,97,0,0.85,0.2,0.1,25,10.0,2952
2911,97,1,0.85,0.2,0.1,25,10.0,2953
2912,97,2,0.85,0.2,0.1,25,10.0,2954
2913,97,3,0.85,0.2,0.1,25,10.0,2955
2914,97,4,0.85,0.2,0.1,25,10.0,2956
2915,97,5,0.85,0.2,0.1,25,10.0,2957
2916,97,6,0.85,0.2,0.1,25,10.0,2958
2917,97,7,0.85,0.2,0.1,25,10.0,2959
2918,97,8,0.85,0.2,0.1,25,10.0,2960
2919,97,9,0.85,0.2,0.1,25,10.0,2961
2920,97,10,0.85,0.2,0.1,25,10.0,2962
2921,97,11,0.85,0.2,0.1,25,10.0,2963
2922,97,12,0.85,0.2,0.1,25,10.0,2964
2923,97,13,0.85,0.2,0.1,25,10.0,2965
2924,97,14,0.85,0.2,0.1,25,10.0,2966
2925,97,15,0.85,0.2,0.1,25,10.0,2967
2926,97,16,0.85,0.2,0.1,25,10.0,2968
2927,97,17,0.85,0.2,0.1,25,10.0,2969
2928,97,18,0.85,0.2,0.1,25,10.0,2970
2929,97,19,0.85,0.2,0.1,25,10.0,2971
2930,97,20,0.85,0.2,0.1,25,10.0,2972
2931,97,21,0.85,0.2,0.1,25,10.0,2973
2932,97,22,0.85,0.2,0.1,25,10.0,2974
2933,97,23,0.85,0.2,0.1,25,10.0,2975
2934,97,24,0.85,0.2,0.1,25,10.0,2976
2935,97,25,0.85,0.2,0.1,25,10.0,2977
2936,97,26,0.85,0.2,0.1,25,10.0,2978
2937,97,27,0.85,0.2,0.1,25,10.0,2979
2938,97,28,0.85,0.2,0.1,25,10.0,2980
2939,97,29,0.85,0.2,0.1,25,10.0,2981
2940,98,0,0.85,0.2,0.1,50,10.0,2982
2941,98,1,0.85,0.2,0.1,50,10.0,2983
2942,98,2,0.85,0.2,0.1,50,10.0,2984
2943,98,3,0.85,0.2,0.1,50,10.0,2985
2944,98,4,0.85,0.2,0.1,50,10.0,2986
2945,98,5,0.85,0.2,0.1,50,10.0,2987
2946,98,6,0.85,0.2,0.1,50,10.0,2988
2947,98,7,0.85,0.2,0.1,50,10.0,2989
2948,98,8,0.85,0.2,0.1,50,10.0,2990
2949,98,9,0.85,0.2,0.1,50,10.0,2991
2950,98,10,0.85,0.2,0.1,50,10.0,2992
2951,98,11,0.85,0.2,0.1,50,10.0,2993
2952,98,12,0.85,0.2,0.1,50,10.0,2994
2953,98,13,0.85,0.2,0.1,50,10.0,2995
2954,98,14,0.85,0.2,0.1,50,10.0,2996
2955,98,15,0.85,0.2,0.1,50,10.0,2997
2956,98,16,0.85,0.2,0.1,50,10.0,2998
2957,98,17,0.85,0.2,0.1,50,10.0,2999
2958,98,18,0.85,0.2,0.1,50,10.0,3000
2959,98,19,0.85,0.2,0.1,50,10.0,3001
2960,98,20,0.85,0.2,0.1,50,10.0,3002
2961,98,21,0.85,0.2,0.1,50,10.0,3003
2962,98,22,0.85,0.2,0.1,50,10.0,3004
2963,98,23,0.85,0.2,0.1,50,10.0,3005
2964,98,24,0.85,0.2,0.1,50,10.0,3006
2965,98,25,0.85,0.2,0.1,50,10.0,3007
2966,98,26,0.85,0.2,0.1,50,10.0,3008
2967,98,27,0.85,0.2,0.1,50,10.0,3009
2968,98,28,0.85,0.2,0.1,50,10.0,3010
2969,98,29,0.85,0.2,0.1,50,10.0,3011
2970,99,0,0.85,0.2,0.1,100,10.0,3012
2971,99,1,0.85,0.2,0.1,100,10.0,3013
2972,99,2,0.85,0.2,0.1,100,10.0,3014
2973,99,3,0.85,0.2,0.1,100,10.0,3015
2974,99,4,0.85,0.2,0.1,100,10.0,3016
2975,99,5,0.85,0.2,0.1,100,10.0,3017
2976,99,6,0.85,0.2,0.1,100,10.0,3018
2977,99,7,0.85,0.2,0.1,100,10.0,3019
2978,99,8,0.85,0.2,0.1,100,10.0,3020
2979,99,9,0.85,0.2,0.1,100,10.0,3021
2980,99,10,0.85,0.2,0.1,100,10.0,3022
2981,99,11,0.85,0.2,0.1,100,10.0,3023
2982,99,12,0.85,0.2,0.1,100,10.0,3024
2983,99,13,0.85,0.2,0.1,100,10.0,3025
2984,99,14,0.85,0.2,0.1,100,10.0,3026
2985,99,15,0.85,0.2,0.1,100,10.0,3027
2986,99,16,0.85,0.2,0.1,100,10.0,3028
2987,99,17,0.85,0.2,0.1,100,10.0,3029
2988,99,18,0.85,0.2,0.1,100,10.0,3030
2989,99,19,0.85,0.2,0.1,100,10.0,3031
2990,99,20,0.85,0.2,0.1,100,10.0,3032
2991,99,21,0.85,0.2,0.1,100,10.0,3033
2992,99,22,0.85,0.2,0.1,100,10.0,3034
2993,99,23,0.85,0.2,0.1,100,10.0,3035
2994,99,24,0.85,0.2,0.1,100,10.0,3036
2995,99,25,0.85,0.2,0.1,100,10.0,3037
2996,99,26,0.85,0.2,0.1,100,10.0,3038
2997,99,27,0.85,0.2,0.1,100,10.0,3039
2998,99,28,0.85,0.2,0.1,100,10.0,3040
2999,99,29,0.85,0.2,0.1,100,10.0,3041
3000,100,0,0.85,0.2,0.3,10,10.0,3042
3001,100,1,0.85,0.2,0.3,10,10.0,3043
3002,100,2,0.85,0.2,0.3,10,10.0,3044
3003,100,3,0.85,0.2,0.3,10,10.0,3045
3004,100,4,0.85,0.2,0.3,10,10.0,3046
3005,100,5,0.85,0.2,0.3,10,10.0,3047
3006,100,6,0.85,0.2,0.3,10,10.0,3048
3007,100,7,0.85,0.2,0.3,10,10.0,3049
3008,100,8,0.85,0.2,0.3,10,10.0,3050
3009,100,9,0.85,0.2,0.3,10,10.0,3051
3010,100,10,0.85,0.2,0.3,10,10.0,3052
3011,100,11,0.85,0.2,0.3,10,10.0,3053
3012,100,12,0.85,0.2,0.3,10,10.0,3054
3013,100,13,0.85,0.2,0.3,10,10.0,3055
3014,100,14,0.85,0.2,0.3,10,10.0,3056
3015,100,15,0.85,0.2,0.3,10,10.0,3057
3016,100,16,0.85,0.2,0.3,10,10.0,3058
3017,100,17,0.85,0.2,0.3,10,10.0,3059
3018,100,18,0.85,0.2,0.3,10,10.0,3060
3019,100,19,0.85,0.2,0.3,10,10.0,3061
3020,100,20,0.85,0.2,0.3,10,10.0,3062
3021,100,21,0.85,0.2,0.3,10,10.0,3063
3022,100,22,0.85,0.2,0.3,10,10.0,3064
3023,100,23,0.85,0.2,0.3,10,10.0,3065
3024,100,24,0.85,0.2,0.3,10,10.0,3066
3025,100,25,0.85,0.2,0.3,10,10.0,3067
3026,100,26,0.85,0.2,0.3,10,10.0,3068
3027,100,27,0.85,0.2,0.3,10,10.0,3069
3028,100,28,0.85,0.2,0.3,10,10.0,3070
3029,100,29,0.85,0.2,0.3,10,10.0,3071
3030,101,0,0.85,0.2,0.3,25,10.0,3072
3031,101,1,0.85,0.2,0.3,25,10.0,3073
3032,101,2,0.85,0.2,0.3,25,10.0,3074
3033,101,3,0.85,0.2,0.3,25,10.0,3075
3034,101,4,0.85,0.2,0.3,25,10.0,3076
3035,101,5,0.85,0.2,0.3,25,10.0,3077
3036,101,6,0.85,0.2,0.3,25,10.0,3078
3037,101,7,0.85,0.2,0.3,25,10.0,3079
3038,101,8,0.85,0.2,0.3,25,10.0,3080
3039,101,9,0.85,0.2,0.3,25,10.0,3081
3040,101,10,0.85,0.2,0.3,25,10.0,3082
3041,101,11,0.85,0.2,0.3,25,10.0,3083
3042,101,12,0.85,0.2,0.3,25,10.0,3084
3043,101,13,0.85,0.2,0.3,25,10.0,3085
3044,101,14,0.85,0.2,0.3,25,10.0,3086
3045,101,15,0.85,0.2,0.3,25,10.0,3087
3046,101,16,0.85,0.2,0.3,25,10.0,3088
3047,101,17,0.85,0.2,0.3,25,10.0,3089
3048,101,18,0.85,0.2,0.3,25,10.0,3090
3049,101,19,0.85,0.2,0.3,25,10.0,3091
3050,101,20,0.85,0.2,0.3,25,10.0,3092
3051,101,21,0.85,0.2,0.3,25,10.0,3093
3052,101,22,0.85,0.2,0.3,25,10.0,3094
3053,101,23,0.85,0.2,0.3,25,10.0,3095
3054,101,24,0.85,0.2,0.3,25,10.0,3096
3055,101,25,0.85,0.2,0.3,25,10.0,3097
3056,101,26,0.85,0.2,0.3,25,10.0,3098
3057,101,27,0.85,0.2,0.3,25,10.0,3099
3058,101,28,0.85,0.2,0.3,25,10.0,3100
3059,101,29,0.85,0.2,0.3,25,10.0,3101
3060,102,0,0.85,0.2,0.3,50,10.0,3102
3061,102,1,0.85,0.2,0.3,50,10.0,3103
3062,102,2,0.85,0.2,0.3,50,10.0,3104
3063,102,3,0.85,0.2,0.3,50,10.0,3105
3064,102,4,0.85,0.2,0.3,50,10.0,3106
3065,102,5,0.85,0.2,0.3,50,10.0,3107
3066,102,6,0.85,0.2,0.3,50,10.0,3108
3067,102,7,0.85,0.2,0.3,50,10.0,3109
3068,102,8,0.85,0.2,0.3,50,10.0,3110
3069,102,9,0.85,0.2,0.3,50,10.0,3111
3070,102,10,0.85,0.2,0.3,50,10.0,3112
3071,102,11,0.85,0.2,0.3,50,10.0,3113
3072,102,12,0.85,0.2,0.3,50,10.0,3114
3073,102,13,0.85,0.2,0.3,50,10.0,3115
3074,102,14,0.85,0.2,0.3,50,10.0,3116
3075,102,15,0.85,0.2,0.3,50,10.0,3117
3076,102,16,0.85,0.2,0.3,50,10.0,3118
3077,102,17,0.85,0.2,0.3,50,10.0,3119
3078,102,18,0.85,0.2,0.3,50,10.0,3120
3079,102,19,0.85,0.2,0.3,50,10.0,3121
3080,102,20,0.85,0.2,0.3,50,10.0,3122
3081,102,21,0.85,0.2,0.3,50,10.0,3123
3082,102,22,0.85,0.2,0.3,50,10.0,3124
3083,102,23,0.85,0.2,0.3,50,10.0,3125
3084,102,24,0.85,0.2,0.3,50,10.0,3126
3085,102,25,0.85,0.2,0.3,50,10.0,3127
3086,102,26,0.85,0.2,0.3,50,10.0,3128
3087,102,27,0.85,0.2,0.3,50,10.0,3129
3088,102,28,0.85,0.2,0.3,50,10.0,3130
3089,102,29,0.85,0.2,0.3,50,10.0,3131
3090,103,0,0.85,0.2,0.3,100,10.0,3132
3091,103,1,0.85,0.2,0.3,100,10.0,3133
3092,103,2,0.85,0.2,0.3,100,10.0,3134
3093,103,3,0.85,0.2,0.3,100,10.0,3135
3094,103,4,0.85,0.2,0.3,100,10.0,3136
3095,103,5,0.85,0.2,0.3,100,10.0,3137
3096,103,6,0.85,0.2,0.3,100,10.0,3138
3097,103,7,0.85,0.2,0.3,100,10.0,3139
3098,103,8,0.85,0.2,0.3,100,10.0,3140
3099,103,9,0.85,0.2,0.3,100,10.0,3141
3100,103,10,0.85,0.2,0.3,100,10.0,3142
3101,103,11,0.85,0.2,0.3,100,10.0,3143
3102,103,12,0.85,0.2,0.3,100,10.0,3144
3103,103,13,0.85,0.2,0.3,100,10.0,3145
3104,103,14,0.85,0.2,0.3,100,10.0,3146
3105,103,15,0.85,0.2,0.3,100,10.0,3147
3106,103,16,0.85,0.2,0.3,100,10.0,3148
3107,103,17,0.85,0.2,0.3,100,10.0,3149
3108,103,18,0.85,0.2,0.3,100,10.0,3150
3109,103,19,0.85,0.2,0.3,100,10.0,3151
3110,103,20,0.85,0.2,0.3,100,10.0,3152
3111,103,21,0.85,0.2,0.3,100,10.0,3153
3112,103,22,0.85,0.2,0.3,100,10.0,3154
3113,103,23,0.85,0.2,0.3,100,10.0,3155
3114,103,24,0.85,0.2,0.3,100,10.0,3156
3115,103,25,0.85,0.2,0.3,100,10.0,3157
3116,103,26,0.85,0.2,0.3,100,10.0,3158
3117,103,27,0.85,0.2,0.3,100,10.0,3159
3118,103,28,0.85,0.2,0.3,100,10.0,3160
3119,103,29,0.85,0.2,0.3,100,10.0,3161
3120,104,0,0.85,0.2,0.5,10,10.0,3162
3121,104,1,0.85,0.2,0.5,10,10.0,3163
3122,104,2,0.85,0.2,0.5,10,10.0,3164
3123,104,3,0.85,0.2,0.5,10,10.0,3165
3124,104,4,0.85,0.2,0.5,10,10.0,3166
3125,104,5,0.85,0.2,0.5,10,10.0,3167
3126,104,6,0.85,0.2,0.5,10,10.0,3168
3127,104,7,0.85,0.2,0.5,10,10.0,3169
3128,104,8,0.85,0.2,0.5,10,10.0,3170
3129,104,9,0.85,0.2,0.5,10,10.0,3171
3130,104,10,0.85,0.2,0.5,10,10.0,3172
3131,104,11,0.85,0.2,0.5,10,10.0,3173
3132,104,12,0.85,0.2,0.5,10,10.0,3174
3133,104,13,0.85,0.2,0.5,10,10.0,3175
3134,104,14,0.85,0.2,0.5,10,10.0,3176
3135,104,15,0.85,0.2,0.5,10,10.0,3177
3136,104,16,0.85,0.2,0.5,10,10.0,3178
3137,104,17,0.85,0.2,0.5,10,10.0,3179
3138,104,18,0.85,0.2,0.5,10,10.0,3180
3139,104,19,0.85,0.2,0.5,10,10.0,3181
3140,104,20,0.85,0.2,0.5,10,10.0,3182
3141,104,21,0.85,0.2,0.5,10,10.0,3183
3142,104,22,0.85,0.2,0.5,10,10.0,3184
3143,104,23,0.85,0.2,0.5,10,10.0,3185
3144,104,24,0.85,0.2,0.5,10,10.0,3186
3145,104,25,0.85,0.2,0.5,10,10.0,3187
3146,104,26,0.85,0.2,0.5,10,10.0,3188
3147,104,27,0.85,0.2,0.5,10,10.0,3189
3148,104,28,0.85,0.2,0.5,10,10.0,3190
3149,104,29,0.85,0.2,0.5,10,10.0,3191
3150,105,0,0.85,0.2,0.5,25,10.0,3192
3151,105,1,0.85,0.2,0.5,25,10.0,3193
3152,105,2,0.85,0.2,0.5,25,10.0,3194
3153,105,3,0.85,0.2,0.5,25,10.0,3195
3154,105,4,0.85,0.2,0.5,25,10.0,3196
3155,105,5,0.85,0.2,0.5,25,10.0,3197
3156,105,6,0.85,0.2,0.5,25,10.0,3198
3157,105,7,0.85,0.2,0.5,25,10.0,3199
3158,105,8,0.85,0.2,0.5,25,10.0,3200
3159,105,9,0.85,0.2,0.5,25,10.0,3201
3160,105,10,0.85,0.2,0.5,25,10.0,3202
3161,105,11,0.85,0.2,0.5,25,10.0,3203
3162,105,12,0.85,0.2,0.5,25,10.0,3204
3163,105,13,0.85,0.2,0.5,25,10.0,3205
3164,105,14,0.85,0.2,0.5,25,10.0,3206
3165,105,15,0.85,0.2,0.5,25,10.0,3207
3166,105,16,0.85,0.2,0.5,25,10.0,3208
3167,105,17,0.85,0.2,0.5,25,10.0,3209
3168,105,18,0.85,0.2,0.5,25,10.0,3210
3169,105,19,0.85,0.2,0.5,25,10.0,3211
3170,105,20,0.85,0.2,0.5,25,10.0,3212
3171,105,21,0.85,0.2,0.5,25,10.0,3213
3172,105,22,0.85,0.2,0.5,25,10.0,3214
3173,105,23,0.85,0.2,0.5,25,10.0,3215
3174,105,24,0.85,0.2,0.5,25,10.0,3216
3175,105,25,0.85,0.2,0.5,25,10.0,3217
3176,105,26,0.85,0.2,0.5,25,10.0,3218
3177,105,27,0.85,0.2,0.5,25,10.0,3219
3178,105,28,0.85,0.2,0.5,25,10.0,3220
3179,105,29,0.85,0.2,0.5,25,10.0,3221
3180,106,0,0.85,0.2,0.5,50,10.0,3222
3181,106,1,0.85,0.2,0.5,50,10.0,3223
3182,106,2,0.85,0.2,0.5,50,10.0,3224
3183,106,3,0.85,0.2,0.5,50,10.0,3225
3184,106,4,0.85,0.2,0.5,50,10.0,3226
3185,106,5,0.85,0.2,0.5,50,10.0,3227
3186,106,6,0.85,0.2,0.5,50,10.0,3228
3187,106,7,0.85,0.2,0.5,50,10.0,3229
3188,106,8,0.85,0.2,0.5,50,10.0,3230
3189,106,9,0.85,0.2,0.5,50,10.0,3231
3190,106,10,0.85,0.2,0.5,50,10.0,3232
3191,106,11,0.85,0.2,0.5,50,10.0,3233
3192,106,12,0.85,0.2,0.5,50,10.0,3234
3193,106,13,0.85,0.2,0.5,50,10.0,3235
3194,106,14,0.85,0.2,0.5,50,10.0,3236
3195,106,15,0.85,0.2,0.5,50,10.0,3237
3196,106,16,0.85,0.2,0.5,50,10.0,3238
3197,106,17,0.85,0.2,0.5,50,10.0,3239
3198,106,18,0.85,0.2,0.5,50,10.0,3240
3199,106,19,0.85,0.2,0.5,50,10.0,3241
3200,106,20,0.85,0.2,0.5,50,10.0,3242
3201,106,21,0.85,0.2,0.5,50,10.0,3243
3202,106,22,0.85,0.2,0.5,50,10.0,3244
3203,106,23,0.85,0.2,0.5,50,10.0,3245
3204,106,24,0.85,0.2,0.5,50,10.0,3246
3205,106,25,0.85,0.2,0.5,50,10.0,3247
3206,106,26,0.85,0.2,0.5,50,10.0,3248
3207,106,27,0.85,0.2,0.5,50,10.0,3249
3208,106,28,0.85,0.2,0.5,50,10.0,3250
3209,106,29,0.85,0.2,0.5,50,10.0,3251
3210,107,0,0.85,0.2,0.5,100,10.0,3252
3211,107,1,0.85,0.2,0.5,100,10.0,3253
3212,107,2,0.85,0.2,0.5,100,10.0,3254
3213,107,3,0.85,0.2,0.5,100,10.0,3255
3214,107,4,0.85,0.2,0.5,100,10.0,3256
3215,107,5,0.85,0.2,0.5,100,10.0,3257
3216,107,6,0.85,0.2,0.5,100,10.0,3258
3217,107,7,0.85,0.2,0.5,100,10.0,3259
3218,107,8,0.85,0.2,0.5,100,10.0,3260
3219,107,9,0.85,0.2,0.5,100,10.0,3261
3220,107,10,0.85,0.2,0.5,100,10.0,3262
3221,107,11,0.85,0.2,0.5,100,10.0,3263
3222,107,12,0.85,0.2,0.5,100,10.0,3264
3223,107,13,0.85,0.2,0.5,100,10.0,3265
3224,107,14,0.85,0.2,0.5,100,10.0,3266
3225,107,15,0.85,0.2,0.5,100,10.0,3267
3226,107,16,0.85,0.2,0.5,100,10.0,3268
3227,107,17,0.85,0.2,0.5,100,10.0,3269
3228,107,18,0.85,0.2,0.5,100,10.0,3270
3229,107,19,0.85,0.2,0.5,100,10.0,3271
3230,107,20,0.85,0.2,0.5,100,10.0,3272
3231,107,21,0.85,0.2,0.5,100,10.0,3273
3232,107,22,0.85,0.2,0.5,100,10.0,3274
3233,107,23,0.85,0.2,0.5,100,10.0,3275
3234,107,24,0.85,0.2,0.5,100,10.0,3276
3235,107,25,0.85,0.2,0.5,100,10.0,3277
3236,107,26,0.85,0.2,0.5,100,10.0,3278
3237,107,27,0.85,0.2,0.5,100,10.0,3279
3238,107,28,0.85,0.2,0.5,100,10.0,3280
3239,107,29,0.85,0.2,0.5,100,10.0,3281
3240,108,0,0.85,0.5,0.1,10,10.0,3282
3241,108,1,0.85,0.5,0.1,10,10.0,3283
3242,108,2,0.85,0.5,0.1,10,10.0,3284
3243,108,3,0.85,0.5,0.1,10,10.0,3285
3244,108,4,0.85,0.5,0.1,10,10.0,3286
3245,108,5,0.85,0.5,0.1,10,10.0,3287
3246,108,6,0.85,0.5,0.1,10,10.0,3288
3247,108,7,0.85,0.5,0.1,10,10.0,3289
3248,108,8,0.85,0.5,0.1,10,10.0,3290
3249,108,9,0.85,0.5,0.1,10,10.0,3291
3250,108,10,0.85,0.5,0.1,10,10.0,3292
3251,108,11,0.85,0.5,0.1,10,10.0,3293
3252,108,12,0.85,0.5,0.1,10,10.0,3294
3253,108,13,0.85,0.5,0.1,10,10.0,3295
3254,108,14,0.85,0.5,0.1,10,10.0,3296
3255,108,15,0.85,0.5,0.1,10,10.0,3297
3256,108,16,0.85,0.5,0.1,10,10.0,3298
3257,108,17,0.85,0.5,0.1,10,10.0,3299
3258,108,18,0.85,0.5,0.1,10,10.0,3300
3259,108,19,0.85,0.5,0.1,10,10.0,3301
3260,108,20,0.85,0.5,0.1,10,10.0,3302
3261,108,21,0.85,0.5,0.1,10,10.0,3303
3262,108,22,0.85,0.5,0.1,10,10.0,3304
3263,108,23,0.85,0.5,0.1,10,10.0,3305
3264,108,24,0.85,0.5,0.1,10,10.0,3306
3265,108,25,0.85,0.5,0.1,10,10.0,3307
3266,108,26,0.85,0.5,0.1,10,10.0,3308
3267,108,27,0.85,0.5,0.1,10,10.0,3309
3268,108,28,0.85,0.5,0.1,10,10.0,3310
3269,108,29,0.85,0.5,0.1,10,10.0,3311
3270,109,0,0.85,0.5,0.1,25,10.0,3312
3271,109,1,0.85,0.5,0.1,25,10.0,3313
3272,109,2,0.85,0.5,0.1,25,10.0,3314
3273,109,3,0.85,0.5,0.1,25,10.0,3315
3274,109,4,0.85,0.5,0.1,25,10.0,3316
3275,109,5,0.85,0.5,0.1,25,10.0,3317
3276,109,6,0.85,0.5,0.1,25,10.0,3318
3277,109,7,0.85,0.5,0.1,25,10.0,3319
3278,109,8,0.85,0.5,0.1,25,10.0,3320
3279,109,9,0.85,0.5,0.1,25,10.0,3321
3280,109,10,0.85,0.5,0.1,25,10.0,3322
3281,109,11,0.85,0.5,0.1,25,10.0,3323
3282,109,12,0.85,0.5,0.1,25,10.0,3324
3283,109,13,0.85,0.5,0.1,25,10.0,3325
3284,109,14,0.85,0.5,0.1,25,10.0,3326
3285,109,15,0.85,0.5,0.1,25,10.0,3327
3286,109,16,0.85,0.5,0.1,25,10.0,3328
3287,109,17,0.85,0.5,0.1,25,10.0,3329
3288,109,18,0.85,0.5,0.1,25,10.0,3330
3289,109,19,0.85,0.5,0.1,25,10.0,3331
3290,109,20,0.85,0.5,0.1,25,10.0,3332
3291,109,21,0.85,0.5,0.1,25,10.0,3333
3292,109,22,0.85,0.5,0.1,25,10.0,3334
3293,109,23,0.85,0.5,0.1,25,10.0,3335
3294,109,24,0.85,0.5,0.1,25,10.0,3336
3295,109,25,0.85,0.5,0.1,25,10.0,3337
3296,109,26,0.85,0.5,0.1,25,10.0,3338
3297,109,27,0.85,0.5,0.1,25,10.0,3339
3298,109,28,0.85,0.5,0.1,25,10.0,3340
3299,109,29,0.85,0.5,0.1,25,10.0,3341
3300,110,0,0.85,0.5,0.1,50,10.0,3342
3301,110,1,0.85,0.5,0.1,50,10.0,3343
3302,110,2,0.85,0.5,0.1,50,10.0,3344
3303,110,3,0.85,0.5,0.1,50,10.0,3345
3304,110,4,0.85,0.5,0.1,50,10.0,3346
3305,110,5,0.85,0.5,0.1,50,10.0,3347
3306,110,6,0.85,0.5,0.1,50,10.0,3348
3307,110,7,0.85,0.5,0.1,50,10.0,3349
3308,110,8,0.85,0.5,0.1,50,10.0,3350
3309,110,9,0.85,0.5,0.1,50,10.0,3351
3310,110,10,0.85,0.5,0.1,50,10.0,3352
3311,110,11,0.85,0.5,0.1,50,10.0,3353
3312,110,12,0.85,0.5,0.1,50,10.0,3354
3313,110,13,0.85,0.5,0.1,50,10.0,3355
3314,110,14,0.85,0.5,0.1,50,10.0,3356
3315,110,15,0.85,0.5,0.1,50,10.0,3357
3316,110,16,0.85,0.5,0.1,50,10.0,3358
3317,110,17,0.85,0.5,0.1,50,10.0,3359
3318,110,18,0.85,0.5,0.1,50,10.0,3360
3319,110,19,0.85,0.5,0.1,50,10.0,3361
3320,110,20,0.85,0.5,0.1,50,10.0,3362
3321,110,21,0.85,0.5,0.1,50,10.0,3363
3322,110,22,0.85,0.5,0.1,50,10.0,3364
3323,110,23,0.85,0.5,0.1,50,10.0,3365
3324,110,24,0.85,0.5,0.1,50,10.0,3366
3325,110,25,0.85,0.5,0.1,50,10.0,3367
3326,110,26,0.85,0.5,0.1,50,10.0,3368
3327,110,27,0.85,0.5,0.1,50,10.0,3369
3328,110,28,0.85,0.5,0.1,50,10.0,3370
3329,110,29,0.85,0.5,0.1,50,10.0,3371
3330,111,0,0.85,0.5,0.1,100,10.0,3372
3331,111,1,0.85,0.5,0.1,100,10.0,3373
3332,111,2,0.85,0.5,0.1,100,10.0,3374
3333,111,3,0.85,0.5,0.1,100,10.0,3375
3334,111,4,0.85,0.5,0.1,100,10.0,3376
3335,111,5,0.85,0.5,0.1,100,10.0,3377
3336,111,6,0.85,0.5,0.1,100,10.0,3378
3337,111,7,0.85,0.5,0.1,100,10.0,3379
3338,111,8,0.85,0.5,0.1,100,10.0,3380
3339,111,9,0.85,0.5,0.1,100,10.0,3381
3340,111,10,0.85,0.5,0.1,100,10.0,3382
3341,111,11,0.85,0.5,0.1,100,10.0,3383
3342,111,12,0.85,0.5,0.1,100,10.0,3384
3343,111,13,0.85,0.5,0.1,100,10.0,3385
3344,111,14,0.85,0.5,0.1,100,10.0,3386
3345,111,15,0.85,0.5,0.1,100,10.0,3387
3346,111,16,0.85,0.5,0.1,100,10.0,3388
3347,111,17,0.85,0.5,0.1,100,10.0,3389
3348,111,18,0.85,0.5,0.1,100,10.0,3390
3349,111,19,0.85,0.5,0.1,100,10.0,3391
3350,111,20,0.85,0.5,0.1,100,10.0,3392
3351,111,21,0.85,0.5,0.1,100,10.0,3393
3352,111,22,0.85,0.5,0.1,100,10.0,3394
3353,111,23,0.85,0.5,0.1,100,10.0,3395
3354,111,24,0.85,0.5,0.1,100,10.0,3396
3355,111,25,0.85,0.5,0.1,100,10.0,3397
3356,111,26,0.85,0.5,0.1,100,10.0,3398
3357,111,27,0.85,0.5,0.1,100,10.0,3399
3358,111,28,0.85,0.5,0.1,100,10.0,3400
3359,111,29,0.85,0.5,0.1,100,10.0,3401
3360,112,0,0.85,0.5,0.3,10,10.0,3402
3361,112,1,0.85,0.5,0.3,10,10.0,3403
3362,112,2,0.85,0.5,0.3,10,10.0,3404
3363,112,3,0.85,0.5,0.3,10,10.0,3405
3364,112,4,0.85,0.5,0.3,10,10.0,3406
3365,112,5,0.85,0.5,0.3,10,10.0,3407
3366,112,6,0.85,0.5,0.3,10,10.0,3408
3367,112,7,0.85,0.5,0.3,10,10.0,3409
3368,112,8,0.85,0.5,0.3,10,10.0,3410
3369,112,9,0.85,0.5,0.3,10,10.0,3411
3370,112,10,0.85,0.5,0.3,10,10.0,3412
3371,112,11,0.85,0.5,0.3,10,10.0,3413
3372,112,12,0.85,0.5,0.3,10,10.0,3414
3373,112,13,0.85,0.5,0.3,10,10.0,3415
3374,112,14,0.85,0.5,0.3,10,10.0,3416
3375,112,15,0.85,0.5,0.3,10,10.0,3417
3376,112,16,0.85,0.5,0.3,10,10.0,3418
3377,112,17,0.85,0.5,0.3,10,10.0,3419
3378,112,18,0.85,0.5,0.3,10,10.0,3420
3379,112,19,0.85,0.5,0.3,10,10.0,3421
3380,112,20,0.85,0.5,0.3,10,10.0,3422
3381,112,21,0.85,0.5,0.3,10,10.0,3423
3382,112,22,0.85,0.5,0.3,10,10.0,3424
3383,112,23,0.85,0.5,0.3,10,10.0,3425
3384,112,24,0.85,0.5,0.3,10,10.0,3426
3385,112,25,0.85,0.5,0.3,10,10.0,3427
3386,112,26,0.85,0.5,0.3,10,10.0,3428
3387,112,27,0.85,0.5,0.3,10,10.0,3429
3388,112,28,0.85,0.5,0.3,10,10.0,3430
3389,112,29,0.85,0.5,0.3,10,10.0,3431
3390,113,0,0.85,0.5,0.3,25,10.0,3432
3391,113,1,0.85,0.5,0.3,25,10.0,3433
3392,113,2,0.85,0.5,0.3,25,10.0,3434
3393,113,3,0.85,0.5,0.3,25,10.0,3435
3394,113,4,0.85,0.5,0.3,25,10.0,3436
3395,113,5,0.85,0.5,0.3,25,10.0,3437
3396,113,6,0.85,0.5,0.3,25,10.0,3438
3397,113,7,0.85,0.5,0.3,25,10.0,3439
3398,113,8,0.85,0.5,0.3,25,10.0,3440
3399,113,9,0.85,0.5,0.3,25,10.0,3441
3400,113,10,0.85,0.5,0.3,25,10.0,3442
3401,113,11,0.85,0.5,0.3,25,10.0,3443
3402,113,12,0.85,0.5,0.3,25,10.0,3444
3403,113,13,0.85,0.5,0.3,25,10.0,3445
3404,113,14,0.85,0.5,0.3,25,10.0,3446
3405,113,15,0.85,0.5,0.3,25,10.0,3447
3406,113,16,0.85,0.5,0.3,25,10.0,3448
3407,113,17,0.85,0.5,0.3,25,10.0,3449
3408,113,18,0.85,0.5,0.3,25,10.0,3450
3409,113,19,0.85,0.5,0.3,25,10.0,3451
3410,113,20,0.85,0.5,0.3,25,10.0,3452
3411,113,21,0.85,0.5,0.3,25,10.0,3453
3412,113,22,0.85,0.5,0.3,25,10.0,3454
3413,113,23,0.85,0.5,0.3,25,10.0,3455
3414,113,24,0.85,0.5,0.3,25,10.0,3456
3415,113,25,0.85,0.5,0.3,25,10.0,3457
3416,113,26,0.85,0.5,0.3,25,10.0,3458
3417,113,27,0.85,0.5,0.3,25,10.0,3459
3418,113,28,0.85,0.5,0.3,25,10.0,3460
3419,113,29,0.85,0.5,0.3,25,10.0,3461
3420,114,0,0.85,0.5,0.3,50,10.0,3462
3421,114,1,0.85,0.5,0.3,50,10.0,3463
3422,114,2,0.85,0.5,0.3,50,10.0,3464
3423,114,3,0.85,0.5,0.3,50,10.0,3465
3424,114,4,0.85,0.5,0.3,50,10.0,3466
3425,114,5,0.85,0.5,0.3,50,10.0,3467
3426,114,6,0.85,0.5,0.3,50,10.0,3468
3427,114,7,0.85,0.5,0.3,50,10.0,3469
3428,114,8,0.85,0.5,0.3,50,10.0,3470
3429,114,9,0.85,0.5,0.3,50,10.0,3471
3430,114,10,0.85,0.5,0.3,50,10.0,3472
3431,114,11,0.85,0.5,0.3,50,10.0,3473
3432,114,12,0.85,0.5,0.3,50,10.0,3474
3433,114,13,0.85,0.5,0.3,50,10.0,3475
3434,114,14,0.85,0.5,0.3,50,10.0,3476
3435,114,15,0.85,0.5,0.3,50,10.0,3477
3436,114,16,0.85,0.5,0.3,50,10.0,3478
3437,114,17,0.85,0.5,0.3,50,10.0,3479
3438,114,18,0.85,0.5,0.3,50,10.0,3480
3439,114,19,0.85,0.5,0.3,50,10.0,3481
3440,114,20,0.85,0.5,0.3,50,10.0,3482
3441,114,21,0.85,0.5,0.3,50,10.0,3483
3442,114,22,0.85,0.5,0.3,50,10.0,3484
3443,114,23,0.85,0.5,0.3,50,10.0,3485
3444,114,24,0.85,0.5,0.3,50,10.0,3486
3445,114,25,0.85,0.5,0.3,50,10.0,3487
3446,114,26,0.85,0.5,0.3,50,10.0,3488
3447,114,27,0.85,0.5,0.3,50,10.0,3489
3448,114,28,0.85,0.5,0.3,50,10.0,3490
3449,114,29,0.85,0.5,0.3,50,10.0,3491
3450,115,0,0.85,0.5,0.3,100,10.0,3492
3451,115,1,0.85,0.5,0.3,100,10.0,3493
3452,115,2,0.85,0.5,0.3,100,10.0,3494
3453,115,3,0.85,0.5,0.3,100,10.0,3495
3454,115,4,0.85,0.5,0.3,100,10.0,3496
3455,115,5,0.85,0.5,0.3,100,10.0,3497
3456,115,6,0.85,0.5,0.3,100,10.0,3498
3457,115,7,0.85,0.5,0.3,100,10.0,3499
3458,115,8,0.85,0.5,0.3,100,10.0,3500
3459,115,9,0.85,0.5,0.3,100,10.0,3501
3460,115,10,0.85,0.5,0.3,100,10.0,3502
3461,115,11,0.85,0.5,0.3,100,10.0,3503
3462,115,12,0.85,0.5,0.3,100,10.0,3504
3463,115,13,0.85,0.5,0.3,100,10.0,3505
3464,115,14,0.85,0.5,0.3,100,10.0,3506
3465,115,15,0.85,0.5,0.3,100,10.0,3507
3466,115,16,0.85,0.5,0.3,100,10.0,3508
3467,115,17,0.85,0.5,0.3,100,10.0,3509
3468,115,18,0.85,0.5,0.3,100,10.0,3510
3469,115,19,0.85,0.5,0.3,100,10.0,3511
3470,115,20,0.85,0.5,0.3,100,10.0,3512
3471,115,21,0.85,0.5,0.3,100,10.0,3513
3472,115,22,0.85,0.5,0.3,100,10.0,3514
3473,115,23,0.85,0.5,0.3,100,10.0,3515
3474,115,24,0.85,0.5,0.3,100,10.0,3516
3475,115,25,0.85,0.5,0.3,100,10.0,3517
3476,115,26,0.85,0.5,0.3,100,10.0,3518
3477,115,27,0.85,0.5,0.3,100,10.0,3519
3478,115,28,0.85,0.5,0.3,100,10.0,3520
3479,115,29,0.85,0.5,0.3,100,10.0,3521
3480,116,0,0.85,0.5,0.5,10,10.0,3522
3481,116,1,0.85,0.5,0.5,10,10.0,3523
3482,116,2,0.85,0.5,0.5,10,10.0,3524
3483,116,3,0.85,0.5,0.5,10,10.0,3525
3484,116,4,0.85,0.5,0.5,10,10.0,3526
3485,116,5,0.85,0.5,0.5,10,10.0,3527
3486,116,6,0.85,0.5,0.5,10,10.0,3528
3487,116,7,0.85,0.5,0.5,10,10.0,3529
3488,116,8,0.85,0.5,0.5,10,10.0,3530
3489,116,9,0.85,0.5,0.5,10,10.0,3531
3490,116,10,0.85,0.5,0.5,10,10.0,3532
3491,116,11,0.85,0.5,0.5,10,10.0,3533
3492,116,12,0.85,0.5,0.5,10,10.0,3534
3493,116,13,0.85,0.5,0.5,10,10.0,3535
3494,116,14,0.85,0.5,0.5,10,10.0,3536
3495,116,15,0.85,0.5,0.5,10,10.0,3537
3496,116,16,0.85,0.5,0.5,10,10.0,3538
3497,116,17,0.85,0.5,0.5,10,10.0,3539
3498,116,18,0.85,0.5,0.5,10,10.0,3540
3499,116,19,0.85,0.5,0.5,10,10.0,3541
3500,116,20,0.85,0.5,0.5,10,10.0,3542
3501,116,21,0.85,0.5,0.5,10,10.0,3543
3502,116,22,0.85,0.5,0.5,10,10.0,3544
3503,116,23,0.85,0.5,0.5,10,10.0,3545
3504,116,24,0.85,0.5,0.5,10,10.0,3546
3505,116,25,0.85,0.5,0.5,10,10.0,3547
3506,116,26,0.85,0.5,0.5,10,10.0,3548
3507,116,27,0.85,0.5,0.5,10,10.0,3549
3508,116,28,0.85,0.5,0.5,10,10.0,3550
3509,116,29,0.85,0.5,0.5,10,10.0,3551
3510,117,0,0.85,0.5,0.5,25,10.0,3552
3511,117,1,0.85,0.5,0.5,25,10.0,3553
3512,117,2,0.85,0.5,0.5,25,10.0,3554
3513,117,3,0.85,0.5,0.5,25,10.0,3555
3514,117,4,0.85,0.5,0.5,25,10.0,3556
3515,117,5,0.85,0.5,0.5,25,10.0,3557
3516,117,6,0.85,0.5,0.5,25,10.0,3558
3517,117,7,0.85,0.5,0.5,25,10.0,3559
3518,117,8,0.85,0.5,0.5,25,10.0,3560
3519,117,9,0.85,0.5,0.5,25,10.0,3561
3520,117,10,0.85,0.5,0.5,25,10.0,3562
3521,117,11,0.85,0.5,0.5,25,10.0,3563
3522,117,12,0.85,0.5,0.5,25,10.0,3564
3523,117,13,0.85,0.5,0.5,25,10.0,3565
3524,117,14,0.85,0.5,0.5,25,10.0,3566
3525,117,15,0.85,0.5,0.5,25,10.0,3567
3526,117,16,0.85,0.5,0.5,25,10.0,3568
3527,117,17,0.85,0.5,0.5,25,10.0,3569
3528,117,18,0.85,0.5,0.5,25,10.0,3570
3529,117,19,0.85,0.5,0.5,25,10.0,3571
3530,117,20,0.85,0.5,0.5,25,10.0,3572
3531,117,21,0.85,0.5,0.5,25,10.0,3573
3532,117,22,0.85,0.5,0.5,25,10.0,3574
3533,117,23,0.85,0.5,0.5,25,10.0,3575
3534,117,24,0.85,0.5,0.5,25,10.0,3576
3535,117,25,0.85,0.5,0.5,25,10.0,3577
3536,117,26,0.85,0.5,0.5,25,10.0,3578
3537,117,27,0.85,0.5,0.5,25,10.0,3579
3538,117,28,0.85,0.5,0.5,25,10.0,3580
3539,117,29,0.85,0.5,0.5,25,10.0,3581
3540,118,0,0.85,0.5,0.5,50,10.0,3582
3541,118,1,0.85,0.5,0.5,50,10.0,3583
3542,118,2,0.85,0.5,0.5,50,10.0,3584
3543,118,3,0.85,0.5,0.5,50,10.0,3585
3544,118,4,0.85,0.5,0.5,50,10.0,3586
3545,118,5,0.85,0.5,0.5,50,10.0,3587
3546,118,6,0.85,0.5,0.5,50,10.0,3588
3547,118,7,0.85,0.5,0.5,50,10.0,3589
3548,118,8,0.85,0.5,0.5,50,10.0,3590
3549,118,9,0.85,0.5,0.5,50,10.0,3591
3550,118,10,0.85,0.5,0.5,50,10.0,3592
3551,118,11,0.85,0.5,0.5,50,10.0,3593
3552,118,12,0.85,0.5,0.5,50,10.0,3594
3553,118,13,0.85,0.5,0.5,50,10.0,3595
3554,118,14,0.85,0.5,0.5,50,10.0,3596
3555,118,15,0.85,0.5,0.5,50,10.0,3597
3556,118,16,0.85,0.5,0.5,50,10.0,3598
3557,118,17,0.85,0.5,0.5,50,10.0,3599
3558,118,18,0.85,0.5,0.5,50,10.0,3600
3559,118,19,0.85,0.5,0.5,50,10.0,3601
3560,118,20,0.85,0.5,0.5,50,10.0,3602
3561,118,21,0.85,0.5,0.5,50,10.0,3603
3562,118,22,0.85,0.5,0.5,50,10.0,3604
3563,118,23,0.85,0.5,0.5,50,10.0,3605
3564,118,24,0.85,0.5,0.5,50,10.0,3606
3565,118,25,0.85,0.5,0.5,50,10.0,3607
3566,118,26,0.85,0.5,0.5,50,10.0,3608
3567,118,27,0.85,0.5,0.5,50,10.0,3609
3568,118,28,0.85,0.5,0.5,50,10.0,3610
3569,118,29,0.85,0.5,0.5,50,10.0,3611
3570,119,0,0.85,0.5,0.5,100,10.0,3612
3571,119,1,0.85,0.5,0.5,100,10.0,3613
3572,119,2,0.85,0.5,0.5,100,10.0,3614
3573,119,3,0.85,0.5,0.5,100,10.0,3615
3574,119,4,0.85,0.5,0.5,100,10.0,3616
3575,119,5,0.85,0.5,0.5,100,10.0,3617
3576,119,6,0.85,0.5,0.5,100,10.0,3618
3577,119,7,0.85,0.5,0.5,100,10.0,3619
3578,119,8,0.85,0.5,0.5,100,10.0,3620
3579,119,9,0.85,0.5,0.5,100,10.0,3621
3580,119,10,0.85,0.5,0.5,100,10.0,3622
3581,119,11,0.85,0.5,0.5,100,10.0,3623
3582,119,12,0.85,0.5,0.5,100,10.0,3624
3583,119,13,0.85,0.5,0.5,100,10.0,3625
3584,119,14,0.85,0.5,0.5,100,10.0,3626
3585,119,15,0.85,0.5,0.5,100,10.0,3627
3586,119,16,0.85,0.5,0.5,100,10.0,3628
3587,119,17,0.85,0.5,0.5,100,10.0,3629
3588,119,18,0.85,0.5,0.5,100,10.0,3630
3589,119,19,0.85,0.5,0.5,100,10.0,3631
3590,119,20,0.85,0.5,0.5,100,10.0,3632
3591,119,21,0.85,0.5,0.5,100,10.0,3633
3592,119,22,0.85,0.5,0.5,100,10.0,3634
3593,119,23,0.85,0.5,0.5,100,10.0,3635
3594,119,24,0.85,0.5,0.5,100,10.0,3636
3595,119,25,0.85,0.5,0.5,100,10.0,3637
3596,119,26,0.85,0.5,0.5,100,10.0,3638
3597,119,27,0.85,0.5,0.5,100,10.0,3639
3598,119,28,0.85,0.5,0.5,100,10.0,3640
3599,119,29,0.85,0.5,0.5,100,10.0,3641
3600,120,0,0.85,1.0,0.1,10,10.0,3642
3601,120,1,0.85,1.0,0.1,10,10.0,3643
3602,120,2,0.85,1.0,0.1,10,10.0,3644
3603,120,3,0.85,1.0,0.1,10,10.0,3645
3604,120,4,0.85,1.0,0.1,10,10.0,3646
3605,120,5,0.85,1.0,0.1,10,10.0,3647
3606,120,6,0.85,1.0,0.1,10,10.0,3648
3607,120,7,0.85,1.0,0.1,10,10.0,3649
3608,120,8,0.85,1.0,0.1,10,10.0,3650
3609,120,9,0.85,1.0,0.1,10,10.0,3651
3610,120,10,0.85,1.0,0.1,10,10.0,3652
3611,120,11,0.85,1.0,0.1,10,10.0,3653
3612,120,12,0.85,1.0,0.1,10,10.0,3654
3613,120,13,0.85,1.0,0.1,10,10.0,3655
3614,120,14,0.85,1.0,0.1,10,10.0,3656
3615,120,15,0.85,1.0,0.1,10,10.0,3657
3616,120,16,0.85,1.0,0.1,10,10.0,3658
3617,120,17,0.85,1.0,0.1,10,10.0,3659
3618,120,18,0.85,1.0,0.1,10,10.0,3660
3619,120,19,0.85,1.0,0.1,10,10.0,3661
3620,120,20,0.85,1.0,0.1,10,10.0,3662
3621,120,21,0.85,1.0,0.1,10,10.0,3663
3622,120,22,0.85,1.0,0.1,10,10.0,3664
3623,120,23,0.85,1.0,0.1,10,10.0,3665
3624,120,24,0.85,1.0,0.1,10,10.0,3666
3625,120,25,0.85,1.0,0.1,10,10.0,3667
3626,120,26,0.85,1.0,0.1,10,10.0,3668
3627,120,27,0.85,1.0,0.1,10,10.0,3669
3628,120,28,0.85,1.0,0.1,10,10.0,3670
3629,120,29,0.85,1.0,0.1,10,10.0,3671
3630,121,0,0.85,1.0,0.1,25,10.0,3672
3631,121,1,0.85,1.0,0.1,25,10.0,3673
3632,121,2,0.85,1.0,0.1,25,10.0,3674
3633,121,3,0.85,1.0,0.1,25,10.0,3675
3634,121,4,0.85,1.0,0.1,25,10.0,3676
3635,121,5,0.85,1.0,0.1,25,10.0,3677
3636,121,6,0.85,1.0,0.1,25,10.0,3678
3637,121,7,0.85,1.0,0.1,25,10.0,3679
3638,121,8,0.85,1.0,0.1,25,10.0,3680
3639,121,9,0.85,1.0,0.1,25,10.0,3681
3640,121,10,0.85,1.0,0.1,25,10.0,3682
3641,121,11,0.85,1.0,0.1,25,10.0,3683
3642,121,12,0.85,1.0,0.1,25,10.0,3684
3643,121,13,0.85,1.0,0.1,25,10.0,3685
3644,121,14,0.85,1.0,0.1,25,10.0,3686
3645,121,15,0.85,1.0,0.1,25,10.0,3687
3646,121,16,0.85,1.0,0.1,25,10.0,3688
3647,121,17,0.85,1.0,0.1,25,10.0,3689
3648,121,18,0.85,1.0,0.1,25,10.0,3690
3649,121,19,0.85,1.0,0.1,25,10.0,3691
3650,121,20,0.85,1.0,0.1,25,10.0,3692
3651,121,21,0.85,1.0,0.1,25,10.0,3693
3652,121,22,0.85,1.0,0.1,25,10.0,3694
3653,121,23,0.85,1.0,0.1,25,10.0,3695
3654,121,24,0.85,1.0,0.1,25,10.0,3696
3655,121,25,0.85,1.0,0.1,25,10.0,3697
3656,121,26,0.85,1.0,0.1,25,10.0,3698
3657,121,27,0.85,1.0,0.1,25,10.0,3699
3658,121,28,0.85,1.0,0.1,25,10.0,3700
3659,121,29,0.85,1.0,0.1,25,10.0,3701
3660,122,0,0.85,1.0,0.1,50,10.0,3702
3661,122,1,0.85,1.0,0.1,50,10.0,3703
3662,122,2,0.85,1.0,0.1,50,10.0,3704
3663,122,3,0.85,1.0,0.1,50,10.0,3705
3664,122,4,0.85,1.0,0.1,50,10.0,3706
3665,122,5,0.85,1.0,0.1,50,10.0,3707
3666,122,6,0.85,1.0,0.1,50,10.0,3708
3667,122,7,0.85,1.0,0.1,50,10.0,3709
3668,122,8,0.85,1.0,0.1,50,10.0,3710
3669,122,9,0.85,1.0,0.1,50,10.0,3711
3670,122,10,0.85,1.0,0.1,50,10.0,3712
3671,122,11,0.85,1.0,0.1,50,10.0,3713
3672,122,12,0.85,1.0,0.1,50,10.0,3714
3673,122,13,0.85,1.0,0.1,50,10.0,3715
3674,122,14,0.85,1.0,0.1,50,10.0,3716
3675,122,15,0.85,1.0,0.1,50,10.0,3717
3676,122,16,0.85,1.0,0.1,50,10.0,3718
3677,122,17,0.85,1.0,0.1,50,10.0,3719
3678,122,18,0.85,1.0,0.1,50,10.0,3720
3679,122,19,0.85,1.0,0.1,50,10.0,3721
3680,122,20,0.85,1.0,0.1,50,10.0,3722
3681,122,21,0.85,1.0,0.1,50,10.0,3723
3682,122,22,0.85,1.0,0.1,50,10.0,3724
3683,122,23,0.85,1.0,0.1,50,10.0,3725
3684,122,24,0.85,1.0,0.1,50,10.0,3726
3685,122,25,0.85,1.0,0.1,50,10.0,3727
3686,122,26,0.85,1.0,0.1,50,10.0,3728
3687,122,27,0.85,1.0,0.1,50,10.0,3729
3688,122,28,0.85,1.0,0.1,50,10.0,3730
3689,122,29,0.85,1.0,0.1,50,10.0,3731
3690,123,0,0.85,1.0,0.1,100,10.0,3732
3691,123,1,0.85,1.0,0.1,100,10.0,3733
3692,123,2,0.85,1.0,0.1,100,10.0,3734
3693,123,3,0.85,1.0,0.1,100,10.0,3735
3694,123,4,0.85,1.0,0.1,100,10.0,3736
3695,123,5,0.85,1.0,0.1,100,10.0,3737
3696,123,6,0.85,1.0,0.1,100,10.0,3738
3697,123,7,0.85,1.0,0.1,100,10.0,3739
3698,123,8,0.85,1.0,0.1,100,10.0,3740
3699,123,9,0.85,1.0,0.1,100,10.0,3741
3700,123,10,0.85,1.0,0.1,100,10.0,3742
3701,123,11,0.85,1.0,0.1,100,10.0,3743
3702,123,12,0.85,1.0,0.1,100,10.0,3744
3703,123,13,0.85,1.0,0.1,100,10.0,3745
3704,123,14,0.85,1.0,0.1,100,10.0,3746
3705,123,15,0.85,1.0,0.1,100,10.0,3747
3706,123,16,0.85,1.0,0.1,100,10.0,3748
3707,123,17,0.85,1.0,0.1,100,10.0,3749
3708,123,18,0.85,1.0,0.1,100,10.0,3750
3709,123,19,0.85,1.0,0.1,100,10.0,3751
3710,123,20,0.85,1.0,0.1,100,10.0,3752
3711,123,21,0.85,1.0,0.1,100,10.0,3753
3712,123,22,0.85,1.0,0.1,100,10.0,3754
3713,123,23,0.85,1.0,0.1,100,10.0,3755
3714,123,24,0.85,1.0,0.1,100,10.0,3756
3715,123,25,0.85,1.0,0.1,100,10.0,3757
3716,123,26,0.85,1.0,0.1,100,10.0,3758
3717,123,27,0.85,1.0,0.1,100,10.0,3759
3718,123,28,0.85,1.0,0.1,100,10.0,3760
3719,123,29,0.85,1.0,0.1,100,10.0,3761
3720,124,0,0.85,1.0,0.3,10,10.0,3762
3721,124,1,0.85,1.0,0.3,10,10.0,3763
3722,124,2,0.85,1.0,0.3,10,10.0,3764
3723,124,3,0.85,1.0,0.3,10,10.0,3765
3724,124,4,0.85,1.0,0.3,10,10.0,3766
3725,124,5,0.85,1.0,0.3,10,10.0,3767
3726,124,6,0.85,1.0,0.3,10,10.0,3768
3727,124,7,0.85,1.0,0.3,10,10.0,3769
3728,124,8,0.85,1.0,0.3,10,10.0,3770
3729,124,9,0.85,1.0,0.3,10,10.0,3771
3730,124,10,0.85,1.0,0.3,10,10.0,3772
3731,124,11,0.85,1.0,0.3,10,10.0,3773
3732,124,12,0.85,1.0,0.3,10,10.0,3774
3733,124,13,0.85,1.0,0.3,10,10.0,3775
3734,124,14,0.85,1.0,0.3,10,10.0,3776
3735,124,15,0.85,1.0,0.3,10,10.0,3777
3736,124,16,0.85,1.0,0.3,10,10.0,3778
3737,124,17,0.85,1.0,0.3,10,10.0,3779
3738,124,18,0.85,1.0,0.3,10,10.0,3780
3739,124,19,0.85,1.0,0.3,10,10.0,3781
3740,124,20,0.85,1.0,0.3,10,10.0,3782
3741,124,21,0.85,1.0,0.3,10,10.0,3783
3742,124,22,0.85,1.0,0.3,10,10.0,3784
3743,124,23,0.85,1.0,0.3,10,10.0,3785
3744,124,24,0.85,1.0,0.3,10,10.0,3786
3745,124,25,0.85,1.0,0.3,10,10.0,3787
3746,124,26,0.85,1.0,0.3,10,10.0,3788
3747,124,27,0.85,1.0,0.3,10,10.0,3789
3748,124,28,0.85,1.0,0.3,10,10.0,3790
3749,124,29,0.85,1.0,0.3,10,10.0,3791
3750,125,0,0.85,1.0,0.3,25,10.0,3792
3751,125,1,0.85,1.0,0.3,25,10.0,3793
3752,125,2,0.85,1.0,0.3,25,10.0,3794
3753,125,3,0.85,1.0,0.3,25,10.0,3795
3754,125,4,0.85,1.0,0.3,25,10.0,3796
3755,125,5,0.85,1.0,0.3,25,10.0,3797
3756,125,6,0.85,1.0,0.3,25,10.0,3798
3757,125,7,0.85,1.0,0.3,25,10.0,3799
3758,125,8,0.85,1.0,0.3,25,10.0,3800
3759,125,9,0.85,1.0,0.3,25,10.0,3801
3760,125,10,0.85,1.0,0.3,25,10.0,3802
3761,125,11,0.85,1.0,0.3,25,10.0,3803
3762,125,12,0.85,1.0,0.3,25,10.0,3804
3763,125,13,0.85,1.0,0.3,25,10.0,3805
3764,125,14,0.85,1.0,0.3,25,10.0,3806
3765,125,15,0.85,1.0,0.3,25,10.0,3807
3766,125,16,0.85,1.0,0.3,25,10.0,3808
3767,125,17,0.85,1.0,0.3,25,10.0,3809
3768,125,18,0.85,1.0,0.3,25,10.0,3810
3769,125,19,0.85,1.0,0.3,25,10.0,3811
3770,125,20,0.85,1.0,0.3,25,10.0,3812
3771,125,21,0.85,1.0,0.3,25,10.0,3813
3772,125,22,0.85,1.0,0.3,25,10.0,3814
3773,125,23,0.85,1.0,0.3,25,10.0,3815
3774,125,24,0.85,1.0,0.3,25,10.0,3816
3775,125,25,0.85,1.0,0.3,25,10.0,3817
3776,125,26,0.85,1.0,0.3,25,10.0,3818
3777,125,27,0.85,1.0,0.3,25,10.0,3819
3778,125,28,0.85,1.0,0.3,25,10.0,3820
3779,125,29,0.85,1.0,0.3,25,10.0,3821
3780,126,0,0.85,1.0,0.3,50,10.0,3822
3781,126,1,0.85,1.0,0.3,50,10.0,3823
3782,126,2,0.85,1.0,0.3,50,10.0,3824
3783,126,3,0.85,1.0,0.3,50,10.0,3825
3784,126,4,0.85,1.0,0.3,50,10.0,3826
3785,126,5,0.85,1.0,0.3,50,10.0,3827
3786,126,6,0.85,1.0,0.3,50,10.0,3828
3787,126,7,0.85,1.0,0.3,50,10.0,3829
3788,126,8,0.85,1.0,0.3,50,10.0,3830
3789,126,9,0.85,1.0,0.3,50,10.0,3831
3790,126,10,0.85,1.0,0.3,50,10.0,3832
3791,126,11,0.85,1.0,0.3,50,10.0,3833
3792,126,12,0.85,1.0,0.3,50,10.0,3834
3793,126,13,0.85,1.0,0.3,50,10.0,3835
3794,126,14,0.85,1.0,0.3,50,10.0,3836
3795,126,15,0.85,1.0,0.3,50,10.0,3837
3796,126,16,0.85,1.0,0.3,50,10.0,3838
3797,126,17,0.85,1.0,0.3,50,10.0,3839
3798,126,18,0.85,1.0,0.3,50,10.0,3840
3799,126,19,0.85,1.0,0.3,50,10.0,3841
3800,126,20,0.85,1.0,0.3,50,10.0,3842
3801,126,21,0.85,1.0,0.3,50,10.0,3843
3802,126,22,0.85,1.0,0.3,50,10.0,3844
3803,126,23,0.85,1.0,0.3,50,10.0,3845
3804,126,24,0.85,1.0,0.3,50,10.0,3846
3805,126,25,0.85,1.0,0.3,50,10.0,3847
3806,126,26,0.85,1.0,0.3,50,10.0,3848
3807,126,27,0.85,1.0,0.3,50,10.0,3849
3808,126,28,0.85,1.0,0.3,50,10.0,3850
3809,126,29,0.85,1.0,0.3,50,10.0,3851
3810,127,0,0.85,1.0,0.3,100,10.0,3852
3811,127,1,0.85,1.0,0.3,100,10.0,3853
3812,127,2,0.85,1.0,0.3,100,10.0,3854
3813,127,3,0.85,1.0,0.3,100,10.0,3855
3814,127,4,0.85,1.0,0.3,100,10.0,3856
3815,127,5,0.85,1.0,0.3,100,10.0,3857
3816,127,6,0.85,1.0,0.3,100,10.0,3858
3817,127,7,0.85,1.0,0.3,100,10.0,3859
3818,127,8,0.85,1.0,0.3,100,10.0,3860
3819,127,9,0.85,1.0,0.3,100,10.0,3861
3820,127,10,0.85,1.0,0.3,100,10.0,3862
3821,127,11,0.85,1.0,0.3,100,10.0,3863
3822,127,12,0.85,1.0,0.3,100,10.0,3864
3823,127,13,0.85,1.0,0.3,100,10.0,3865
3824,127,14,0.85,1.0,0.3,100,10.0,3866
3825,127,15,0.85,1.0,0.3,100,10.0,3867
3826,127,16,0.85,1.0,0.3,100,10.0,3868
3827,127,17,0.85,1.0,0.3,100,10.0,3869
3828,127,18,0.85,1.0,0.3,100,10.0,3870
3829,127,19,0.85,1.0,0.3,100,10.0,3871
3830,127,20,0.85,1.0,0.3,100,10.0,3872
3831,127,21,0.85,1.0,0.3,100,10.0,3873
3832,127,22,0.85,1.0,0.3,100,10.0,3874
3833,127,23,0.85,1.0,0.3,100,10.0,3875
3834,127,24,0.85,1.0,0.3,100,10.0,3876
3835,127,25,0.85,1.0,0.3,100,10.0,3877
3836,127,26,0.85,1.0,0.3,100,10.0,3878
3837,127,27,0.85,1.0,0.3,100,10.0,3879
3838,127,28,0.85,1.0,0.3,100,10.0,3880
3839,127,29,0.85,1.0,0.3,100,10.0,3881
3840,128,0,0.85,1.0,0.5,10,10.0,3882
3841,128,1,0.85,1.0,0.5,10,10.0,3883
3842,128,2,0.85,1.0,0.5,10,10.0,3884
3843,128,3,0.85,1.0,0.5,10,10.0,3885
3844,128,4,0.85,1.0,0.5,10,10.0,3886
3845,128,5,0.85,1.0,0.5,10,10.0,3887
3846,128,6,0.85,1.0,0.5,10,10.0,3888
3847,128,7,0.85,1.0,0.5,10,10.0,3889
3848,128,8,0.85,1.0,0.5,10,10.0,3890
3849,128,9,0.85,1.0,0.5,10,10.0,3891
3850,128,10,0.85,1.0,0.5,10,10.0,3892
3851,128,11,0.85,1.0,0.5,10,10.0,3893
3852,128,12,0.85,1.0,0.5,10,10.0,3894
3853,128,13,0.85,1.0,0.5,10,10.0,3895
3854,128,14,0.85,1.0,0.5,10,10.0,3896
3855,128,15,0.85,1.0,0.5,10,10.0,3897
3856,128,16,0.85,1.0,0.5,10,10.0,3898
3857,128,17,0.85,1.0,0.5,10,10.0,3899
3858,128,18,0.85,1.0,0.5,10,10.0,3900
3859,128,19,0.85,1.0,0.5,10,10.0,3901
3860,128,20,0.85,1.0,0.5,10,10.0,3902
3861,128,21,0.85,1.0,0.5,10,10.0,3903
3862,128,22,0.85,1.0,0.5,10,10.0,3904
3863,128,23,0.85,1.0,0.5,10,10.0,3905
3864,128,24,0.85,1.0,0.5,10,10.0,3906
3865,128,25,0.85,1.0,0.5,10,10.0,3907
3866,128,26,0.85,1.0,0.5,10,10.0,3908
3867,128,27,0.85,1.0,0.5,10,10.0,3909
3868,128,28,0.85,1.0,0.5,10,10.0,3910
3869,128,29,0.85,1.0,0.5,10,10.0,3911
3870,129,0,0.85,1.0,0.5,25,10.0,3912
3871,129,1,0.85,1.0,0.5,25,10.0,3913
3872,129,2,0.85,1.0,0.5,25,10.0,3914
3873,129,3,0.85,1.0,0.5,25,10.0,3915
3874,129,4,0.85,1.0,0.5,25,10.0,3916
3875,129,5,0.85,1.0,0.5,25,10.0,3917
3876,129,6,0.85,1.0,0.5,25,10.0,3918
3877,129,7,0.85,1.0,0.5,25,10.0,3919
3878,129,8,0.85,1.0,0.5,25,10.0,3920
3879,129,9,0.85,1.0,0.5,25,10.0,3921
3880,129,10,0.85,1.0,0.5,25,10.0,3922
3881,129,11,0.85,1.0,0.5,25,10.0,3923
3882,129,12,0.85,1.0,0.5,25,10.0,3924
3883,129,13,0.85,1.0,0.5,25,10.0,3925
3884,129,14,0.85,1.0,0.5,25,10.0,3926
3885,129,15,0.85,1.0,0.5,25,10.0,3927
3886,129,16,0.85,1.0,0.5,25,10.0,3928
3887,129,17,0.85,1.0,0.5,25,10.0,3929
3888,129,18,0.85,1.0,0.5,25,10.0,3930
3889,129,19,0.85,1.0,0.5,25,10.0,3931
3890,129,20,0.85,1.0,0.5,25,10.0,3932
3891,129,21,0.85,1.0,0.5,25,10.0,3933
3892,129,22,0.85,1.0,0.5,25,10.0,3934
3893,129,23,0.85,1.0,0.5,25,10.0,3935
3894,129,24,0.85,1.0,0.5,25,10.0,3936
3895,129,25,0.85,1.0,0.5,25,10.0,3937
3896,129,26,0.85,1.0,0.5,25,10.0,3938
3897,129,27,0.85,1.0,0.5,25,10.0,3939
3898,129,28,0.85,1.0,0.5,25,10.0,3940
3899,129,29,0.85,1.0,0.5,25,10.0,3941
3900,130,0,0.85,1.0,0.5,50,10.0,3942
3901,130,1,0.85,1.0,0.5,50,10.0,3943
3902,130,2,0.85,1.0,0.5,50,10.0,3944
3903,130,3,0.85,1.0,0.5,50,10.0,3945
3904,130,4,0.85,1.0,0.5,50,10.0,3946
3905,130,5,0.85,1.0,0.5,50,10.0,3947
3906,130,6,0.85,1.0,0.5,50,10.0,3948
3907,130,7,0.85,1.0,0.5,50,10.0,3949
3908,130,8,0.85,1.0,0.5,50,10.0,3950
3909,130,9,0.85,1.0,0.5,50,10.0,3951
3910,130,10,0.85,1.0,0.5,50,10.0,3952
3911,130,11,0.85,1.0,0.5,50,10.0,3953
3912,130,12,0.85,1.0,0.5,50,10.0,3954
3913,130,13,0.85,1.0,0.5,50,10.0,3955
3914,130,14,0.85,1.0,0.5,50,10.0,3956
3915,130,15,0.85,1.0,0.5,50,10.0,3957
3916,130,16,0.85,1.0,0.5,50,10.0,3958
3917,130,17,0.85,1.0,0.5,50,10.0,3959
3918,130,18,0.85,1.0,0.5,50,10.0,3960
3919,130,19,0.85,1.0,0.5,50,10.0,3961
3920,130,20,0.85,1.0,0.5,50,10.0,3962
3921,130,21,0.85,1.0,0.5,50,10.0,3963
3922,130,22,0.85,1.0,0.5,50,10.0,3964
3923,130,23,0.85,1.0,0.5,50,10.0,3965
3924,130,24,0.85,1.0,0.5,50,10.0,3966
3925,130,25,0.85,1.0,0.5,50,10.0,3967
3926,130,26,0.85,1.0,0.5,50,10.0,3968
3927,130,27,0.85,1.0,0.5,50,10.0,3969
3928,130,28,0.85,1.0,0.5,50,10.0,3970
3929,130,29,0.85,1.0,0.5,50,10.0,3971
3930,131,0,0.85,1.0,0.5,100,10.0,3972
3931,131,1,0.85,1.0,0.5,100,10.0,3973
3932,131,2,0.85,1.0,0.5,100,10.0,3974
3933,131,3,0.85,1.0,0.5,100,10.0,3975
3934,131,4,0.85,1.0,0.5,100,10.0,3976
3935,131,5,0.85,1.0,0.5,100,10.0,3977
3936,131,6,0.85,1.0,0.5,100,10.0,3978
3937,131,7,0.85,1.0,0.5,100,10.0,3979
3938,131,8,0.85,1.0,0.5,100,10.0,3980
3939,131,9,0.85,1.0,0.5,100,10.0,3981
3940,131,10,0.85,1.0,0.5,100,10.0,3982
3941,131,11,0.85,1.0,0.5,100,10.0,3983
3942,131,12,0.85,1.0,0.5,100,10.0,3984
3943,131,13,0.85,1.0,0.5,100,10.0,3985
3944,131,14,0.85,1.0,0.5,100,10.0,3986
3945,131,15,0.85,1.0,0.5,100,10.0,3987
3946,131,16,0.85,1.0,0.5,100,10.0,3988
3947,131,17,0.85,1.0,0.5,100,10.0,3989
3948,131,18,0.85,1.0,0.5,100,10.0,3990
3949,131,19,0.85,1.0,0.5,100,10.0,3991
3950,131,20,0.85,1.0,0.5,100,10.0,3992
3951,131,21,0.85,1.0,0.5,100,10.0,3993
3952,131,22,0.85,1.0,0.5,100,10.0,3994
3953,131,23,0.85,1.0,0.5,100,10.0,3995
3954,131,24,0.85,1.0,0.5,100,10.0,3996
3955,131,25,0.85,1.0,0.5,100,10.0,3997
3956,131,26,0.85,1.0,0.5,100,10.0,3998
3957,131,27,0.85,1.0,0.5,100,10.0,3999
3958,131,28,0.85,1.0,0.5,100,10.0,4000
3959,131,29,0.85,1.0,0.5,100,10.0,4001
3960,132,0,0.85,2.0,0.1,10,10.0,4002
3961,132,1,0.85,2.0,0.1,10,10.0,4003
3962,132,2,0.85,2.0,0.1,10,10.0,4004
3963,132,3,0.85,2.0,0.1,10,10.0,4005
3964,132,4,0.85,2.0,0.1,10,10.0,4006
3965,132,5,0.85,2.0,0.1,10,10.0,4007
3966,132,6,0.85,2.0,0.1,10,10.0,4008
3967,132,7,0.85,2.0,0.1,10,10.0,4009
3968,132,8,0.85,2.0,0.1,10,10.0,4010
3969,132,9,0.85,2.0,0.1,10,10.0,4011
3970,132,10,0.85,2.0,0.1,10,10.0,4012
3971,132,11,0.85,2.0,0.1,10,10.0,4013
3972,132,12,0.85,2.0,0.1,10,10.0,4014
3973,132,13,0.85,2.0,0.1,10,10.0,4015
3974,132,14,0.85,2.0,0.1,10,10.0,4016
3975,132,15,0.85,2.0,0.1,10,10.0,4017
3976,132,16,0.85,2.0,0.1,10,10.0,4018
3977,132,17,0.85,2.0,0.1,10,10.0,4019
3978,132,18,0.85,2.0,0.1,10,10.0,4020
3979,132,19,0.85,2.0,0.1,10,10.0,4021
3980,132,20,0.85,2.0,0.1,10,10.0,4022
3981,132,21,0.85,2.0,0.1,10,10.0,4023
3982,132,22,0.85,2.0,0.1,10,10.0,4024
3983,132,23,0.85,2.0,0.1,10,10.0,4025
3984,132,24,0.85,2.0,0.1,10,10.0,4026
3985,132,25,0.85,2.0,0.1,10,10.0,4027
3986,132,26,0.85,2.0,0.1,10,10.0,4028
3987,132,27,0.85,2.0,0.1,10,10.0,4029
3988,132,28,0.85,2.0,0.1,10,10.0,4030
3989,132,29,0.85,2.0,0.1,10,10.0,4031
3990,133,0,0.85,2.0,0.1,25,10.0,4032
3991,133,1,0.85,2.0,0.1,25,10.0,4033
3992,133,2,0.85,2.0,0.1,25,10.0,4034
3993,133,3,0.85,2.0,0.1,25,10.0,4035
3994,133,4,0.85,2.0,0.1,25,10.0,4036
3995,133,5,0.85,2.0,0.1,25,10.0,4037
3996,133,6,0.85,2.0,0.1,25,10.0,4038
3997,133,7,0.85,2.0,0.1,25,10.0,4039
3998,133,8,0.85,2.0,0.1,25,10.0,4040
3999,133,9,0.85,2.0,0.1,25,10.0,4041
4000,133,10,0.85,2.0,0.1,25,10.0,4042
4001,133,11,0.85,2.0,0.1,25,10.0,4043
4002,133,12,0.85,2.0,0.1,25,10.0,4044
4003,133,13,0.85,2.0,0.1,25,10.0,4045
4004,133,14,0.85,2.0,0.1,25,10.0,4046
4005,133,15,0.85,2.0,0.1,25,10.0,4047
4006,133,16,0.85,2.0,0.1,25,10.0,4048
4007,133,17,0.85,2.0,0.1,25,10.0,4049
4008,133,18,0.85,2.0,0.1,25,10.0,4050
4009,133,19,0.85,2.0,0.1,25,10.0,4051
4010,133,20,0.85,2.0,0.1,25,10.0,4052
4011,133,21,0.85,2.0,0.1,25,10.0,4053
4012,133,22,0.85,2.0,0.1,25,10.0,4054
4013,133,23,0.85,2.0,0.1,25,10.0,4055
4014,133,24,0.85,2.0,0.1,25,10.0,4056
4015,133,25,0.85,2.0,0.1,25,10.0,4057
4016,133,26,0.85,2.0,0.1,25,10.0,4058
4017,133,27,0.85,2.0,0.1,25,10.0,4059
4018,133,28,0.85,2.0,0.1,25,10.0,4060
4019,133,29,0.85,2.0,0.1,25,10.0,4061
4020,134,0,0.85,2.0,0.1,50,10.0,4062
4021,134,1,0.85,2.0,0.1,50,10.0,4063
4022,134,2,0.85,2.0,0.1,50,10.0,4064
4023,134,3,0.85,2.0,0.1,50,10.0,4065
4024,134,4,0.85,2.0,0.1,50,10.0,4066
4025,134,5,0.85,2.0,0.1,50,10.0,4067
4026,134,6,0.85,2.0,0.1,50,10.0,4068
4027,134,7,0.85,2.0,0.1,50,10.0,4069
4028,134,8,0.85,2.0,0.1,50,10.0,4070
4029,134,9,0.85,2.0,0.1,50,10.0,4071
4030,134,10,0.85,2.0,0.1,50,10.0,4072
4031,134,11,0.85,2.0,0.1,50,10.0,4073
4032,134,12,0.85,2.0,0.1,50,10.0,4074
4033,134,13,0.85,2.0,0.1,50,10.0,4075
4034,134,14,0.85,2.0,0.1,50,10.0,4076
4035,134,15,0.85,2.0,0.1,50,10.0,4077
4036,134,16,0.85,2.0,0.1,50,10.0,4078
4037,134,17,0.85,2.0,0.1,50,10.0,4079
4038,134,18,0.85,2.0,0.1,50,10.0,4080
4039,134,19,0.85,2.0,0.1,50,10.0,4081
4040,134,20,0.85,2.0,0.1,50,10.0,4082
4041,134,21,0.85,2.0,0.1,50,10.0,4083
4042,134,22,0.85,2.0,0.1,50,10.0,4084
4043,134,23,0.85,2.0,0.1,50,10.0,4085
4044,134,24,0.85,2.0,0.1,50,10.0,4086
4045,134,25,0.85,2.0,0.1,50,10.0,4087
4046,134,26,0.85,2.0,0.1,50,10.0,4088
4047,134,27,0.85,2.0,0.1,50,10.0,4089
4048,134,28,0.85,2.0,0.1,50,10.0,4090
4049,134,29,0.85,2.0,0.1,50,10.0,4091
4050,135,0,0.85,2.0,0.1,100,10.0,4092
4051,135,1,0.85,2.0,0.1,100,10.0,4093
4052,135,2,0.85,2.0,0.1,100,10.0,4094
4053,135,3,0.85,2.0,0.1,100,10.0,4095
4054,135,4,0.85,2.0,0.1,100,10.0,4096
4055,135,5,0.85,2.0,0.1,100,10.0,4097
4056,135,6,0.85,2.0,0.1,100,10.0,4098
4057,135,7,0.85,2.0,0.1,100,10.0,4099
4058,135,8,0.85,2.0,0.1,100,10.0,4100
4059,135,9,0.85,2.0,0.1,100,10.0,4101
4060,135,10,0.85,2.0,0.1,100,10.0,4102
4061,135,11,0.85,2.0,0.1,100,10.0,4103
4062,135,12,0.85,2.0,0.1,100,10.0,4104
4063,135,13,0.85,2.0,0.1,100,10.0,4105
4064,135,14,0.85,2.0,0.1,100,10.0,4106
4065,135,15,0.85,2.0,0.1,100,10.0,4107
4066,135,16,0.85,2.0,0.1,100,10.0,4108
4067,135,17,0.85,2.0,0.1,100,10.0,4109
4068,135,18,0.85,2.0,0.1,100,10.0,4110
4069,135,19,0.85,2.0,0.1,100,10.0,4111
4070,135,20,0.85,2.0,0.1,100,10.0,4112
4071,135,21,0.85,2.0,0.1,100,10.0,4113
4072,135,22,0.85,2.0,0.1,100,10.0,4114
4073,135,23,0.85,2.0,0.1,100,10.0,4115
4074,135,24,0.85,2.0,0.1,100,10.0,4116
4075,135,25,0.85,2.0,0.1,100,10.0,4117
4076,135,26,0.85,2.0,0.1,100,10.0,4118
4077,135,27,0.85,2.0,0.1,100,10.0,4119
4078,135,28,0.85,2.0,0.1,100,10.0,4120
4079,135,29,0.85,2.0,0.1,100,10.0,4121
4080,136,0,0.85,2.0,0.3,10,10.0,4122
4081,136,1,0.85,2.0,0.3,10,10.0,4123
4082,136,2,0.85,2.0,0.3,10,10.0,4124
4083,136,3,0.85,2.0,0.3,10,10.0,4125
4084,136,4,0.85,2.0,0.3,10,10.0,4126
4085,136,5,0.85,2.0,0.3,10,10.0,4127
4086,136,6,0.85,2.0,0.3,10,10.0,4128
4087,136,7,0.85,2.0,0.3,10,10.0,4129
4088,136,8,0.85,2.0,0.3,10,10.0,4130
4089,136,9,0.85,2.0,0.3,10,10.0,4131
4090,136,10,0.85,2.0,0.3,10,10.0,4132
4091,136,11,0.85,2.0,0.3,10,10.0,4133
4092,136,12,0.85,2.0,0.3,10,10.0,4134
4093,136,13,0.85,2.0,0.3,10,10.0,4135
4094,136,14,0.85,2.0,0.3,10,10.0,4136
4095,136,15,0.85,2.0,0.3,10,10.0,4137
4096,136,16,0.85,2.0,0.3,10,10.0,4138
4097,136,17,0.85,2.0,0.3,10,10.0,4139
4098,136,18,0.85,2.0,0.3,10,10.0,4140
4099,136,19,0.85,2.0,0.3,10,10.0,4141
4100,136,20,0.85,2.0,0.3,10,10.0,4142
4101,136,21,0.85,2.0,0.3,10,10.0,4143
4102,136,22,0.85,2.0,0.3,10,10.0,4144
4103,136,23,0.85,2.0,0.3,10,10.0,4145
4104,136,24,0.85,2.0,0.3,10,10.0,4146
4105,136,25,0.85,2.0,0.3,10,10.0,4147
4106,136,26,0.85,2.0,0.3,10,10.0,4148
4107,136,27,0.85,2.0,0.3,10,10.0,4149
4108,136,28,0.85,2.0,0.3,10,10.0,4150
4109,136,29,0.85,2.0,0.3,10,10.0,4151
4110,137,0,0.85,2.0,0.3,25,10.0,4152
4111,137,1,0.85,2.0,0.3,25,10.0,4153
4112,137,2,0.85,2.0,0.3,25,10.0,4154
4113,137,3,0.85,2.0,0.3,25,10.0,4155
4114,137,4,0.85,2.0,0.3,25,10.0,4156
4115,137,5,0.85,2.0,0.3,25,10.0,4157
4116,137,6,0.85,2.0,0.3,25,10.0,4158
4117,137,7,0.85,2.0,0.3,25,10.0,4159
4118,137,8,0.85,2.0,0.3,25,10.0,4160
4119,137,9,0.85,2.0,0.3,25,10.0,4161
4120,137,10,0.85,2.0,0.3,25,10.0,4162
4121,137,11,0.85,2.0,0.3,25,10.0,4163
4122,137,12,0.85,2.0,0.3,25,10.0,4164
4123,137,13,0.85,2.0,0.3,25,10.0,4165
4124,137,14,0.85,2.0,0.3,25,10.0,4166
4125,137,15,0.85,2.0,0.3,25,10.0,4167
4126,137,16,0.85,2.0,0.3,25,10.0,4168
4127,137,17,0.85,2.0,0.3,25,10.0,4169
4128,137,18,0.85,2.0,0.3,25,10.0,4170
4129,137,19,0.85,2.0,0.3,25,10.0,4171
4130,137,20,0.85,2.0,0.3,25,10.0,4172
4131,137,21,0.85,2.0,0.3,25,10.0,4173
4132,137,22,0.85,2.0,0.3,25,10.0,4174
4133,137,23,0.85,2.0,0.3,25,10.0,4175
4134,137,24,0.85,2.0,0.3,25,10.0,4176
4135,137,25,0.85,2.0,0.3,25,10.0,4177
4136,137,26,0.85,2.0,0.3,25,10.0,4178
4137,137,27,0.85,2.0,0.3,25,10.0,4179
4138,137,28,0.85,2.0,0.3,25,10.0,4180
4139,137,29,0.85,2.0,0.3,25,10.0,4181
4140,138,0,0.85,2.0,0.3,50,10.0,4182
4141,138,1,0.85,2.0,0.3,50,10.0,4183
4142,138,2,0.85,2.0,0.3,50,10.0,4184
4143,138,3,0.85,2.0,0.3,50,10.0,4185
4144,138,4,0.85,2.0,0.3,50,10.0,4186
4145,138,5,0.85,2.0,0.3,50,10.0,4187
4146,138,6,0.85,2.0,0.3,50,10.0,4188
4147,138,7,0.85,2.0,0.3,50,10.0,4189
4148,138,8,0.85,2.0,0.3,50,10.0,4190
4149,138,9,0.85,2.0,0.3,50,10.0,4191
4150,138,10,0.85,2.0,0.3,50,10.0,4192
4151,138,11,0.85,2.0,0.3,50,10.0,4193
4152,138,12,0.85,2.0,0.3,50,10.0,4194
4153,138,13,0.85,2.0,0.3,50,10.0,4195
4154,138,14,0.85,2.0,0.3,50,10.0,4196
4155,138,15,0.85,2.0,0.3,50,10.0,4197
4156,138,16,0.85,2.0,0.3,50,10.0,4198
4157,138,17,0.85,2.0,0.3,50,10.0,4199
4158,138,18,0.85,2.0,0.3,50,10.0,4200
4159,138,19,0.85,2.0,0.3,50,10.0,4201
4160,138,20,0.85,2.0,0.3,50,10.0,4202
4161,138,21,0.85,2.0,0.3,50,10.0,4203
4162,138,22,0.85,2.0,0.3,50,10.0,4204
4163,138,23,0.85,2.0,0.3,50,10.0,4205
4164,138,24,0.85,2.0,0.3,50,10.0,4206
4165,138,25,0.85,2.0,0.3,50,10.0,4207
4166,138,26,0.85,2.0,0.3,50,10.0,4208
4167,138,27,0.85,2.0,0.3,50,10.0,4209
4168,138,28,0.85,2.0,0.3,50,10.0,4210
4169,138,29,0.85,2.0,0.3,50,10.0,4211
4170,139,0,0.85,2.0,0.3,100,10.0,4212
4171,139,1,0.85,2.0,0.3,100,10.0,4213
4172,139,2,0.85,2.0,0.3,100,10.0,4214
4173,139,3,0.85,2.0,0.3,100,10.0,4215
4174,139,4,0.85,2.0,0.3,100,10.0,4216
4175,139,5,0.85,2.0,0.3,100,10.0,4217
4176,139,6,0.85,2.0,0.3,100,10.0,4218
4177,139,7,0.85,2.0,0.3,100,10.0,4219
4178,139,8,0.85,2.0,0.3,100,10.0,4220
4179,139,9,0.85,2.0,0.3,100,10.0,4221
4180,139,10,0.85,2.0,0.3,100,10.0,4222
4181,139,11,0.85,2.0,0.3,100,10.0,4223
4182,139,12,0.85,2.0,0.3,100,10.0,4224
4183,139,13,0.85,2.0,0.3,100,10.0,4225
4184,139,14,0.85,2.0,0.3,100,10.0,4226
4185,139,15,0.85,2.0,0.3,100,10.0,4227
4186,139,16,0.85,2.0,0.3,100,10.0,4228
4187,139,17,0.85,2.0,0.3,100,10.0,4229
4188,139,18,0.85,2.0,0.3,100,10.0,4230
4189,139,19,0.85,2.0,0.3,100,10.0,4231
4190,139,20,0.85,2.0,0.3,100,10.0,4232
4191,139,21,0.85,2.0,0.3,100,10.0,4233
4192,139,22,0.85,2.0,0.3,100,10.0,4234
4193,139,23,0.85,2.0,0.3,100,10.0,4235
4194,139,24,0.85,2.0,0.3,100,10.0,4236
4195,139,25,0.85,2.0,0.3,100,10.0,4237
4196,139,26,0.85,2.0,0.3,100,10.0,4238
4197,139,27,0.85,2.0,0.3,100,10.0,4239
4198,139,28,0.85,2.0,0.3,100,10.0,4240
4199,139,29,0.85,2.0,0.3,100,10.0,4241
4200,140,0,0.85,2.0,0.5,10,10.0,4242
4201,140,1,0.85,2.0,0.5,10,10.0,4243
4202,140,2,0.85,2.0,0.5,10,10.0,4244
4203,140,3,0.85,2.0,0.5,10,10.0,4245
4204,140,4,0.85,2.0,0.5,10,10.0,4246
4205,140,5,0.85,2.0,0.5,10,10.0,4247
4206,140,6,0.85,2.0,0.5,10,10.0,4248
4207,140,7,0.85,2.0,0.5,10,10.0,4249
4208,140,8,0.85,2.0,0.5,10,10.0,4250
4209,140,9,0.85,2.0,0.5,10,10.0,4251
4210,140,10,0.85,2.0,0.5,10,10.0,4252
4211,140,11,0.85,2.0,0.5,10,10.0,4253
4212,140,12,0.85,2.0,0.5,10,10.0,4254
4213,140,13,0.85,2.0,0.5,10,10.0,4255
4214,140,14,0.85,2.0,0.5,10,10.0,4256
4215,140,15,0.85,2.0,0.5,10,10.0,4257
4216,140,16,0.85,2.0,0.5,10,10.0,4258
4217,140,17,0.85,2.0,0.5,10,10.0,4259
4218,140,18,0.85,2.0,0.5,10,10.0,4260
4219,140,19,0.85,2.0,0.5,10,10.0,4261
4220,140,20,0.85,2.0,0.5,10,10.0,4262
4221,140,21,0.85,2.0,0.5,10,10.0,4263
4222,140,22,0.85,2.0,0.5,10,10.0,4264
4223,140,23,0.85,2.0,0.5,10,10.0,4265
4224,140,24,0.85,2.0,0.5,10,10.0,4266
4225,140,25,0.85,2.0,0.5,10,10.0,4267
4226,140,26,0.85,2.0,0.5,10,10.0,4268
4227,140,27,0.85,2.0,0.5,10,10.0,4269
4228,140,28,0.85,2.0,0.5,10,10.0,4270
4229,140,29,0.85,2.0,0.5,10,10.0,4271
4230,141,0,0.85,2.0,0.5,25,10.0,4272
4231,141,1,0.85,2.0,0.5,25,10.0,4273
4232,141,2,0.85,2.0,0.5,25,10.0,4274
4233,141,3,0.85,2.0,0.5,25,10.0,4275
4234,141,4,0.85,2.0,0.5,25,10.0,4276
4235,141,5,0.85,2.0,0.5,25,10.0,4277
4236,141,6,0.85,2.0,0.5,25,10.0,4278
4237,141,7,0.85,2.0,0.5,25,10.0,4279
4238,141,8,0.85,2.0,0.5,25,10.0,4280
4239,141,9,0.85,2.0,0.5,25,10.0,4281
4240,141,10,0.85,2.0,0.5,25,10.0,4282
4241,141,11,0.85,2.0,0.5,25,10.0,4283
4242,141,12,0.85,2.0,0.5,25,10.0,4284
4243,141,13,0.85,2.0,0.5,25,10.0,4285
4244,141,14,0.85,2.0,0.5,25,10.0,4286
4245,141,15,0.85,2.0,0.5,25,10.0,4287
4246,141,16,0.85,2.0,0.5,25,10.0,4288
4247,141,17,0.85,2.0,0.5,25,10.0,4289
4248,141,18,0.85,2.0,0.5,25,10.0,4290
4249,141,19,0.85,2.0,0.5,25,10.0,4291
4250,141,20,0.85,2.0,0.5,25,10.0,4292
4251,141,21,0.85,2.0,0.5,25,10.0,4293
4252,141,22,0.85,2.0,0.5,25,10.0,4294
4253,141,23,0.85,2.0,0.5,25,10.0,4295
4254,141,24,0.85,2.0,0.5,25,10.0,4296
4255,141,25,0.85,2.0,0.5,25,10.0,4297
4256,141,26,0.85,2.0,0.5,25,10.0,4298
4257,141,27,0.85,2.0,0.5,25,10.0,4299
4258,141,28,0.85,2.0,0.5,25,10.0,4300
4259,141,29,0.85,2.0,0.5,25,10.0,4301
4260,142,0,0.85,2.0,0.5,50,10.0,4302
4261,142,1,0.85,2.0,0.5,50,10.0,4303
4262,142,2,0.85,2.0,0.5,50,10.0,4304
4263,142,3,0.85,2.0,0.5,50,10.0,4305
4264,142,4,0.85,2.0,0.5,50,10.0,4306
4265,142,5,0.85,2.0,0.5,50,10.0,4307
4266,142,6,0.85,2.0,0.5,50,10.0,4308
4267,142,7,0.85,2.0,0.5,50,10.0,4309
4268,142,8,0.85,2.0,0.5,50,10.0,4310
4269,142,9,0.85,2.0,0.5,50,10.0,4311
4270,142,10,0.85,2.0,0.5,50,10.0,4312
4271,142,11,0.85,2.0,0.5,50,10.0,4313
4272,142,12,0.85,2.0,0.5,50,10.0,4314
4273,142,13,0.85,2.0,0.5,50,10.0,4315
4274,142,14,0.85,2.0,0.5,50,10.0,4316
4275,142,15,0.85,2.0,0.5,50,10.0,4317
4276,142,16,0.85,2.0,0.5,50,10.0,4318
4277,142,17,0.85,2.0,0.5,50,10.0,4319
4278,142,18,0.85,2.0,0.5,50,10.0,4320
4279,142,19,0.85,2.0,0.5,50,10.0,4321
4280,142,20,0.85,2.0,0.5,50,10.0,4322
4281,142,21,0.85,2.0,0.5,50,10.0,4323
4282,142,22,0.85,2.0,0.5,50,10.0,4324
4283,142,23,0.85,2.0,0.5,50,10.0,4325
4284,142,24,0.85,2.0,0.5,50,10.0,4326
4285,142,25,0.85,2.0,0.5,50,10.0,4327
4286,142,26,0.85,2.0,0.5,50,10.0,4328
4287,142,27,0.85,2.0,0.5,50,10.0,4329
4288,142,28,0.85,2.0,0.5,50,10.0,4330
4289,142,29,0.85,2.0,0.5,50,10.0,4331
4290,143,0,0.85,2.0,0.5,100,10.0,4332
4291,143,1,0.85,2.0,0.5,100,10.0,4333
4292,143,2,0.85,2.0,0.5,100,10.0,4334
4293,143,3,0.85,2.0,0.5,100,10.0,4335
4294,143,4,0.85,2.0,0.5,100,10.0,4336
4295,143,5,0.85,2.0,0.5,100,10.0,4337
4296,143,6,0.85,2.0,0.5,100,10.0,4338
4297,143,7,0.85,2.0,0.5,100,10.0,4339
4298,143,8,0.85,2.0,0.5,100,10.0,4340
4299,143,9,0.85,2.0,0.5,100,10.0,4341
4300,143,10,0.85,2.0,0.5,100,10.0,4342
4301,143,11,0.85,2.0,0.5,100,10.0,4343
4302,143,12,0.85,2.0,0.5,100,10.0,4344
4303,143,13,0.85,2.0,0.5,100,10.0,4345
4304,143,14,0.85,2.0,0.5,100,10.0,4346
4305,143,15,0.85,2.0,0.5,100,10.0,4347
4306,143,16,0.85,2.0,0.5,100,10.0,4348
4307,143,17,0.85,2.0,0.5,100,10.0,4349
4308,143,18,0.85,2.0,0.5,100,10.0,4350
4309,143,19,0.85,2.0,0.5,100,10.0,4351
4310,143,20,0.85,2.0,0.5,100,10.0,4352
4311,143,21,0.85,2.0,0.5,100,10.0,4353
4312,143,22,0.85,2.0,0.5,100,10.0,4354
4313,143,23,0.85,2.0,0.5,100,10.0,4355
4314,143,24,0.85,2.0,0.5,100,10.0,4356
4315,143,25,0.85,2.0,0.5,100,10.0,4357
4316,143,26,0.85,2.0,0.5,100,10.0,4358
4317,143,27,0.85,2.0,0.5,100,10.0,4359
4318,143,28,0.85,2.0,0.5,100,10.0,4360
4319,143,29,0.85,2.0,0.5,100,10.0,4361
4320,144,0,0.9,0.2,0.1,10,10.0,4362
4321,144,1,0.9,0.2,0.1,10,10.0,4363
4322,144,2,0.9,0.2,0.1,10,10.0,4364
4323,144,3,0.9,0.2,0.1,10,10.0,4365
4324,144,4,0.9,0.2,0.1,10,10.0,4366
4325,144,5,0.9,0.2,0.1,10,10.0,4367
4326,144,6,0.9,0.2,0.1,10,10.0,4368
4327,144,7,0.9,0.2,0.1,10,10.0,4369
4328,144,8,0.9,0.2,0.1,10,10.0,4370
4329,144,9,0.9,0.2,0.1,10,10.0,4371
4330,144,10,0.9,0.2,0.1,10,10.0,4372
4331,144,11,0.9,0.2,0.1,10,10.0,4373
4332,144,12,0.9,0.2,0.1,10,10.0,4374
4333,144,13,0.9,0.2,0.1,10,10.0,4375
4334,144,14,0.9,0.2,0.1,10,10.0,4376
4335,144,15,0.9,0.2,0.1,10,10.0,4377
4336,144,16,0.9,0.2,0.1,10,10.0,4378
4337,144,17,0.9,0.2,0.1,10,10.0,4379
4338,144,18,0.9,0.2,0.1,10,10.0,4380
4339,144,19,0.9,0.2,0.1,10,10.0,4381
4340,144,20,0.9,0.2,0.1,10,10.0,4382
4341,144,21,0.9,0.2,0.1,10,10.0,4383
4342,144,22,0.9,0.2,0.1,10,10.0,4384
4343,144,23,0.9,0.2,0.1,10,10.0,4385
4344,144,24,0.9,0.2,0.1,10,10.0,4386
4345,144,25,0.9,0.2,0.1,10,10.0,4387
4346,144,26,0.9,0.2,0.1,10,10.0,4388
4347,144,27,0.9,0.2,0.1,10,10.0,4389
4348,144,28,0.9,0.2,0.1,10,10.0,4390
4349,144,29,0.9,0.2,0.1,10,10.0,4391
4350,145,0,0.9,0.2,0.1,25,10.0,4392
4351,145,1,0.9,0.2,0.1,25,10.0,4393
4352,145,2,0.9,0.2,0.1,25,10.0,4394
4353,145,3,0.9,0.2,0.1,25,10.0,4395
4354,145,4,0.9,0.2,0.1,25,10.0,4396
4355,145,5,0.9,0.2,0.1,25,10.0,4397
4356,145,6,0.9,0.2,0.1,25,10.0,4398
4357,145,7,0.9,0.2,0.1,25,10.0,4399
4358,145,8,0.9,0.2,0.1,25,10.0,4400
4359,145,9,0.9,0.2,0.1,25,10.0,4401
4360,145,10,0.9,0.2,0.1,25,10.0,4402
4361,145,11,0.9,0.2,0.1,25,10.0,4403
4362,145,12,0.9,0.2,0.1,25,10.0,4404
4363,145,13,0.9,0.2,0.1,25,10.0,4405
4364,145,14,0.9,0.2,0.1,25,10.0,4406
4365,145,15,0.9,0.2,0.1,25,10.0,4407
4366,145,16,0.9,0.2,0.1,25,10.0,4408
4367,145,17,0.9,0.2,0.1,25,10.0,4409
4368,145,18,0.9,0.2,0.1,25,10.0,4410
4369,145,19,0.9,0.2,0.1,25,10.0,4411
4370,145,20,0.9,0.2,0.1,25,10.0,4412
4371,145,21,0.9,0.2,0.1,25,10.0,4413
4372,145,22,0.9,0.2,0.1,25,10.0,4414
4373,145,23,0.9,0.2,0.1,25,10.0,4415
4374,145,24,0.9,0.2,0.1,25,10.0,4416
4375,145,25,0.9,0.2,0.1,25,10.0,4417
4376,145,26,0.9,0.2,0.1,25,10.0,4418
4377,145,27,0.9,0.2,0.1,25,10.0,4419
4378,145,28,0.9,0.2,0.1,25,10.0,4420
4379,145,29,0.9,0.2,0.1,25,10.0,4421
4380,146,0,0.9,0.2,0.1,50,10.0,4422
4381,146,1,0.9,0.2,0.1,50,10.0,4423
4382,146,2,0.9,0.2,0.1,50,10.0,4424
4383,146,3,0.9,0.2,0.1,50,10.0,4425
4384,146,4,0.9,0.2,0.1,50,10.0,4426
4385,146,5,0.9,0.2,0.1,50,10.0,4427
4386,146,6,0.9,0.2,0.1,50,10.0,4428
4387,146,7,0.9,0.2,0.1,50,10.0,4429
4388,146,8,0.9,0.2,0.1,50,10.0,4430
4389,146,9,0.9,0.2,0.1,50,10.0,4431
4390,146,10,0.9,0.2,0.1,50,10.0,4432
4391,146,11,0.9,0.2,0.1,50,10.0,4433
4392,146,12,0.9,0.2,0.1,50,10.0,4434
4393,146,13,0.9,0.2,0.1,50,10.0,4435
4394,146,14,0.9,0.2,0.1,50,10.0,4436
4395,146,15,0.9,0.2,0.1,50,10.0,4437
4396,146,16,0.9,0.2,0.1,50,10.0,4438
4397,146,17,0.9,0.2,0.1,50,10.0,4439
4398,146,18,0.9,0.2,0.1,50,10.0,4440
4399,146,19,0.9,0.2,0.1,50,10.0,4441
4400,146,20,0.9,0.2,0.1,50,10.0,4442
4401,146,21,0.9,0.2,0.1,50,10.0,4443
4402,146,22,0.9,0.2,0.1,50,10.0,4444
4403,146,23,0.9,0.2,0.1,50,10.0,4445
4404,146,24,0.9,0.2,0.1,50,10.0,4446
4405,146,25,0.9,0.2,0.1,50,10.0,4447
4406,146,26,0.9,0.2,0.1,50,10.0,4448
4407,146,27,0.9,0.2,0.1,50,10.0,4449
4408,146,28,0.9,0.2,0.1,50,10.0,4450
4409,146,29,0.9,0.2,0.1,50,10.0,4451
4410,147,0,0.9,0.2,0.1,100,10.0,4452
4411,147,1,0.9,0.2,0.1,100,10.0,4453
4412,147,2,0.9,0.2,0.1,100,10.0,4454
4413,147,3,0.9,0.2,0.1,100,10.0,4455
4414,147,4,0.9,0.2,0.1,100,10.0,4456
4415,147,5,0.9,0.2,0.1,100,10.0,4457
4416,147,6,0.9,0.2,0.1,100,10.0,4458
4417,147,7,0.9,0.2,0.1,100,10.0,4459
4418,147,8,0.9,0.2,0.1,100,10.0,4460
4419,147,9,0.9,0.2,0.1,100,10.0,4461
4420,147,10,0.9,0.2,0.1,100,10.0,4462
4421,147,11,0.9,0.2,0.1,100,10.0,4463
4422,147,12,0.9,0.2,0.1,100,10.0,4464
4423,147,13,0.9,0.2,0.1,100,10.0,4465
4424,147,14,0.9,0.2,0.1,100,10.0,4466
4425,147,15,0.9,0.2,0.1,100,10.0,4467
4426,147,16,0.9,0.2,0.1,100,10.0,4468
4427,147,17,0.9,0.2,0.1,100,10.0,4469
4428,147,18,0.9,0.2,0.1,100,10.0,4470
4429,147,19,0.9,0.2,0.1,100,10.0,4471
4430,147,20,0.9,0.2,0.1,100,10.0,4472
4431,147,21,0.9,0.2,0.1,100,10.0,4473
4432,147,22,0.9,0.2,0.1,100,10.0,4474
4433,147,23,0.9,0.2,0.1,100,10.0,4475
4434,147,24,0.9,0.2,0.1,100,10.0,4476
4435,147,25,0.9,0.2,0.1,100,10.0,4477
4436,147,26,0.9,0.2,0.1,100,10.0,4478
4437,147,27,0.9,0.2,0.1,100,10.0,4479
4438,147,28,0.9,0.2,0.1,100,10.0,4480
4439,147,29,0.9,0.2,0.1,100,10.0,4481
4440,148,0,0.9,0.2,0.3,10,10.0,4482
4441,148,1,0.9,0.2,0.3,10,10.0,4483
4442,148,2,0.9,0.2,0.3,10,10.0,4484
4443,148,3,0.9,0.2,0.3,10,10.0,4485
4444,148,4,0.9,0.2,0.3,10,10.0,4486
4445,148,5,0.9,0.2,0.3,10,10.0,4487
4446,148,6,0.9,0.2,0.3,10,10.0,4488
4447,148,7,0.9,0.2,0.3,10,10.0,4489
4448,148,8,0.9,0.2,0.3,10,10.0,4490
4449,148,9,0.9,0.2,0.3,10,10.0,4491
4450,148,10,0.9,0.2,0.3,10,10.0,4492
4451,148,11,0.9,0.2,0.3,10,10.0,4493
4452,148,12,0.9,0.2,0.3,10,10.0,4494
4453,148,13,0.9,0.2,0.3,10,10.0,4495
4454,148,14,0.9,0.2,0.3,10,10.0,4496
4455,148,15,0.9,0.2,0.3,10,10.0,4497
4456,148,16,0.9,0.2,0.3,10,10.0,4498
4457,148,17,0.9,0.2,0.3,10,10.0,4499
4458,148,18,0.9,0.2,0.3,10,10.0,4500
4459,148,19,0.9,0.2,0.3,10,10.0,4501
4460,148,20,0.9,0.2,0.3,10,10.0,4502
4461,148,21,0.9,0.2,0.3,10,10.0,4503
4462,148,22,0.9,0.2,0.3,10,10.0,4504
4463,148,23,0.9,0.2,0.3,10,10.0,4505
4464,148,24,0.9,0.2,0.3,10,10.0,4506
4465,148,25,0.9,0.2,0.3,10,10.0,4507
4466,148,26,0.9,0.2,0.3,10,10.0,4508
4467,148,27,0.9,0.2,0.3,10,10.0,4509
4468,148,28,0.9,0.2,0.3,10,10.0,4510
4469,148,29,0.9,0.2,0.3,10,10.0,4511
4470,149,0,0.9,0.2,0.3,25,10.0,4512
4471,149,1,0.9,0.2,0.3,25,10.0,4513
4472,149,2,0.9,0.2,0.3,25,10.0,4514
4473,149,3,0.9,0.2,0.3,25,10.0,4515
4474,149,4,0.9,0.2,0.3,25,10.0,4516
4475,149,5,0.9,0.2,0.3,25,10.0,4517
4476,149,6,0.9,0.2,0.3,25,10.0,4518
4477,149,7,0.9,0.2,0.3,25,10.0,4519
4478,149,8,0.9,0.2,0.3,25,10.0,4520
4479,149,9,0.9,0.2,0.3,25,10.0,4521
4480,149,10,0.9,0.2,0.3,25,10.0,4522
4481,149,11,0.9,0.2,0.3,25,10.0,4523
4482,149,12,0.9,0.2,0.3,25,10.0,4524
4483,149,13,0.9,0.2,0.3,25,10.0,4525
4484,149,14,0.9,0.2,0.3,25,10.0,4526
4485,149,15,0.9,0.2,0.3,25,10.0,4527
4486,149,16,0.9,0.2,0.3,25,10.0,4528
4487,149,17,0.9,0.2,0.3,25,10.0,4529
4488,149,18,0.9,0.2,0.3,25,10.0,4530
4489,149,19,0.9,0.2,0.3,25,10.0,4531
4490,149,20,0.9,0.2,0.3,25,10.0,4532
4491,149,21,0.9,0.2,0.3,25,10.0,4533
4492,149,22,0.9,0.2,0.3,25,10.0,4534
4493,149,23,0.9,0.2,0.3,25,10.0,4535
4494,149,24,0.9,0.2,0.3,25,10.0,4536
4495,149,25,0.9,0.2,0.3,25,10.0,4537
4496,149,26,0.9,0.2,0.3,25,10.0,4538
4497,149,27,0.9,0.2,0.3,25,10.0,4539
4498,149,28,0.9,0.2,0.3,25,10.0,4540
4499,149,29,0.9,0.2,0.3,25,10.0,4541
4500,150,0,0.9,0.2,0.3,50,10.0,4542
4501,150,1,0.9,0.2,0.3,50,10.0,4543
4502,150,2,0.9,0.2,0.3,50,10.0,4544
4503,150,3,0.9,0.2,0.3,50,10.0,4545
4504,150,4,0.9,0.2,0.3,50,10.0,4546
4505,150,5,0.9,0.2,0.3,50,10.0,4547
4506,150,6,0.9,0.2,0.3,50,10.0,4548
4507,150,7,0.9,0.2,0.3,50,10.0,4549
4508,150,8,0.9,0.2,0.3,50,10.0,4550
4509,150,9,0.9,0.2,0.3,50,10.0,4551
4510,150,10,0.9,0.2,0.3,50,10.0,4552
4511,150,11,0.9,0.2,0.3,50,10.0,4553
4512,150,12,0.9,0.2,0.3,50,10.0,4554
4513,150,13,0.9,0.2,0.3,50,10.0,4555
4514,150,14,0.9,0.2,0.3,50,10.0,4556
4515,150,15,0.9,0.2,0.3,50,10.0,4557
4516,150,16,0.9,0.2,0.3,50,10.0,4558
4517,150,17,0.9,0.2,0.3,50,10.0,4559
4518,150,18,0.9,0.2,0.3,50,10.0,4560
4519,150,19,0.9,0.2,0.3,50,10.0,4561
4520,150,20,0.9,0.2,0.3,50,10.0,4562
4521,150,21,0.9,0.2,0.3,50,10.0,4563
4522,150,22,0.9,0.2,0.3,50,10.0,4564
4523,150,23,0.9,0.2,0.3,50,10.0,4565
4524,150,24,0.9,0.2,0.3,50,10.0,4566
4525,150,25,0.9,0.2,0.3,50,10.0,4567
4526,150,26,0.9,0.2,0.3,50,10.0,4568
4527,150,27,0.9,0.2,0.3,50,10.0,4569
4528,150,28,0.9,0.2,0.3,50,10.0,4570
4529,150,29,0.9,0.2,0.3,50,10.0,4571
4530,151,0,0.9,0.2,0.3,100,10.0,4572
4531,151,1,0.9,0.2,0.3,100,10.0,4573
4532,151,2,0.9,0.2,0.3,100,10.0,4574
4533,151,3,0.9,0.2,0.3,100,10.0,4575
4534,151,4,0.9,0.2,0.3,100,10.0,4576
4535,151,5,0.9,0.2,0.3,100,10.0,4577
4536,151,6,0.9,0.2,0.3,100,10.0,4578
4537,151,7,0.9,0.2,0.3,100,10.0,4579
4538,151,8,0.9,0.2,0.3,100,10.0,4580
4539,151,9,0.9,0.2,0.3,100,10.0,4581
4540,151,10,0.9,0.2,0.3,100,10.0,4582
4541,151,11,0.9,0.2,0.3,100,10.0,4583
4542,151,12,0.9,0.2,0.3,100,10.0,4584
4543,151,13,0.9,0.2,0.3,100,10.0,4585
4544,151,14,0.9,0.2,0.3,100,10.0,4586
4545,151,15,0.9,0.2,0.3,100,10.0,4587
4546,151,16,0.9,0.2,0.3,100,10.0,4588
4547,151,17,0.9,0.2,0.3,100,10.0,4589
4548,151,18,0.9,0.2,0.3,100,10.0,4590
4549,151,19,0.9,0.2,0.3,100,10.0,4591
4550,151,20,0.9,0.2,0.3,100,10.0,4592
4551,151,21,0.9,0.2,0.3,100,10.0,4593
4552,151,22,0.9,0.2,0.3,100,10.0,4594
4553,151,23,0.9,0.2,0.3,100,10.0,4595
4554,151,24,0.9,0.2,0.3,100,10.0,4596
4555,151,25,0.9,0.2,0.3,100,10.0,4597
4556,151,26,0.9,0.2,0.3,100,10.0,4598
4557,151,27,0.9,0.2,0.3,100,10.0,4599
4558,151,28,0.9,0.2,0.3,100,10.0,4600
4559,151,29,0.9,0.2,0.3,100,10.0,4601
4560,152,0,0.9,0.2,0.5,10,10.0,4602
4561,152,1,0.9,0.2,0.5,10,10.0,4603
4562,152,2,0.9,0.2,0.5,10,10.0,4604
4563,152,3,0.9,0.2,0.5,10,10.0,4605
4564,152,4,0.9,0.2,0.5,10,10.0,4606
4565,152,5,0.9,0.2,0.5,10,10.0,4607
4566,152,6,0.9,0.2,0.5,10,10.0,4608
4567,152,7,0.9,0.2,0.5,10,10.0,4609
4568,152,8,0.9,0.2,0.5,10,10.0,4610
4569,152,9,0.9,0.2,0.5,10,10.0,4611
4570,152,10,0.9,0.2,0.5,10,10.0,4612
4571,152,11,0.9,0.2,0.5,10,10.0,4613
4572,152,12,0.9,0.2,0.5,10,10.0,4614
4573,152,13,0.9,0.2,0.5,10,10.0,4615
4574,152,14,0.9,0.2,0.5,10,10.0,4616
4575,152,15,0.9,0.2,0.5,10,10.0,4617
4576,152,16,0.9,0.2,0.5,10,10.0,4618
4577,152,17,0.9,0.2,0.5,10,10.0,4619
4578,152,18,0.9,0.2,0.5,10,10.0,4620
4579,152,19,0.9,0.2,0.5,10,10.0,4621
4580,152,20,0.9,0.2,0.5,10,10.0,4622
4581,152,21,0.9,0.2,0.5,10,10.0,4623
4582,152,22,0.9,0.2,0.5,10,10.0,4624
4583,152,23,0.9,0.2,0.5,10,10.0,4625
4584,152,24,0.9,0.2,0.5,10,10.0,4626
4585,152,25,0.9,0.2,0.5,10,10.0,4627
4586,152,26,0.9,0.2,0.5,10,10.0,4628
4587,152,27,0.9,0.2,0.5,10,10.0,4629
4588,152,28,0.9,0.2,0.5,10,10.0,4630
4589,152,29,0.9,0.2,0.5,10,10.0,4631
4590,153,0,0.9,0.2,0.5,25,10.0,4632
4591,153,1,0.9,0.2,0.5,25,10.0,4633
4592,153,2,0.9,0.2,0.5,25,10.0,4634
4593,153,3,0.9,0.2,0.5,25,10.0,4635
4594,153,4,0.9,0.2,0.5,25,10.0,4636
4595,153,5,0.9,0.2,0.5,25,10.0,4637
4596,153,6,0.9,0.2,0.5,25,10.0,4638
4597,153,7,0.9,0.2,0.5,25,10.0,4639
4598,153,8,0.9,0.2,0.5,25,10.0,4640
4599,153,9,0.9,0.2,0.5,25,10.0,4641
4600,153,10,0.9,0.2,0.5,25,10.0,4642
4601,153,11,0.9,0.2,0.5,25,10.0,4643
4602,153,12,0.9,0.2,0.5,25,10.0,4644
4603,153,13,0.9,0.2,0.5,25,10.0,4645
4604,153,14,0.9,0.2,0.5,25,10.0,4646
4605,153,15,0.9,0.2,0.5,25,10.0,4647
4606,153,16,0.9,0.2,0.5,25,10.0,4648
4607,153,17,0.9,0.2,0.5,25,10.0,4649
4608,153,18,0.9,0.2,0.5,25,10.0,4650
4609,153,19,0.9,0.2,0.5,25,10.0,4651
4610,153,20,0.9,0.2,0.5,25,10.0,4652
4611,153,21,0.9,0.2,0.5,25,10.0,4653
4612,153,22,0.9,0.2,0.5,25,10.0,4654
4613,153,23,0.9,0.2,0.5,25,10.0,4655
4614,153,24,0.9,0.2,0.5,25,10.0,4656
4615,153,25,0.9,0.2,0.5,25,10.0,4657
4616,153,26,0.9,0.2,0.5,25,10.0,4658
4617,153,27,0.9,0.2,0.5,25,10.0,4659
4618,153,28,0.9,0.2,0.5,25,10.0,4660
4619,153,29,0.9,0.2,0.5,25,10.0,4661
4620,154,0,0.9,0.2,0.5,50,10.0,4662
4621,154,1,0.9,0.2,0.5,50,10.0,4663
4622,154,2,0.9,0.2,0.5,50,10.0,4664
4623,154,3,0.9,0.2,0.5,50,10.0,4665
4624,154,4,0.9,0.2,0.5,50,10.0,4666
4625,154,5,0.9,0.2,0.5,50,10.0,4667
4626,154,6,0.9,0.2,0.5,50,10.0,4668
4627,154,7,0.9,0.2,0.5,50,10.0,4669
4628,154,8,0.9,0.2,0.5,50,10.0,4670
4629,154,9,0.9,0.2,0.5,50,10.0,4671
4630,154,10,0.9,0.2,0.5,50,10.0,4672
4631,154,11,0.9,0.2,0.5,50,10.0,4673
4632,154,12,0.9,0.2,0.5,50,10.0,4674
4633,154,13,0.9,0.2,0.5,50,10.0,4675
4634,154,14,0.9,0.2,0.5,50,10.0,4676
4635,154,15,0.9,0.2,0.5,50,10.0,4677
4636,154,16,0.9,0.2,0.5,50,10.0,4678
4637,154,17,0.9,0.2,0.5,50,10.0,4679
4638,154,18,0.9,0.2,0.5,50,10.0,4680
4639,154,19,0.9,0.2,0.5,50,10.0,4681
4640,154,20,0.9,0.2,0.5,50,10.0,4682
4641,154,21,0.9,0.2,0.5,50,10.0,4683
4642,154,22,0.9,0.2,0.5,50,10.0,4684
4643,154,23,0.9,0.2,0.5,50,10.0,4685
4644,154,24,0.9,0.2,0.5,50,10.0,4686
4645,154,25,0.9,0.2,0.5,50,10.0,4687
4646,154,26,0.9,0.2,0.5,50,10.0,4688
4647,154,27,0.9,0.2,0.5,50,10.0,4689
4648,154,28,0.9,0.2,0.5,50,10.0,4690
4649,154,29,0.9,0.2,0.5,50,10.0,4691
4650,155,0,0.9,0.2,0.5,100,10.0,4692
4651,155,1,0.9,0.2,0.5,100,10.0,4693
4652,155,2,0.9,0.2,0.5,100,10.0,4694
4653,155,3,0.9,0.2,0.5,100,10.0,4695
4654,155,4,0.9,0.2,0.5,100,10.0,4696
4655,155,5,0.9,0.2,0.5,100,10.0,4697
4656,155,6,0.9,0.2,0.5,100,10.0,4698
4657,155,7,0.9,0.2,0.5,100,10.0,4699
4658,155,8,0.9,0.2,0.5,100,10.0,4700
4659,155,9,0.9,0.2,0.5,100,10.0,4701
4660,155,10,0.9,0.2,0.5,100,10.0,4702
4661,155,11,0.9,0.2,0.5,100,10.0,4703
4662,155,12,0.9,0.2,0.5,100,10.0,4704
4663,155,13,0.9,0.2,0.5,100,10.0,4705
4664,155,14,0.9,0.2,0.5,100,10.0,4706
4665,155,15,0.9,0.2,0.5,100,10.0,4707
4666,155,16,0.9,0.2,0.5,100,10.0,4708
4667,155,17,0.9,0.2,0.5,100,10.0,4709
4668,155,18,0.9,0.2,0.5,100,10.0,4710
4669,155,19,0.9,0.2,0.5,100,10.0,4711
4670,155,20,0.9,0.2,0.5,100,10.0,4712
4671,155,21,0.9,0.2,0.5,100,10.0,4713
4672,155,22,0.9,0.2,0.5,100,10.0,4714
4673,155,23,0.9,0.2,0.5,100,10.0,4715
4674,155,24,0.9,0.2,0.5,100,10.0,4716
4675,155,25,0.9,0.2,0.5,100,10.0,4717
4676,155,26,0.9,0.2,0.5,100,10.0,4718
4677,155,27,0.9,0.2,0.5,100,10.0,4719
4678,155,28,0.9,0.2,0.5,100,10.0,4720
4679,155,29,0.9,0.2,0.5,100,10.0,4721
4680,156,0,0.9,0.5,0.1,10,10.0,4722
4681,156,1,0.9,0.5,0.1,10,10.0,4723
4682,156,2,0.9,0.5,0.1,10,10.0,4724
4683,156,3,0.9,0.5,0.1,10,10.0,4725
4684,156,4,0.9,0.5,0.1,10,10.0,4726
4685,156,5,0.9,0.5,0.1,10,10.0,4727
4686,156,6,0.9,0.5,0.1,10,10.0,4728
4687,156,7,0.9,0.5,0.1,10,10.0,4729
4688,156,8,0.9,0.5,0.1,10,10.0,4730
4689,156,9,0.9,0.5,0.1,10,10.0,4731
4690,156,10,0.9,0.5,0.1,10,10.0,4732
4691,156,11,0.9,0.5,0.1,10,10.0,4733
4692,156,12,0.9,0.5,0.1,10,10.0,4734
4693,156,13,0.9,0.5,0.1,10,10.0,4735
4694,156,14,0.9,0.5,0.1,10,10.0,4736
4695,156,15,0.9,0.5,0.1,10,10.0,4737
4696,156,16,0.9,0.5,0.1,10,10.0,4738
4697,156,17,0.9,0.5,0.1,10,10.0,4739
4698,156,18,0.9,0.5,0.1,10,10.0,4740
4699,156,19,0.9,0.5,0.1,10,10.0,4741
4700,156,20,0.9,0.5,0.1,10,10.0,4742
4701,156,21,0.9,0.5,0.1,10,10.0,4743
4702,156,22,0.9,0.5,0.1,10,10.0,4744
4703,156,23,0.9,0.5,0.1,10,10.0,4745
4704,156,24,0.9,0.5,0.1,10,10.0,4746
4705,156,25,0.9,0.5,0.1,10,10.0,4747
4706,156,26,0.9,0.5,0.1,10,10.0,4748
4707,156,27,0.9,0.5,0.1,10,10.0,4749
4708,156,28,0.9,0.5,0.1,10,10.0,4750
4709,156,29,0.9,0.5,0.1,10,10.0,4751
4710,157,0,0.9,0.5,0.1,25,10.0,4752
4711,157,1,0.9,0.5,0.1,25,10.0,4753
4712,157,2,0.9,0.5,0.1,25,10.0,4754
4713,157,3,0.9,0.5,0.1,25,10.0,4755
4714,157,4,0.9,0.5,0.1,25,10.0,4756
4715,157,5,0.9,0.5,0.1,25,10.0,4757
4716,157,6,0.9,0.5,0.1,25,10.0,4758
4717,157,7,0.9,0.5,0.1,25,10.0,4759
4718,157,8,0.9,0.5,0.1,25,10.0,4760
4719,157,9,0.9,0.5,0.1,25,10.0,4761
4720,157,10,0.9,0.5,0.1,25,10.0,4762
4721,157,11,0.9,0.5,0.1,25,10.0,4763
4722,157,12,0.9,0.5,0.1,25,10.0,4764
4723,157,13,0.9,0.5,0.1,25,10.0,4765
4724,157,14,0.9,0.5,0.1,25,10.0,4766
4725,157,15,0.9,0.5,0.1,25,10.0,4767
4726,157,16,0.9,0.5,0.1,25,10.0,4768
4727,157,17,0.9,0.5,0.1,25,10.0,4769
4728,157,18,0.9,0.5,0.1,25,10.0,4770
4729,157,19,0.9,0.5,0.1,25,10.0,4771
4730,157,20,0.9,0.5,0.1,25,10.0,4772
4731,157,21,0.9,0.5,0.1,25,10.0,4773
4732,157,22,0.9,0.5,0.1,25,10.0,4774
4733,157,23,0.9,0.5,0.1,25,10.0,4775
4734,157,24,0.9,0.5,0.1,25,10.0,4776
4735,157,25,0.9,0.5,0.1,25,10.0,4777
4736,157,26,0.9,0.5,0.1,25,10.0,4778
4737,157,27,0.9,0.5,0.1,25,10.0,4779
4738,157,28,0.9,0.5,0.1,25,10.0,4780
4739,157,29,0.9,0.5,0.1,25,10.0,4781
4740,158,0,0.9,0.5,0.1,50,10.0,4782
4741,158,1,0.9,0.5,0.1,50,10.0,4783
4742,158,2,0.9,0.5,0.1,50,10.0,4784
4743,158,3,0.9,0.5,0.1,50,10.0,4785
4744,158,4,0.9,0.5,0.1,50,10.0,4786
4745,158,5,0.9,0.5,0.1,50,10.0,4787
4746,158,6,0.9,0.5,0.1,50,10.0,4788
4747,158,7,0.9,0.5,0.1,50,10.0,4789
4748,158,8,0.9,0.5,0.1,50,10.0,4790
4749,158,9,0.9,0.5,0.1,50,10.0,4791
4750,158,10,0.9,0.5,0.1,50,10.0,4792
4751,158,11,0.9,0.5,0.1,50,10.0,4793
4752,158,12,0.9,0.5,0.1,50,10.0,4794
4753,158,13,0.9,0.5,0.1,50,10.0,4795
4754,158,14,0.9,0.5,0.1,50,10.0,4796
4755,158,15,0.9,0.5,0.1,50,10.0,4797
4756,158,16,0.9,0.5,0.1,50,10.0,4798
4757,158,17,0.9,0.5,0.1,50,10.0,4799
4758,158,18,0.9,0.5,0.1,50,10.0,4800
4759,158,19,0.9,0.5,0.1,50,10.0,4801
4760,158,20,0.9,0.5,0.1,50,10.0,4802
4761,158,21,0.9,0.5,0.1,50,10.0,4803
4762,158,22,0.9,0.5,0.1,50,10.0,4804
4763,158,23,0.9,0.5,0.1,50,10.0,4805
4764,158,24,0.9,0.5,0.1,50,10.0,4806
4765,158,25,0.9,0.5,0.1,50,10.0,4807
4766,158,26,0.9,0.5,0.1,50,10.0,4808
4767,158,27,0.9,0.5,0.1,50,10.0,4809
4768,158,28,0.9,0.5,0.1,50,10.0,4810
4769,158,29,0.9,0.5,0.1,50,10.0,4811
4770,159,0,0.9,0.5,0.1,100,10.0,4812
4771,159,1,0.9,0.5,0.1,100,10.0,4813
4772,159,2,0.9,0.5,0.1,100,10.0,4814
4773,159,3,0.9,0.5,0.1,100,10.0,4815
4774,159,4,0.9,0.5,0.1,100,10.0,4816
4775,159,5,0.9,0.5,0.1,100,10.0,4817
4776,159,6,0.9,0.5,0.1,100,10.0,4818
4777,159,7,0.9,0.5,0.1,100,10.0,4819
4778,159,8,0.9,0.5,0.1,100,10.0,4820
4779,159,9,0.9,0.5,0.1,100,10.0,4821
4780,159,10,0.9,0.5,0.1,100,10.0,4822
4781,159,11,0.9,0.5,0.1,100,10.0,4823
4782,159,12,0.9,0.5,0.1,100,10.0,4824
4783,159,13,0.9,0.5,0.1,100,10.0,4825
4784,159,14,0.9,0.5,0.1,100,10.0,4826
4785,159,15,0.9,0.5,0.1,100,10.0,4827
4786,159,16,0.9,0.5,0.1,100,10.0,4828
4787,159,17,0.9,0.5,0.1,100,10.0,4829
4788,159,18,0.9,0.5,0.1,100,10.0,4830
4789,159,19,0.9,0.5,0.1,100,10.0,4831
4790,159,20,0.9,0.5,0.1,100,10.0,4832
4791,159,21,0.9,0.5,0.1,100,10.0,4833
4792,159,22,0.9,0.5,0.1,100,10.0,4834
4793,159,23,0.9,0.5,0.1,100,10.0,4835
4794,159,24,0.9,0.5,0.1,100,10.0,4836
4795,159,25,0.9,0.5,0.1,100,10.0,4837
4796,159,26,0.9,0.5,0.1,100,10.0,4838
4797,159,27,0.9,0.5,0.1,100,10.0,4839
4798,159,28,0.9,0.5,0.1,100,10.0,4840
4799,159,29,0.9,0.5,0.1,100,10.0,4841
4800,160,0,0.9,0.5,0.3,10,10.0,4842
4801,160,1,0.9,0.5,0.3,10,10.0,4843
4802,160,2,0.9,0.5,0.3,10,10.0,4844
4803,160,3,0.9,0.5,0.3,10,10.0,4845
4804,160,4,0.9,0.5,0.3,10,10.0,4846
4805,160,5,0.9,0.5,0.3,10,10.0,4847
4806,160,6,0.9,0.5,0.3,10,10.0,4848
4807,160,7,0.9,0.5,0.3,10,10.0,4849
4808,160,8,0.9,0.5,0.3,10,10.0,4850
4809,160,9,0.9,0.5,0.3,10,10.0,4851
4810,160,10,0.9,0.5,0.3,10,10.0,4852
4811,160,11,0.9,0.5,0.3,10,10.0,4853
4812,160,12,0.9,0.5,0.3,10,10.0,4854
4813,160,13,0.9,0.5,0.3,10,10.0,4855
4814,160,14,0.9,0.5,0.3,10,10.0,4856
4815,160,15,0.9,0.5,0.3,10,10.0,4857
4816,160,16,0.9,0.5,0.3,10,10.0,4858
4817,160,17,0.9,0.5,0.3,10,10.0,4859
4818,160,18,0.9,0.5,0.3,10,10.0,4860
4819,160,19,0.9,0.5,0.3,10,10.0,4861
4820,160,20,0.9,0.5,0.3,10,10.0,4862
4821,160,21,0.9,0.5,0.3,10,10.0,4863
4822,160,22,0.9,0.5,0.3,10,10.0,4864
4823,160,23,0.9,0.5,0.3,10,10.0,4865
4824,160,24,0.9,0.5,0.3,10,10.0,4866
4825,160,25,0.9,0.5,0.3,10,10.0,4867
4826,160,26,0.9,0.5,0.3,10,10.0,4868
4827,160,27,0.9,0.5,0.3,10,10.0,4869
4828,160,28,0.9,0.5,0.3,10,10.0,4870
4829,160,29,0.9,0.5,0.3,10,10.0,4871
4830,161,0,0.9,0.5,0.3,25,10.0,4872
4831,161,1,0.9,0.5,0.3,25,10.0,4873
4832,161,2,0.9,0.5,0.3,25,10.0,4874
4833,161,3,0.9,0.5,0.3,25,10.0,4875
4834,161,4,0.9,0.5,0.3,25,10.0,4876
4835,161,5,0.9,0.5,0.3,25,10.0,4877
4836,161,6,0.9,0.5,0.3,25,10.0,4878
4837,161,7,0.9,0.5,0.3,25,10.0,4879
4838,161,8,0.9,0.5,0.3,25,10.0,4880
4839,161,9,0.9,0.5,0.3,25,10.0,4881
4840,161,10,0.9,0.5,0.3,25,10.0,4882
4841,161,11,0.9,0.5,0.3,25,10.0,4883
4842,161,12,0.9,0.5,0.3,25,10.0,4884
4843,161,13,0.9,0.5,0.3,25,10.0,4885
4844,161,14,0.9,0.5,0.3,25,10.0,4886
4845,161,15,0.9,0.5,0.3,25,10.0,4887
4846,161,16,0.9,0.5,0.3,25,10.0,4888
4847,161,17,0.9,0.5,0.3,25,10.0,4889
4848,161,18,0.9,0.5,0.3,25,10.0,4890
4849,161,19,0.9,0.5,0.3,25,10.0,4891
4850,161,20,0.9,0.5,0.3,25,10.0,4892
4851,161,21,0.9,0.5,0.3,25,10.0,4893
4852,161,22,0.9,0.5,0.3,25,10.0,4894
4853,161,23,0.9,0.5,0.3,25,10.0,4895
4854,161,24,0.9,0.5,0.3,25,10.0,4896
4855,161,25,0.9,0.5,0.3,25,10.0,4897
4856,161,26,0.9,0.5,0.3,25,10.0,4898
4857,161,27,0.9,0.5,0.3,25,10.0,4899
4858,161,28,0.9,0.5,0.3,25,10.0,4900
4859,161,29,0.9,0.5,0.3,25,10.0,4901
4860,162,0,0.9,0.5,0.3,50,10.0,4902
4861,162,1,0.9,0.5,0.3,50,10.0,4903
4862,162,2,0.9,0.5,0.3,50,10.0,4904
4863,162,3,0.9,0.5,0.3,50,10.0,4905
4864,162,4,0.9,0.5,0.3,50,10.0,4906
4865,162,5,0.9,0.5,0.3,50,10.0,4907
4866,162,6,0.9,0.5,0.3,50,10.0,4908
4867,162,7,0.9,0.5,0.3,50,10.0,4909
4868,162,8,0.9,0.5,0.3,50,10.0,4910
4869,162,9,0.9,0.5,0.3,50,10.0,4911
4870,162,10,0.9,0.5,0.3,50,10.0,4912
4871,162,11,0.9,0.5,0.3,50,10.0,4913
4872,162,12,0.9,0.5,0.3,50,10.0,4914
4873,162,13,0.9,0.5,0.3,50,10.0,4915
4874,162,14,0.9,0.5,0.3,50,10.0,4916
4875,162,15,0.9,0.5,0.3,50,10.0,4917
4876,162,16,0.9,0.5,0.3,50,10.0,4918
4877,162,17,0.9,0.5,0.3,50,10.0,4919
4878,162,18,0.9,0.5,0.3,50,10.0,4920
4879,162,19,0.9,0.5,0.3,50,10.0,4921
4880,162,20,0.9,0.5,0.3,50,10.0,4922
4881,162,21,0.9,0.5,0.3,50,10.0,4923
4882,162,22,0.9,0.5,0.3,50,10.0,4924
4883,162,23,0.9,0.5,0.3,50,10.0,4925
4884,162,24,0.9,0.5,0.3,50,10.0,4926
4885,162,25,0.9,0.5,0.3,50,10.0,4927
4886,162,26,0.9,0.5,0.3,50,10.0,4928
4887,162,27,0.9,0.5,0.3,50,10.0,4929
4888,162,28,0.9,0.5,0.3,50,10.0,4930
4889,162,29,0.9,0.5,0.3,50,10.0,4931
4890,163,0,0.9,0.5,0.3,100,10.0,4932
4891,163,1,0.9,0.5,0.3,100,10.0,4933
4892,163,2,0.9,0.5,0.3,100,10.0,4934
4893,163,3,0.9,0.5,0.3,100,10.0,4935
4894,163,4,0.9,0.5,0.3,100,10.0,4936
4895,163,5,0.9,0.5,0.3,100,10.0,4937
4896,163,6,0.9,0.5,0.3,100,10.0,4938
4897,163,7,0.9,0.5,0.3,100,10.0,4939
4898,163,8,0.9,0.5,0.3,100,10.0,4940
4899,163,9,0.9,0.5,0.3,100,10.0,4941
4900,163,10,0.9,0.5,0.3,100,10.0,4942
4901,163,11,0.9,0.5,0.3,100,10.0,4943
4902,163,12,0.9,0.5,0.3,100,10.0,4944
4903,163,13,0.9,0.5,0.3,100,10.0,4945
4904,163,14,0.9,0.5,0.3,100,10.0,4946
4905,163,15,0.9,0.5,0.3,100,10.0,4947
4906,163,16,0.9,0.5,0.3,100,10.0,4948
4907,163,17,0.9,0.5,0.3,100,10.0,4949
4908,163,18,0.9,0.5,0.3,100,10.0,4950
4909,163,19,0.9,0.5,0.3,100,10.0,4951
4910,163,20,0.9,0.5,0.3,100,10.0,4952
4911,163,21,0.9,0.5,0.3,100,10.0,4953
4912,163,22,0.9,0.5,0.3,100,10.0,4954
4913,163,23,0.9,0.5,0.3,100,10.0,4955
4914,163,24,0.9,0.5,0.3,100,10.0,4956
4915,163,25,0.9,0.5,0.3,100,10.0,4957
4916,163,26,0.9,0.5,0.3,100,10.0,4958
4917,163,27,0.9,0.5,0.3,100,10.0,4959
4918,163,28,0.9,0.5,0.3,100,10.0,4960
4919,163,29,0.9,0.5,0.3,100,10.0,4961
4920,164,0,0.9,0.5,0.5,10,10.0,4962
4921,164,1,0.9,0.5,0.5,10,10.0,4963
4922,164,2,0.9,0.5,0.5,10,10.0,4964
4923,164,3,0.9,0.5,0.5,10,10.0,4965
4924,164,4,0.9,0.5,0.5,10,10.0,4966
4925,164,5,0.9,0.5,0.5,10,10.0,4967
4926,164,6,0.9,0.5,0.5,10,10.0,4968
4927,164,7,0.9,0.5,0.5,10,10.0,4969
4928,164,8,0.9,0.5,0.5,10,10.0,4970
4929,164,9,0.9,0.5,0.5,10,10.0,4971
4930,164,10,0.9,0.5,0.5,10,10.0,4972
4931,164,11,0.9,0.5,0.5,10,10.0,4973
4932,164,12,0.9,0.5,0.5,10,10.0,4974
4933,164,13,0.9,0.5,0.5,10,10.0,4975
4934,164,14,0.9,0.5,0.5,10,10.0,4976
4935,164,15,0.9,0.5,0.5,10,10.0,4977
4936,164,16,0.9,0.5,0.5,10,10.0,4978
4937,164,17,0.9,0.5,0.5,10,10.0,4979
4938,164,18,0.9,0.5,0.5,10,10.0,4980
4939,164,19,0.9,0.5,0.5,10,10.0,4981
4940,164,20,0.9,0.5,0.5,10,10.0,4982
4941,164,21,0.9,0.5,0.5,10,10.0,4983
4942,164,22,0.9,0.5,0.5,10,10.0,4984
4943,164,23,0.9,0.5,0.5,10,10.0,4985
4944,164,24,0.9,0.5,0.5,10,10.0,4986
4945,164,25,0.9,0.5,0.5,10,10.0,4987
4946,164,26,0.9,0.5,0.5,10,10.0,4988
4947,164,27,0.9,0.5,0.5,10,10.0,4989
4948,164,28,0.9,0.5,0.5,10,10.0,4990
4949,164,29,0.9,0.5,0.5,10,10.0,4991
4950,165,0,0.9,0.5,0.5,25,10.0,4992
4951,165,1,0.9,0.5,0.5,25,10.0,4993
4952,165,2,0.9,0.5,0.5,25,10.0,4994
4953,165,3,0.9,0.5,0.5,25,10.0,4995
4954,165,4,0.9,0.5,0.5,25,10.0,4996
4955,165,5,0.9,0.5,0.5,25,10.0,4997
4956,165,6,0.9,0.5,0.5,25,10.0,4998
4957,165,7,0.9,0.5,0.5,25,10.0,4999
4958,165,8,0.9,0.5,0.5,25,10.0,5000
4959,165,9,0.9,0.5,0.5,25,10.0,5001
4960,165,10,0.9,0.5,0.5,25,10.0,5002
4961,165,11,0.9,0.5,0.5,25,10.0,5003
4962,165,12,0.9,0.5,0.5,25,10.0,5004
4963,165,13,0.9,0.5,0.5,25,10.0,5005
4964,165,14,0.9,0.5,0.5,25,10.0,5006
4965,165,15,0.9,0.5,0.5,25,10.0,5007
4966,165,16,0.9,0.5,0.5,25,10.0,5008
4967,165,17,0.9,0.5,0.5,25,10.0,5009
4968,165,18,0.9,0.5,0.5,25,10.0,5010
4969,165,19,0.9,0.5,0.5,25,10.0,5011
4970,165,20,0.9,0.5,0.5,25,10.0,5012
4971,165,21,0.9,0.5,0.5,25,10.0,5013
4972,165,22,0.9,0.5,0.5,25,10.0,5014
4973,165,23,0.9,0.5,0.5,25,10.0,5015
4974,165,24,0.9,0.5,0.5,25,10.0,5016
4975,165,25,0.9,0.5,0.5,25,10.0,5017
4976,165,26,0.9,0.5,0.5,25,10.0,5018
4977,165,27,0.9,0.5,0.5,25,10.0,5019
4978,165,28,0.9,0.5,0.5,25,10.0,5020
4979,165,29,0.9,0.5,0.5,25,10.0,5021
4980,166,0,0.9,0.5,0.5,50,10.0,5022
4981,166,1,0.9,0.5,0.5,50,10.0,5023
4982,166,2,0.9,0.5,0.5,50,10.0,5024
4983,166,3,0.9,0.5,0.5,50,10.0,5025
4984,166,4,0.9,0.5,0.5,50,10.0,5026
4985,166,5,0.9,0.5,0.5,50,10.0,5027
4986,166,6,0.9,0.5,0.5,50,10.0,5028
4987,166,7,0.9,0.5,0.5,50,10.0,5029
4988,166,8,0.9,0.5,0.5,50,10.0,5030
4989,166,9,0.9,0.5,0.5,50,10.0,5031
4990,166,10,0.9,0.5,0.5,50,10.0,5032
4991,166,11,0.9,0.5,0.5,50,10.0,5033
4992,166,12,0.9,0.5,0.5,50,10.0,5034
4993,166,13,0.9,0.5,0.5,50,10.0,5035
4994,166,14,0.9,0.5,0.5,50,10.0,5036
4995,166,15,0.9,0.5,0.5,50,10.0,5037
4996,166,16,0.9,0.5,0.5,50,10.0,5038
4997,166,17,0.9,0.5,0.5,50,10.0,5039
4998,166,18,0.9,0.5,0.5,50,10.0,5040
4999,166,19,0.9,0.5,0.5,50,10.0,5041
5000,166,20,0.9,0.5,0.5,50,10.0,5042
5001,166,21,0.9,0.5,0.5,50,10.0,5043
5002,166,22,0.9,0.5,0.5,50,10.0,5044
5003,166,23,0.9,0.5,0.5,50,10.0,5045
5004,166,24,0.9,0.5,0.5,50,10.0,5046
5005,166,25,0.9,0.5,0.5,50,10.0,5047
5006,166,26,0.9,0.5,0.5,50,10.0,5048
5007,166,27,0.9,0.5,0.5,50,10.0,5049
5008,166,28,0.9,0.5,0.5,50,10.0,5050
5009,166,29,0.9,0.5,0.5,50,10.0,5051
5010,167,0,0.9,0.5,0.5,100,10.0,5052
5011,167,1,0.9,0.5,0.5,100,10.0,5053
5012,167,2,0.9,0.5,0.5,100,10.0,5054
5013,167,3,0.9,0.5,0.5,100,10.0,5055
5014,167,4,0.9,0.5,0.5,100,10.0,5056
5015,167,5,0.9,0.5,0.5,100,10.0,5057
5016,167,6,0.9,0.5,0.5,100,10.0,5058
5017,167,7,0.9,0.5,0.5,100,10.0,5059
5018,167,8,0.9,0.5,0.5,100,10.0,5060
5019,167,9,0.9,0.5,0.5,100,10.0,5061
5020,167,10,0.9,0.5,0.5,100,10.0,5062
5021,167,11,0.9,0.5,0.5,100,10.0,5063
5022,167,12,0.9,0.5,0.5,100,10.0,5064
5023,167,13,0.9,0.5,0.5,100,10.0,5065
5024,167,14,0.9,0.5,0.5,100,10.0,5066
5025,167,15,0.9,0.5,0.5,100,10.0,5067
5026,167,16,0.9,0.5,0.5,100,10.0,5068
5027,167,17,0.9,0.5,0.5,100,10.0,5069
5028,167,18,0.9,0.5,0.5,100,10.0,5070
5029,167,19,0.9,0.5,0.5,100,10.0,5071
5030,167,20,0.9,0.5,0.5,100,10.0,5072
5031,167,21,0.9,0.5,0.5,100,10.0,5073
5032,167,22,0.9,0.5,0.5,100,10.0,5074
5033,167,23,0.9,0.5,0.5,100,10.0,5075
5034,167,24,0.9,0.5,0.5,100,10.0,5076
5035,167,25,0.9,0.5,0.5,100,10.0,5077
5036,167,26,0.9,0.5,0.5,100,10.0,5078
5037,167,27,0.9,0.5,0.5,100,10.0,5079
5038,167,28,0.9,0.5,0.5,100,10.0,5080
5039,167,29,0.9,0.5,0.5,100,10.0,5081
5040,168,0,0.9,1.0,0.1,10,10.0,5082
5041,168,1,0.9,1.0,0.1,10,10.0,5083
5042,168,2,0.9,1.0,0.1,10,10.0,5084
5043,168,3,0.9,1.0,0.1,10,10.0,5085
5044,168,4,0.9,1.0,0.1,10,10.0,5086
5045,168,5,0.9,1.0,0.1,10,10.0,5087
5046,168,6,0.9,1.0,0.1,10,10.0,5088
5047,168,7,0.9,1.0,0.1,10,10.0,5089
5048,168,8,0.9,1.0,0.1,10,10.0,5090
5049,168,9,0.9,1.0,0.1,10,10.0,5091
5050,168,10,0.9,1.0,0.1,10,10.0,5092
5051,168,11,0.9,1.0,0.1,10,10.0,5093
5052,168,12,0.9,1.0,0.1,10,10.0,5094
5053,168,13,0.9,1.0,0.1,10,10.0,5095
5054,168,14,0.9,1.0,0.1,10,10.0,5096
5055,168,15,0.9,1.0,0.1,10,10.0,5097
5056,168,16,0.9,1.0,0.1,10,10.0,5098
5057,168,17,0.9,1.0,0.1,10,10.0,5099
5058,168,18,0.9,1.0,0.1,10,10.0,5100
5059,168,19,0.9,1.0,0.1,10,10.0,5101
5060,168,20,0.9,1.0,0.1,10,10.0,5102
5061,168,21,0.9,1.0,0.1,10,10.0,5103
5062,168,22,0.9,1.0,0.1,10,10.0,5104
5063,168,23,0.9,1.0,0.1,10,10.0,5105
5064,168,24,0.9,1.0,0.1,10,10.0,5106
5065,168,25,0.9,1.0,0.1,10,10.0,5107
5066,168,26,0.9,1.0,0.1,10,10.0,5108
5067,168,27,0.9,1.0,0.1,10,10.0,5109
5068,168,28,0.9,1.0,0.1,10,10.0,5110
5069,168,29,0.9,1.0,0.1,10,10.0,5111
5070,169,0,0.9,1.0,0.1,25,10.0,5112
5071,169,1,0.9,1.0,0.1,25,10.0,5113
5072,169,2,0.9,1.0,0.1,25,10.0,5114
5073,169,3,0.9,1.0,0.1,25,10.0,5115
5074,169,4,0.9,1.0,0.1,25,10.0,5116
5075,169,5,0.9,1.0,0.1,25,10.0,5117
5076,169,6,0.9,1.0,0.1,25,10.0,5118
5077,169,7,0.9,1.0,0.1,25,10.0,5119
5078,169,8,0.9,1.0,0.1,25,10.0,5120
5079,169,9,0.9,1.0,0.1,25,10.0,5121
5080,169,10,0.9,1.0,0.1,25,10.0,5122
5081,169,11,0.9,1.0,0.1,25,10.0,5123
5082,169,12,0.9,1.0,0.1,25,10.0,5124
5083,169,13,0.9,1.0,0.1,25,10.0,5125
5084,169,14,0.9,1.0,0.1,25,10.0,5126
5085,169,15,0.9,1.0,0.1,25,10.0,5127
5086,169,16,0.9,1.0,0.1,25,10.0,5128
5087,169,17,0.9,1.0,0.1,25,10.0,5129
5088,169,18,0.9,1.0,0.1,25,10.0,5130
5089,169,19,0.9,1.0,0.1,25,10.0,5131
5090,169,20,0.9,1.0,0.1,25,10.0,5132
5091,169,21,0.9,1.0,0.1,25,10.0,5133
5092,169,22,0.9,1.0,0.1,25,10.0,5134
5093,169,23,0.9,1.0,0.1,25,10.0,5135
5094,169,24,0.9,1.0,0.1,25,10.0,5136
5095,169,25,0.9,1.0,0.1,25,10.0,5137
5096,169,26,0.9,1.0,0.1,25,10.0,5138
5097,169,27,0.9,1.0,0.1,25,10.0,5139
5098,169,28,0.9,1.0,0.1,25,10.0,5140
5099,169,29,0.9,1.0,0.1,25,10.0,5141
5100,170,0,0.9,1.0,0.1,50,10.0,5142
5101,170,1,0.9,1.0,0.1,50,10.0,5143
5102,170,2,0.9,1.0,0.1,50,10.0,5144
5103,170,3,0.9,1.0,0.1,50,10.0,5145
5104,170,4,0.9,1.0,0.1,50,10.0,5146
5105,170,5,0.9,1.0,0.1,50,10.0,5147
5106,170,6,0.9,1.0,0.1,50,10.0,5148
5107,170,7,0.9,1.0,0.1,50,10.0,5149
5108,170,8,0.9,1.0,0.1,50,10.0,5150
5109,170,9,0.9,1.0,0.1,50,10.0,5151
5110,170,10,0.9,1.0,0.1,50,10.0,5152
5111,170,11,0.9,1.0,0.1,50,10.0,5153
5112,170,12,0.9,1.0,0.1,50,10.0,5154
5113,170,13,0.9,1.0,0.1,50,10.0,5155
5114,170,14,0.9,1.0,0.1,50,10.0,5156
5115,170,15,0.9,1.0,0.1,50,10.0,5157
5116,170,16,0.9,1.0,0.1,50,10.0,5158
5117,170,17,0.9,1.0,0.1,50,10.0,5159
5118,170,18,0.9,1.0,0.1,50,10.0,5160
5119,170,19,0.9,1.0,0.1,50,10.0,5161
5120,170,20,0.9,1.0,0.1,50,10.0,5162
5121,170,21,0.9,1.0,0.1,50,10.0,5163
5122,170,22,0.9,1.0,0.1,50,10.0,5164
5123,170,23,0.9,1.0,0.1,50,10.0,5165
5124,170,24,0.9,1.0,0.1,50,10.0,5166
5125,170,25,0.9,1.0,0.1,50,10.0,5167
5126,170,26,0.9,1.0,0.1,50,10.0,5168
5127,170,27,0.9,1.0,0.1,50,10.0,5169
5128,170,28,0.9,1.0,0.1,50,10.0,5170
5129,170,29,0.9,1.0,0.1,50,10.0,5171
5130,171,0,0.9,1.0,0.1,100,10.0,5172
5131,171,1,0.9,1.0,0.1,100,10.0,5173
5132,171,2,0.9,1.0,0.1,100,10.0,5174
5133,171,3,0.9,1.0,0.1,100,10.0,5175
5134,171,4,0.9,1.0,0.1,100,10.0,5176
5135,171,5,0.9,1.0,0.1,100,10.0,5177
5136,171,6,0.9,1.0,0.1,100,10.0,5178
5137,171,7,0.9,1.0,0.1,100,10.0,5179
5138,171,8,0.9,1.0,0.1,100,10.0,5180
5139,171,9,0.9,1.0,0.1,100,10.0,5181
5140,171,10,0.9,1.0,0.1,100,10.0,5182
5141,171,11,0.9,1.0,0.1,100,10.0,5183
5142,171,12,0.9,1.0,0.1,100,10.0,5184
5143,171,13,0.9,1.0,0.1,100,10.0,5185
5144,171,14,0.9,1.0,0.1,100,10.0,5186
5145,171,15,0.9,1.0,0.1,100,10.0,5187
5146,171,16,0.9,1.0,0.1,100,10.0,5188
5147,171,17,0.9,1.0,0.1,100,10.0,5189
5148,171,18,0.9,1.0,0.1,100,10.0,5190
5149,171,19,0.9,1.0,0.1,100,10.0,5191
5150,171,20,0.9,1.0,0.1,100,10.0,5192
5151,171,21,0.9,1.0,0.1,100,10.0,5193
5152,171,22,0.9,1.0,0.1,100,10.0,5194
5153,171,23,0.9,1.0,0.1,100,10.0,5195
5154,171,24,0.9,1.0,0.1,100,10.0,5196
5155,171,25,0.9,1.0,0.1,100,10.0,5197
5156,171,26,0.9,1.0,0.1,100,10.0,5198
5157,171,27,0.9,1.0,0.1,100,10.0,5199
5158,171,28,0.9,1.0,0.1,100,10.0,5200
5159,171,29,0.9,1.0,0.1,100,10.0,5201
5160,172,0,0.9,1.0,0.3,10,10.0,5202
5161,172,1,0.9,1.0,0.3,10,10.0,5203
5162,172,2,0.9,1.0,0.3,10,10.0,5204
5163,172,3,0.9,1.0,0.3,10,10.0,5205
5164,172,4,0.9,1.0,0.3,10,10.0,5206
5165,172,5,0.9,1.0,0.3,10,10.0,5207
5166,172,6,0.9,1.0,0.3,10,10.0,5208
5167,172,7,0.9,1.0,0.3,10,10.0,5209
5168,172,8,0.9,1.0,0.3,10,10.0,5210
5169,172,9,0.9,1.0,0.3,10,10.0,5211
5170,172,10,0.9,1.0,0.3,10,10.0,5212
5171,172,11,0.9,1.0,0.3,10,10.0,5213
5172,172,12,0.9,1.0,0.3,10,10.0,5214
5173,172,13,0.9,1.0,0.3,10,10.0,5215
5174,172,14,0.9,1.0,0.3,10,10.0,5216
5175,172,15,0.9,1.0,0.3,10,10.0,5217
5176,172,16,0.9,1.0,0.3,10,10.0,5218
5177,172,17,0.9,1.0,0.3,10,10.0,5219
5178,172,18,0.9,1.0,0.3,10,10.0,5220
5179,172,19,0.9,1.0,0.3,10,10.0,5221
5180,172,20,0.9,1.0,0.3,10,10.0,5222
5181,172,21,0.9,1.0,0.3,10,10.0,5223
5182,172,22,0.9,1.0,0.3,10,10.0,5224
5183,172,23,0.9,1.0,0.3,10,10.0,5225
5184,172,24,0.9,1.0,0.3,10,10.0,5226
5185,172,25,0.9,1.0,0.3,10,10.0,5227
5186,172,26,0.9,1.0,0.3,10,10.0,5228
5187,172,27,0.9,1.0,0.3,10,10.0,5229
5188,172,28,0.9,1.0,0.3,10,10.0,5230
5189,172,29,0.9,1.0,0.3,10,10.0,5231
5190,173,0,0.9,1.0,0.3,25,10.0,5232
5191,173,1,0.9,1.0,0.3,25,10.0,5233
5192,173,2,0.9,1.0,0.3,25,10.0,5234
5193,173,3,0.9,1.0,0.3,25,10.0,5235
5194,173,4,0.9,1.0,0.3,25,10.0,5236
5195,173,5,0.9,1.0,0.3,25,10.0,5237
5196,173,6,0.9,1.0,0.3,25,10.0,5238
5197,173,7,0.9,1.0,0.3,25,10.0,5239
5198,173,8,0.9,1.0,0.3,25,10.0,5240
5199,173,9,0.9,1.0,0.3,25,10.0,5241
5200,173,10,0.9,1.0,0.3,25,10.0,5242
5201,173,11,0.9,1.0,0.3,25,10.0,5243
5202,173,12,0.9,1.0,0.3,25,10.0,5244
5203,173,13,0.9,1.0,0.3,25,10.0,5245
5204,173,14,0.9,1.0,0.3,25,10.0,5246
5205,173,15,0.9,1.0,0.3,25,10.0,5247
5206,173,16,0.9,1.0,0.3,25,10.0,5248
5207,173,17,0.9,1.0,0.3,25,10.0,5249
5208,173,18,0.9,1.0,0.3,25,10.0,5250
5209,173,19,0.9,1.0,0.3,25,10.0,5251
5210,173,20,0.9,1.0,0.3,25,10.0,5252
5211,173,21,0.9,1.0,0.3,25,10.0,5253
5212,173,22,0.9,1.0,0.3,25,10.0,5254
5213,173,23,0.9,1.0,0.3,25,10.0,5255
5214,173,24,0.9,1.0,0.3,25,10.0,5256
5215,173,25,0.9,1.0,0.3,25,10.0,5257
5216,173,26,0.9,1.0,0.3,25,10.0,5258
5217,173,27,0.9,1.0,0.3,25,10.0,5259
5218,173,28,0.9,1.0,0.3,25,10.0,5260
5219,173,29,0.9,1.0,0.3,25,10.0,5261
5220,174,0,0.9,1.0,0.3,50,10.0,5262
5221,174,1,0.9,1.0,0.3,50,10.0,5263
5222,174,2,0.9,1.0,0.3,50,10.0,5264
5223,174,3,0.9,1.0,0.3,50,10.0,5265
5224,174,4,0.9,1.0,0.3,50,10.0,5266
5225,174,5,0.9,1.0,0.3,50,10.0,5267
5226,174,6,0.9,1.0,0.3,50,10.0,5268
5227,174,7,0.9,1.0,0.3,50,10.0,5269
5228,174,8,0.9,1.0,0.3,50,10.0,5270
5229,174,9,0.9,1.0,0.3,50,10.0,5271
5230,174,10,0.9,1.0,0.3,50,10.0,5272
5231,174,11,0.9,1.0,0.3,50,10.0,5273
5232,174,12,0.9,1.0,0.3,50,10.0,5274
5233,174,13,0.9,1.0,0.3,50,10.0,5275
5234,174,14,0.9,1.0,0.3,50,10.0,5276
5235,174,15,0.9,1.0,0.3,50,10.0,5277
5236,174,16,0.9,1.0,0.3,50,10.0,5278
5237,174,17,0.9,1.0,0.3,50,10.0,5279
5238,174,18,0.9,1.0,0.3,50,10.0,5280
5239,174,19,0.9,1.0,0.3,50,10.0,5281
5240,174,20,0.9,1.0,0.3,50,10.0,5282
5241,174,21,0.9,1.0,0.3,50,10.0,5283
5242,174,22,0.9,1.0,0.3,50,10.0,5284
5243,174,23,0.9,1.0,0.3,50,10.0,5285
5244,174,24,0.9,1.0,0.3,50,10.0,5286
5245,174,25,0.9,1.0,0.3,50,10.0,5287
5246,174,26,0.9,1.0,0.3,50,10.0,5288
5247,174,27,0.9,1.0,0.3,50,10.0,5289
5248,174,28,0.9,1.0,0.3,50,10.0,5290
5249,174,29,0.9,1.0,0.3,50,10.0,5291
5250,175,0,0.9,1.0,0.3,100,10.0,5292
5251,175,1,0.9,1.0,0.3,100,10.0,5293
5252,175,2,0.9,1.0,0.3,100,10.0,5294
5253,175,3,0.9,1.0,0.3,100,10.0,5295
5254,175,4,0.9,1.0,0.3,100,10.0,5296
5255,175,5,0.9,1.0,0.3,100,10.0,5297
5256,175,6,0.9,1.0,0.3,100,10.0,5298
5257,175,7,0.9,1.0,0.3,100,10.0,5299
5258,175,8,0.9,1.0,0.3,100,10.0,5300
5259,175,9,0.9,1.0,0.3,100,10.0,5301
5260,175,10,0.9,1.0,0.3,100,10.0,5302
5261,175,11,0.9,1.0,0.3,100,10.0,5303
5262,175,12,0.9,1.0,0.3,100,10.0,5304
5263,175,13,0.9,1.0,0.3,100,10.0,5305
5264,175,14,0.9,1.0,0.3,100,10.0,5306
5265,175,15,0.9,1.0,0.3,100,10.0,5307
5266,175,16,0.9,1.0,0.3,100,10.0,5308
5267,175,17,0.9,1.0,0.3,100,10.0,5309
5268,175,18,0.9,1.0,0.3,100,10.0,5310
5269,175,19,0.9,1.0,0.3,100,10.0,5311
5270,175,20,0.9,1.0,0.3,100,10.0,5312
5271,175,21,0.9,1.0,0.3,100,10.0,5313
5272,175,22,0.9,1.0,0.3,100,10.0,5314
5273,175,23,0.9,1.0,0.3,100,10.0,5315
5274,175,24,0.9,1.0,0.3,100,10.0,5316
5275,175,25,0.9,1.0,0.3,100,10.0,5317
5276,175,26,0.9,1.0,0.3,100,10.0,5318
5277,175,27,0.9,1.0,0.3,100,10.0,5319
5278,175,28,0.9,1.0,0.3,100,10.0,5320
5279,175,29,0.9,1.0,0.3,100,10.0,5321
5280,176,0,0.9,1.0,0.5,10,10.0,5322
5281,176,1,0.9,1.0,0.5,10,10.0,5323
5282,176,2,0.9,1.0,0.5,10,10.0,5324
5283,176,3,0.9,1.0,0.5,10,10.0,5325
5284,176,4,0.9,1.0,0.5,10,10.0,5326
5285,176,5,0.9,1.0,0.5,10,10.0,5327
5286,176,6,0.9,1.0,0.5,10,10.0,5328
5287,176,7,0.9,1.0,0.5,10,10.0,5329
5288,176,8,0.9,1.0,0.5,10,10.0,5330
5289,176,9,0.9,1.0,0.5,10,10.0,5331
5290,176,10,0.9,1.0,0.5,10,10.0,5332
5291,176,11,0.9,1.0,0.5,10,10.0,5333
5292,176,12,0.9,1.0,0.5,10,10.0,5334
5293,176,13,0.9,1.0,0.5,10,10.0,5335
5294,176,14,0.9,1.0,0.5,10,10.0,5336
5295,176,15,0.9,1.0,0.5,10,10.0,5337
5296,176,16,0.9,1.0,0.5,10,10.0,5338
5297,176,17,0.9,1.0,0.5,10,10.0,5339
5298,176,18,0.9,1.0,0.5,10,10.0,5340
5299,176,19,0.9,1.0,0.5,10,10.0,5341
5300,176,20,0.9,1.0,0.5,10,10.0,5342
5301,176,21,0.9,1.0,0.5,10,10.0,5343
5302,176,22,0.9,1.0,0.5,10,10.0,5344
5303,176,23,0.9,1.0,0.5,10,10.0,5345
5304,176,24,0.9,1.0,0.5,10,10.0,5346
5305,176,25,0.9,1.0,0.5,10,10.0,5347
5306,176,26,0.9,1.0,0.5,10,10.0,5348
5307,176,27,0.9,1.0,0.5,10,10.0,5349
5308,176,28,0.9,1.0,0.5,10,10.0,5350
5309,176,29,0.9,1.0,0.5,10,10.0,5351
5310,177,0,0.9,1.0,0.5,25,10.0,5352
5311,177,1,0.9,1.0,0.5,25,10.0,5353
5312,177,2,0.9,1.0,0.5,25,10.0,5354
5313,177,3,0.9,1.0,0.5,25,10.0,5355
5314,177,4,0.9,1.0,0.5,25,10.0,5356
5315,177,5,0.9,1.0,0.5,25,10.0,5357
5316,177,6,0.9,1.0,0.5,25,10.0,5358
5317,177,7,0.9,1.0,0.5,25,10.0,5359
5318,177,8,0.9,1.0,0.5,25,10.0,5360
5319,177,9,0.9,1.0,0.5,25,10.0,5361
5320,177,10,0.9,1.0,0.5,25,10.0,5362
5321,177,11,0.9,1.0,0.5,25,10.0,5363
5322,177,12,0.9,1.0,0.5,25,10.0,5364
5323,177,13,0.9,1.0,0.5,25,10.0,5365
5324,177,14,0.9,1.0,0.5,25,10.0,5366
5325,177,15,0.9,1.0,0.5,25,10.0,5367
5326,177,16,0.9,1.0,0.5,25,10.0,5368
5327,177,17,0.9,1.0,0.5,25,10.0,5369
5328,177,18,0.9,1.0,0.5,25,10.0,5370
5329,177,19,0.9,1.0,0.5,25,10.0,5371
5330,177,20,0.9,1.0,0.5,25,10.0,5372
5331,177,21,0.9,1.0,0.5,25,10.0,5373
5332,177,22,0.9,1.0,0.5,25,10.0,5374
5333,177,23,0.9,1.0,0.5,25,10.0,5375
5334,177,24,0.9,1.0,0.5,25,10.0,5376
5335,177,25,0.9,1.0,0.5,25,10.0,5377
5336,177,26,0.9,1.0,0.5,25,10.0,5378
5337,177,27,0.9,1.0,0.5,25,10.0,5379
5338,177,28,0.9,1.0,0.5,25,10.0,5380
5339,177,29,0.9,1.0,0.5,25,10.0,5381
5340,178,0,0.9,1.0,0.5,50,10.0,5382
5341,178,1,0.9,1.0,0.5,50,10.0,5383
5342,178,2,0.9,1.0,0.5,50,10.0,5384
5343,178,3,0.9,1.0,0.5,50,10.0,5385
5344,178,4,0.9,1.0,0.5,50,10.0,5386
5345,178,5,0.9,1.0,0.5,50,10.0,5387
5346,178,6,0.9,1.0,0.5,50,10.0,5388
5347,178,7,0.9,1.0,0.5,50,10.0,5389
5348,178,8,0.9,1.0,0.5,50,10.0,5390
5349,178,9,0.9,1.0,0.5,50,10.0,5391
5350,178,10,0.9,1.0,0.5,50,10.0,5392
5351,178,11,0.9,1.0,0.5,50,10.0,5393
5352,178,12,0.9,1.0,0.5,50,10.0,5394
5353,178,13,0.9,1.0,0.5,50,10.0,5395
5354,178,14,0.9,1.0,0.5,50,10.0,5396
5355,178,15,0.9,1.0,0.5,50,10.0,5397
5356,178,16,0.9,1.0,0.5,50,10.0,5398
5357,178,17,0.9,1.0,0.5,50,10.0,5399
5358,178,18,0.9,1.0,0.5,50,10.0,5400
5359,178,19,0.9,1.0,0.5,50,10.0,5401
5360,178,20,0.9,1.0,0.5,50,10.0,5402
5361,178,21,0.9,1.0,0.5,50,10.0,5403
5362,178,22,0.9,1.0,0.5,50,10.0,5404
5363,178,23,0.9,1.0,0.5,50,10.0,5405
5364,178,24,0.9,1.0,0.5,50,10.0,5406
5365,178,25,0.9,1.0,0.5,50,10.0,5407
5366,178,26,0.9,1.0,0.5,50,10.0,5408
5367,178,27,0.9,1.0,0.5,50,10.0,5409
5368,178,28,0.9,1.0,0.5,50,10.0,5410
5369,178,29,0.9,1.0,0.5,50,10.0,5411
5370,179,0,0.9,1.0,0.5,100,10.0,5412
5371,179,1,0.9,1.0,0.5,100,10.0,5413
5372,179,2,0.9,1.0,0.5,100,10.0,5414
5373,179,3,0.9,1.0,0.5,100,10.0,5415
5374,179,4,0.9,1.0,0.5,100,10.0,5416
5375,179,5,0.9,1.0,0.5,100,10.0,5417
5376,179,6,0.9,1.0,0.5,100,10.0,5418
5377,179,7,0.9,1.0,0.5,100,10.0,5419
5378,179,8,0.9,1.0,0.5,100,10.0,5420
5379,179,9,0.9,1.0,0.5,100,10.0,5421
5380,179,10,0.9,1.0,0.5,100,10.0,5422
5381,179,11,0.9,1.0,0.5,100,10.0,5423
5382,179,12,0.9,1.0,0.5,100,10.0,5424
5383,179,13,0.9,1.0,0.5,100,10.0,5425
5384,179,14,0.9,1.0,0.5,100,10.0,5426
5385,179,15,0.9,1.0,0.5,100,10.0,5427
5386,179,16,0.9,1.0,0.5,100,10.0,5428
5387,179,17,0.9,1.0,0.5,100,10.0,5429
5388,179,18,0.9,1.0,0.5,100,10.0,5430
5389,179,19,0.9,1.0,0.5,100,10.0,5431
5390,179,20,0.9,1.0,0.5,100,10.0,5432
5391,179,21,0.9,1.0,0.5,100,10.0,5433
5392,179,22,0.9,1.0,0.5,100,10.0,5434
5393,179,23,0.9,1.0,0.5,100,10.0,5435
5394,179,24,0.9,1.0,0.5,100,10.0,5436
5395,179,25,0.9,1.0,0.5,100,10.0,5437
5396,179,26,0.9,1.0,0.5,100,10.0,5438
5397,179,27,0.9,1.0,0.5,100,10.0,5439
5398,179,28,0.9,1.0,0.5,100,10.0,5440
5399,179,29,0.9,1.0,0.5,100,10.0,5441
5400,180,0,0.9,2.0,0.1,10,10.0,5442
5401,180,1,0.9,2.0,0.1,10,10.0,5443
5402,180,2,0.9,2.0,0.1,10,10.0,5444
5403,180,3,0.9,2.0,0.1,10,10.0,5445
5404,180,4,0.9,2.0,0.1,10,10.0,5446
5405,180,5,0.9,2.0,0.1,10,10.0,5447
5406,180,6,0.9,2.0,0.1,10,10.0,5448
5407,180,7,0.9,2.0,0.1,10,10.0,5449
5408,180,8,0.9,2.0,0.1,10,10.0,5450
5409,180,9,0.9,2.0,0.1,10,10.0,5451
5410,180,10,0.9,2.0,0.1,10,10.0,5452
5411,180,11,0.9,2.0,0.1,10,10.0,5453
5412,180,12,0.9,2.0,0.1,10,10.0,5454
5413,180,13,0.9,2.0,0.1,10,10.0,5455
5414,180,14,0.9,2.0,0.1,10,10.0,5456
5415,180,15,0.9,2.0,0.1,10,10.0,5457
5416,180,16,0.9,2.0,0.1,10,10.0,5458
5417,180,17,0.9,2.0,0.1,10,10.0,5459
5418,180,18,0.9,2.0,0.1,10,10.0,5460
5419,180,19,0.9,2.0,0.1,10,10.0,5461
5420,180,20,0.9,2.0,0.1,10,10.0,5462
5421,180,21,0.9,2.0,0.1,10,10.0,5463
5422,180,22,0.9,2.0,0.1,10,10.0,5464
5423,180,23,0.9,2.0,0.1,10,10.0,5465
5424,180,24,0.9,2.0,0.1,10,10.0,5466
5425,180,25,0.9,2.0,0.1,10,10.0,5467
5426,180,26,0.9,2.0,0.1,10,10.0,5468
5427,180,27,0.9,2.0,0.1,10,10.0,5469
5428,180,28,0.9,2.0,0.1,10,10.0,5470
5429,180,29,0.9,2.0,0.1,10,10.0,5471
5430,181,0,0.9,2.0,0.1,25,10.0,5472
5431,181,1,0.9,2.0,0.1,25,10.0,5473
5432,181,2,0.9,2.0,0.1,25,10.0,5474
5433,181,3,0.9,2.0,0.1,25,10.0,5475
5434,181,4,0.9,2.0,0.1,25,10.0,5476
5435,181,5,0.9,2.0,0.1,25,10.0,5477
5436,181,6,0.9,2.0,0.1,25,10.0,5478
5437,181,7,0.9,2.0,0.1,25,10.0,5479
5438,181,8,0.9,2.0,0.1,25,10.0,5480
5439,181,9,0.9,2.0,0.1,25,10.0,5481
5440,181,10,0.9,2.0,0.1,25,10.0,5482
5441,181,11,0.9,2.0,0.1,25,10.0,5483
5442,181,12,0.9,2.0,0.1,25,10.0,5484
5443,181,13,0.9,2.0,0.1,25,10.0,5485
5444,181,14,0.9,2.0,0.1,25,10.0,5486
5445,181,15,0.9,2.0,0.1,25,10.0,5487
5446,181,16,0.9,2.0,0.1,25,10.0,5488
5447,181,17,0.9,2.0,0.1,25,10.0,5489
5448,181,18,0.9,2.0,0.1,25,10.0,5490
5449,181,19,0.9,2.0,0.1,25,10.0,5491
5450,181,20,0.9,2.0,0.1,25,10.0,5492
5451,181,21,0.9,2.0,0.1,25,10.0,5493
5452,181,22,0.9,2.0,0.1,25,10.0,5494
5453,181,23,0.9,2.0,0.1,25,10.0,5495
5454,181,24,0.9,2.0,0.1,25,10.0,5496
5455,181,25,0.9,2.0,0.1,25,10.0,5497
5456,181,26,0.9,2.0,0.1,25,10.0,5498
5457,181,27,0.9,2.0,0.1,25,10.0,5499
5458,181,28,0.9,2.0,0.1,25,10.0,5500
5459,181,29,0.9,2.0,0.1,25,10.0,5501
5460,182,0,0.9,2.0,0.1,50,10.0,5502
5461,182,1,0.9,2.0,0.1,50,10.0,5503
5462,182,2,0.9,2.0,0.1,50,10.0,5504
5463,182,3,0.9,2.0,0.1,50,10.0,5505
5464,182,4,0.9,2.0,0.1,50,10.0,5506
5465,182,5,0.9,2.0,0.1,50,10.0,5507
5466,182,6,0.9,2.0,0.1,50,10.0,5508
5467,182,7,0.9,2.0,0.1,50,10.0,5509
5468,182,8,0.9,2.0,0.1,50,10.0,5510
5469,182,9,0.9,2.0,0.1,50,10.0,5511
5470,182,10,0.9,2.0,0.1,50,10.0,5512
5471,182,11,0.9,2.0,0.1,50,10.0,5513
5472,182,12,0.9,2.0,0.1,50,10.0,5514
5473,182,13,0.9,2.0,0.1,50,10.0,5515
5474,182,14,0.9,2.0,0.1,50,10.0,5516
5475,182,15,0.9,2.0,0.1,50,10.0,5517
5476,182,16,0.9,2.0,0.1,50,10.0,5518
5477,182,17,0.9,2.0,0.1,50,10.0,5519
5478,182,18,0.9,2.0,0.1,50,10.0,5520
5479,182,19,0.9,2.0,0.1,50,10.0,5521
5480,182,20,0.9,2.0,0.1,50,10.0,5522
5481,182,21,0.9,2.0,0.1,50,10.0,5523
5482,182,22,0.9,2.0,0.1,50,10.0,5524
5483,182,23,0.9,2.0,0.1,50,10.0,5525
5484,182,24,0.9,2.0,0.1,50,10.0,5526
5485,182,25,0.9,2.0,0.1,50,10.0,5527
5486,182,26,0.9,2.0,0.1,50,10.0,5528
5487,182,27,0.9,2.0,0.1,50,10.0,5529
5488,182,28,0.9,2.0,0.1,50,10.0,5530
5489,182,29,0.9,2.0,0.1,50,10.0,5531
5490,183,0,0.9,2.0,0.1,100,10.0,5532
5491,183,1,0.9,2.0,0.1,100,10.0,5533
5492,183,2,0.9,2.0,0.1,100,10.0,5534
5493,183,3,0.9,2.0,0.1,100,10.0,5535
5494,183,4,0.9,2.0,0.1,100,10.0,5536
5495,183,5,0.9,2.0,0.1,100,10.0,5537
5496,183,6,0.9,2.0,0.1,100,10.0,5538
5497,183,7,0.9,2.0,0.1,100,10.0,5539
5498,183,8,0.9,2.0,0.1,100,10.0,5540
5499,183,9,0.9,2.0,0.1,100,10.0,5541
5500,183,10,0.9,2.0,0.1,100,10.0,5542
5501,183,11,0.9,2.0,0.1,100,10.0,5543
5502,183,12,0.9,2.0,0.1,100,10.0,5544
5503,183,13,0.9,2.0,0.1,100,10.0,5545
5504,183,14,0.9,2.0,0.1,100,10.0,5546
5505,183,15,0.9,2.0,0.1,100,10.0,5547
5506,183,16,0.9,2.0,0.1,100,10.0,5548
5507,183,17,0.9,2.0,0.1,100,10.0,5549
5508,183,18,0.9,2.0,0.1,100,10.0,5550
5509,183,19,0.9,2.0,0.1,100,10.0,5551
5510,183,20,0.9,2.0,0.1,100,10.0,5552
5511,183,21,0.9,2.0,0.1,100,10.0,5553
5512,183,22,0.9,2.0,0.1,100,10.0,5554
5513,183,23,0.9,2.0,0.1,100,10.0,5555
5514,183,24,0.9,2.0,0.1,100,10.0,5556
5515,183,25,0.9,2.0,0.1,100,10.0,5557
5516,183,26,0.9,2.0,0.1,100,10.0,5558
5517,183,27,0.9,2.0,0.1,100,10.0,5559
5518,183,28,0.9,2.0,0.1,100,10.0,5560
5519,183,29,0.9,2.0,0.1,100,10.0,5561
5520,184,0,0.9,2.0,0.3,10,10.0,5562
5521,184,1,0.9,2.0,0.3,10,10.0,5563
5522,184,2,0.9,2.0,0.3,10,10.0,5564
5523,184,3,0.9,2.0,0.3,10,10.0,5565
5524,184,4,0.9,2.0,0.3,10,10.0,5566
5525,184,5,0.9,2.0,0.3,10,10.0,5567
5526,184,6,0.9,2.0,0.3,10,10.0,5568
5527,184,7,0.9,2.0,0.3,10,10.0,5569
5528,184,8,0.9,2.0,0.3,10,10.0,5570
5529,184,9,0.9,2.0,0.3,10,10.0,5571
5530,184,10,0.9,2.0,0.3,10,10.0,5572
5531,184,11,0.9,2.0,0.3,10,10.0,5573
5532,184,12,0.9,2.0,0.3,10,10.0,5574
5533,184,13,0.9,2.0,0.3,10,10.0,5575
5534,184,14,0.9,2.0,0.3,10,10.0,5576
5535,184,15,0.9,2.0,0.3,10,10.0,5577
5536,184,16,0.9,2.0,0.3,10,10.0,5578
5537,184,17,0.9,2.0,0.3,10,10.0,5579
5538,184,18,0.9,2.0,0.3,10,10.0,5580
5539,184,19,0.9,2.0,0.3,10,10.0,5581
5540,184,20,0.9,2.0,0.3,10,10.0,5582
5541,184,21,0.9,2.0,0.3,10,10.0,5583
5542,184,22,0.9,2.0,0.3,10,10.0,5584
5543,184,23,0.9,2.0,0.3,10,10.0,5585
5544,184,24,0.9,2.0,0.3,10,10.0,5586
5545,184,25,0.9,2.0,0.3,10,10.0,5587
5546,184,26,0.9,2.0,0.3,10,10.0,5588
5547,184,27,0.9,2.0,0.3,10,10.0,5589
5548,184,28,0.9,2.0,0.3,10,10.0,5590
5549,184,29,0.9,2.0,0.3,10,10.0,5591
5550,185,0,0.9,2.0,0.3,25,10.0,5592
5551,185,1,0.9,2.0,0.3,25,10.0,5593
5552,185,2,0.9,2.0,0.3,25,10.0,5594
5553,185,3,0.9,2.0,0.3,25,10.0,5595
5554,185,4,0.9,2.0,0.3,25,10.0,5596
5555,185,5,0.9,2.0,0.3,25,10.0,5597
5556,185,6,0.9,2.0,0.3,25,10.0,5598
5557,185,7,0.9,2.0,0.3,25,10.0,5599
5558,185,8,0.9,2.0,0.3,25,10.0,5600
5559,185,9,0.9,2.0,0.3,25,10.0,5601
5560,185,10,0.9,2.0,0.3,25,10.0,5602
5561,185,11,0.9,2.0,0.3,25,10.0,5603
5562,185,12,0.9,2.0,0.3,25,10.0,5604
5563,185,13,0.9,2.0,0.3,25,10.0,5605
5564,185,14,0.9,2.0,0.3,25,10.0,5606
5565,185,15,0.9,2.0,0.3,25,10.0,5607
5566,185,16,0.9,2.0,0.3,25,10.0,5608
5567,185,17,0.9,2.0,0.3,25,10.0,5609
5568,185,18,0.9,2.0,0.3,25,10.0,5610
5569,185,19,0.9,2.0,0.3,25,10.0,5611
5570,185,20,0.9,2.0,0.3,25,10.0,5612
5571,185,21,0.9,2.0,0.3,25,10.0,5613
5572,185,22,0.9,2.0,0.3,25,10.0,5614
5573,185,23,0.9,2.0,0.3,25,10.0,5615
5574,185,24,0.9,2.0,0.3,25,10.0,5616
5575,185,25,0.9,2.0,0.3,25,10.0,5617
5576,185,26,0.9,2.0,0.3,25,10.0,5618
5577,185,27,0.9,2.0,0.3,25,10.0,5619
5578,185,28,0.9,2.0,0.3,25,10.0,5620
5579,185,29,0.9,2.0,0.3,25,10.0,5621
5580,186,0,0.9,2.0,0.3,50,10.0,5622
5581,186,1,0.9,2.0,0.3,50,10.0,5623
5582,186,2,0.9,2.0,0.3,50,10.0,5624
5583,186,3,0.9,2.0,0.3,50,10.0,5625
5584,186,4,0.9,2.0,0.3,50,10.0,5626
5585,186,5,0.9,2.0,0.3,50,10.0,5627
5586,186,6,0.9,2.0,0.3,50,10.0,5628
5587,186,7,0.9,2.0,0.3,50,10.0,5629
5588,186,8,0.9,2.0,0.3,50,10.0,5630
5589,186,9,0.9,2.0,0.3,50,10.0,5631
5590,186,10,0.9,2.0,0.3,50,10.0,5632
5591,186,11,0.9,2.0,0.3,50,10.0,5633
5592,186,12,0.9,2.0,0.3,50,10.0,5634
5593,186,13,0.9,2.0,0.3,50,10.0,5635
5594,186,14,0.9,2.0,0.3,50,10.0,5636
5595,186,15,0.9,2.0,0.3,50,10.0,5637
5596,186,16,0.9,2.0,0.3,50,10.0,5638
5597,186,17,0.9,2.0,0.3,50,10.0,5639
5598,186,18,0.9,2.0,0.3,50,10.0,5640
5599,186,19,0.9,2.0,0.3,50,10.0,5641
5600,186,20,0.9,2.0,0.3,50,10.0,5642
5601,186,21,0.9,2.0,0.3,50,10.0,5643
5602,186,22,0.9,2.0,0.3,50,10.0,5644
5603,186,23,0.9,2.0,0.3,50,10.0,5645
5604,186,24,0.9,2.0,0.3,50,10.0,5646
5605,186,25,0.9,2.0,0.3,50,10.0,5647
5606,186,26,0.9,2.0,0.3,50,10.0,5648
5607,186,27,0.9,2.0,0.3,50,10.0,5649
5608,186,28,0.9,2.0,0.3,50,10.0,5650
5609,186,29,0.9,2.0,0.3,50,10.0,5651
5610,187,0,0.9,2.0,0.3,100,10.0,5652
5611,187,1,0.9,2.0,0.3,100,10.0,5653
5612,187,2,0.9,2.0,0.3,100,10.0,5654
5613,187,3,0.9,2.0,0.3,100,10.0,5655
5614,187,4,0.9,2.0,0.3,100,10.0,5656
5615,187,5,0.9,2.0,0.3,100,10.0,5657
5616,187,6,0.9,2.0,0.3,100,10.0,5658
5617,187,7,0.9,2.0,0.3,100,10.0,5659
5618,187,8,0.9,2.0,0.3,100,10.0,5660
5619,187,9,0.9,2.0,0.3,100,10.0,5661
5620,187,10,0.9,2.0,0.3,100,10.0,5662
5621,187,11,0.9,2.0,0.3,100,10.0,5663
5622,187,12,0.9,2.0,0.3,100,10.0,5664
5623,187,13,0.9,2.0,0.3,100,10.0,5665
5624,187,14,0.9,2.0,0.3,100,10.0,5666
5625,187,15,0.9,2.0,0.3,100,10.0,5667
5626,187,16,0.9,2.0,0.3,100,10.0,5668
5627,187,17,0.9,2.0,0.3,100,10.0,5669
5628,187,18,0.9,2.0,0.3,100,10.0,5670
5629,187,19,0.9,2.0,0.3,100,10.0,5671
5630,187,20,0.9,2.0,0.3,100,10.0,5672
5631,187,21,0.9,2.0,0.3,100,10.0,5673
5632,187,22,0.9,2.0,0.3,100,10.0,5674
5633,187,23,0.9,2.0,0.3,100,10.0,5675
5634,187,24,0.9,2.0,0.3,100,10.0,5676
5635,187,25,0.9,2.0,0.3,100,10.0,5677
5636,187,26,0.9,2.0,0.3,100,10.0,5678
5637,187,27,0.9,2.0,0.3,100,10.0,5679
5638,187,28,0.9,2.0,0.3,100,10.0,5680
5639,187,29,0.9,2.0,0.3,100,10.0,5681
5640,188,0,0.9,2.0,0.5,10,10.0,5682
5641,188,1,0.9,2.0,0.5,10,10.0,5683
5642,188,2,0.9,2.0,0.5,10,10.0,5684
5643,188,3,0.9,2.0,0.5,10,10.0,5685
5644,188,4,0.9,2.0,0.5,10,10.0,5686
5645,188,5,0.9,2.0,0.5,10,10.0,5687
5646,188,6,0.9,2.0,0.5,10,10.0,5688
5647,188,7,0.9,2.0,0.5,10,10.0,5689
5648,188,8,0.9,2.0,0.5,10,10.0,5690
5649,188,9,0.9,2.0,0.5,10,10.0,5691
5650,188,10,0.9,2.0,0.5,10,10.0,5692
5651,188,11,0.9,2.0,0.5,10,10.0,5693
5652,188,12,0.9,2.0,0.5,10,10.0,5694
5653,188,13,0.9,2.0,0.5,10,10.0,5695
5654,188,14,0.9,2.0,0.5,10,10.0,5696
5655,188,15,0.9,2.0,0.5,10,10.0,5697
5656,188,16,0.9,2.0,0.5,10,10.0,5698
5657,188,17,0.9,2.0,0.5,10,10.0,5699
5658,188,18,0.9,2.0,0.5,10,10.0,5700
5659,188,19,0.9,2.0,0.5,10,10.0,5701
5660,188,20,0.9,2.0,0.5,10,10.0,5702
5661,188,21,0.9,2.0,0.5,10,10.0,5703
5662,188,22,0.9,2.0,0.5,10,10.0,5704
5663,188,23,0.9,2.0,0.5,10,10.0,5705
5664,188,24,0.9,2.0,0.5,10,10.0,5706
5665,188,25,0.9,2.0,0.5,10,10.0,5707
5666,188,26,0.9,2.0,0.5,10,10.0,5708
5667,188,27,0.9,2.0,0.5,10,10.0,5709
5668,188,28,0.9,2.0,0.5,10,10.0,5710
5669,188,29,0.9,2.0,0.5,10,10.0,5711
5670,189,0,0.9,2.0,0.5,25,10.0,5712
5671,189,1,0.9,2.0,0.5,25,10.0,5713
5672,189,2,0.9,2.0,0.5,25,10.0,5714
5673,189,3,0.9,2.0,0.5,25,10.0,5715
5674,189,4,0.9,2.0,0.5,25,10.0,5716
5675,189,5,0.9,2.0,0.5,25,10.0,5717
5676,189,6,0.9,2.0,0.5,25,10.0,5718
5677,189,7,0.9,2.0,0.5,25,10.0,5719
5678,189,8,0.9,2.0,0.5,25,10.0,5720
5679,189,9,0.9,2.0,0.5,25,10.0,5721
5680,189,10,0.9,2.0,0.5,25,10.0,5722
5681,189,11,0.9,2.0,0.5,25,10.0,5723
5682,189,12,0.9,2.0,0.5,25,10.0,5724
5683,189,13,0.9,2.0,0.5,25,10.0,5725
5684,189,14,0.9,2.0,0.5,25,10.0,5726
5685,189,15,0.9,2.0,0.5,25,10.0,5727
5686,189,16,0.9,2.0,0.5,25,10.0,5728
5687,189,17,0.9,2.0,0.5,25,10.0,5729
5688,189,18,0.9,2.0,0.5,25,10.0,5730
5689,189,19,0.9,2.0,0.5,25,10.0,5731
5690,189,20,0.9,2.0,0.5,25,10.0,5732
5691,189,21,0.9,2.0,0.5,25,10.0,5733
5692,189,22,0.9,2.0,0.5,25,10.0,5734
5693,189,23,0.9,2.0,0.5,25,10.0,5735
5694,189,24,0.9,2.0,0.5,25,10.0,5736
5695,189,25,0.9,2.0,0.5,25,10.0,5737
5696,189,26,0.9,2.0,0.5,25,10.0,5738
5697,189,27,0.9,2.0,0.5,25,10.0,5739
5698,189,28,0.9,2.0,0.5,25,10.0,5740
5699,189,29,0.9,2.0,0.5,25,10.0,5741
5700,190,0,0.9,2.0,0.5,50,10.0,5742
5701,190,1,0.9,2.0,0.5,50,10.0,5743
5702,190,2,0.9,2.0,0.5,50,10.0,5744
5703,190,3,0.9,2.0,0.5,50,10.0,5745
5704,190,4,0.9,2.0,0.5,50,10.0,5746
5705,190,5,0.9,2.0,0.5,50,10.0,5747
5706,190,6,0.9,2.0,0.5,50,10.0,5748
5707,190,7,0.9,2.0,0.5,50,10.0,5749
5708,190,8,0.9,2.0,0.5,50,10.0,5750
5709,190,9,0.9,2.0,0.5,50,10.0,5751
5710,190,10,0.9,2.0,0.5,50,10.0,5752
5711,190,11,0.9,2.0,0.5,50,10.0,5753
5712,190,12,0.9,2.0,0.5,50,10.0,5754
5713,190,13,0.9,2.0,0.5,50,10.0,5755
5714,190,14,0.9,2.0,0.5,50,10.0,5756
5715,190,15,0.9,2.0,0.5,50,10.0,5757
5716,190,16,0.9,2.0,0.5,50,10.0,5758
5717,190,17,0.9,2.0,0.5,50,10.0,5759
5718,190,18,0.9,2.0,0.5,50,10.0,5760
5719,190,19,0.9,2.0,0.5,50,10.0,5761
5720,190,20,0.9,2.0,0.5,50,10.0,5762
5721,190,21,0.9,2.0,0.5,50,10.0,5763
5722,190,22,0.9,2.0,0.5,50,10.0,5764
5723,190,23,0.9,2.0,0.5,50,10.0,5765
5724,190,24,0.9,2.0,0.5,50,10.0,5766
5725,190,25,0.9,2.0,0.5,50,10.0,5767
5726,190,26,0.9,2.0,0.5,50,10.0,5768
5727,190,27,0.9,2.0,0.5,50,10.0,5769
5728,190,28,0.9,2.0,0.5,50,10.0,5770
5729,190,29,0.9,2.0,0.5,50,10.0,5771
5730,191,0,0.9,2.0,0.5,100,10.0,5772
5731,191,1,0.9,2.0,0.5,100,10.0,5773
5732,191,2,0.9,2.0,0.5,100,10.0,5774
5733,191,3,0.9,2.0,0.5,100,10.0,5775
5734,191,4,0.9,2.0,0.5,100,10.0,5776
5735,191,5,0.9,2.0,0.5,100,10.0,5777
5736,191,6,0.9,2.0,0.5,100,10.0,5778
5737,191,7,0.9,2.0,0.5,100,10.0,5779
5738,191,8,0.9,2.0,0.5,100,10.0,5780
5739,191,9,0.9,2.0,0.5,100,10.0,5781
5740,191,10,0.9,2.0,0.5,100,10.0,5782
5741,191,11,0.9,2.0,0.5,100,10.0,5783
5742,191,12,0.9,2.0,0.5,100,10.0,5784
5743,191,13,0.9,2.0,0.5,100,10.0,5785
5744,191,14,0.9,2.0,0.5,100,10.0,5786
5745,191,15,0.9,2.0,0.5,100,10.0,5787
5746,191,16,0.9,2.0,0.5,100,10.0,5788
5747,191,17,0.9,2.0,0.5,100,10.0,5789
5748,191,18,0.9,2.0,0.5,100,10.0,5790
5749,191,19,0.9,2.0,0.5,100,10.0,5791
5750,191,20,0.9,2.0,0.5,100,10.0,5792
5751,191,21,0.9,2.0,0.5,100,10.0,5793
5752,191,22,0.9,2.0,0.5,100,10.0,5794
5753,191,23,0.9,2.0,0.5,100,10.0,5795
5754,191,24,0.9,2.0,0.5,100,10.0,5796
5755,191,25,0.9,2.0,0.5,100,10.0,5797
5756,191,26,0.9,2.0,0.5,100,10.0,5798
5757,191,27,0.9,2.0,0.5,100,10.0,5799
5758,191,28,0.9,2.0,0.5,100,10.0,5800
5759,191,29,0.9,2.0,0.5,100,10.0,5801
5760,192,0,0.95,0.2,0.1,10,10.0,5802
5761,192,1,0.95,0.2,0.1,10,10.0,5803
5762,192,2,0.95,0.2,0.1,10,10.0,5804
5763,192,3,0.95,0.2,0.1,10,10.0,5805
5764,192,4,0.95,0.2,0.1,10,10.0,5806
5765,192,5,0.95,0.2,0.1,10,10.0,5807
5766,192,6,0.95,0.2,0.1,10,10.0,5808
5767,192,7,0.95,0.2,0.1,10,10.0,5809
5768,192,8,0.95,0.2,0.1,10,10.0,5810
5769,192,9,0.95,0.2,0.1,10,10.0,5811
5770,192,10,0.95,0.2,0.1,10,10.0,5812
5771,192,11,0.95,0.2,0.1,10,10.0,5813
5772,192,12,0.95,0.2,0.1,10,10.0,5814
5773,192,13,0.95,0.2,0.1,10,10.0,5815
5774,192,14,0.95,0.2,0.1,10,10.0,5816
5775,192,15,0.95,0.2,0.1,10,10.0,5817
5776,192,16,0.95,0.2,0.1,10,10.0,5818
5777,192,17,0.95,0.2,0.1,10,10.0,5819
5778,192,18,0.95,0.2,0.1,10,10.0,5820
5779,192,19,0.95,0.2,0.1,10,10.0,5821
5780,192,20,0.95,0.2,0.1,10,10.0,5822
5781,192,21,0.95,0.2,0.1,10,10.0,5823
5782,192,22,0.95,0.2,0.1,10,10.0,5824
5783,192,23,0.95,0.2,0.1,10,10.0,5825
5784,192,24,0.95,0.2,0.1,10,10.0,5826
5785,192,25,0.95,0.2,0.1,10,10.0,5827
5786,192,26,0.95,0.2,0.1,10,10.0,5828
5787,192,27,0.95,0.2,0.1,10,10.0,5829
5788,192,28,0.95,0.2,0.1,10,10.0,5830
5789,192,29,0.95,0.2,0.1,10,10.0,5831
5790,193,0,0.95,0.2,0.1,25,10.0,5832
5791,193,1,0.95,0.2,0.1,25,10.0,5833
5792,193,2,0.95,0.2,0.1,25,10.0,5834
5793,193,3,0.95,0.2,0.1,25,10.0,5835
5794,193,4,0.95,0.2,0.1,25,10.0,5836
5795,193,5,0.95,0.2,0.1,25,10.0,5837
5796,193,6,0.95,0.2,0.1,25,10.0,5838
5797,193,7,0.95,0.2,0.1,25,10.0,5839
5798,193,8,0.95,0.2,0.1,25,10.0,5840
5799,193,9,0.95,0.2,0.1,25,10.0,5841
5800,193,10,0.95,0.2,0.1,25,10.0,5842
5801,193,11,0.95,0.2,0.1,25,10.0,5843
5802,193,12,0.95,0.2,0.1,25,10.0,5844
5803,193,13,0.95,0.2,0.1,25,10.0,5845
5804,193,14,0.95,0.2,0.1,25,10.0,5846
5805,193,15,0.95,0.2,0.1,25,10.0,5847
5806,193,16,0.95,0.2,0.1,25,10.0,5848
5807,193,17,0.95,0.2,0.1,25,10.0,5849
5808,193,18,0.95,0.2,0.1,25,10.0,5850
5809,193,19,0.95,0.2,0.1,25,10.0,5851
5810,193,20,0.95,0.2,0.1,25,10.0,5852
5811,193,21,0.95,0.2,0.1,25,10.0,5853
5812,193,22,0.95,0.2,0.1,25,10.0,5854
5813,193,23,0.95,0.2,0.1,25,10.0,5855
5814,193,24,0.95,0.2,0.1,25,10.0,5856
5815,193,25,0.95,0.2,0.1,25,10.0,5857
5816,193,26,0.95,0.2,0.1,25,10.0,5858
5817,193,27,0.95,0.2,0.1,25,10.0,5859
5818,193,28,0.95,0.2,0.1,25,10.0,5860
5819,193,29,0.95,0.2,0.1,25,10.0,5861
5820,194,0,0.95,0.2,0.1,50,10.0,5862
5821,194,1,0.95,0.2,0.1,50,10.0,5863
5822,194,2,0.95,0.2,0.1,50,10.0,5864
5823,194,3,0.95,0.2,0.1,50,10.0,5865
5824,194,4,0.95,0.2,0.1,50,10.0,5866
5825,194,5,0.95,0.2,0.1,50,10.0,5867
5826,194,6,0.95,0.2,0.1,50,10.0,5868
5827,194,7,0.95,0.2,0.1,50,10.0,5869
5828,194,8,0.95,0.2,0.1,50,10.0,5870
5829,194,9,0.95,0.2,0.1,50,10.0,5871
5830,194,10,0.95,0.2,0.1,50,10.0,5872
5831,194,11,0.95,0.2,0.1,50,10.0,5873
5832,194,12,0.95,0.2,0.1,50,10.0,5874
5833,194,13,0.95,0.2,0.1,50,10.0,5875
5834,194,14,0.95,0.2,0.1,50,10.0,5876
5835,194,15,0.95,0.2,0.1,50,10.0,5877
5836,194,16,0.95,0.2,0.1,50,10.0,5878
5837,194,17,0.95,0.2,0.1,50,10.0,5879
5838,194,18,0.95,0.2,0.1,50,10.0,5880
5839,194,19,0.95,0.2,0.1,50,10.0,5881
5840,194,20,0.95,0.2,0.1,50,10.0,5882
5841,194,21,0.95,0.2,0.1,50,10.0,5883
5842,194,22,0.95,0.2,0.1,50,10.0,5884
5843,194,23,0.95,0.2,0.1,50,10.0,5885
5844,194,24,0.95,0.2,0.1,50,10.0,5886
5845,194,25,0.95,0.2,0.1,50,10.0,5887
5846,194,26,0.95,0.2,0.1,50,10.0,5888
5847,194,27,0.95,0.2,0.1,50,10.0,5889
5848,194,28,0.95,0.2,0.1,50,10.0,5890
5849,194,29,0.95,0.2,0.1,50,10.0,5891
5850,195,0,0.95,0.2,0.1,100,10.0,5892
5851,195,1,0.95,0.2,0.1,100,10.0,5893
5852,195,2,0.95,0.2,0.1,100,10.0,5894
5853,195,3,0.95,0.2,0.1,100,10.0,5895
5854,195,4,0.95,0.2,0.1,100,10.0,5896
5855,195,5,0.95,0.2,0.1,100,10.0,5897
5856,195,6,0.95,0.2,0.1,100,10.0,5898
5857,195,7,0.95,0.2,0.1,100,10.0,5899
5858,195,8,0.95,0.2,0.1,100,10.0,5900
5859,195,9,0.95,0.2,0.1,100,10.0,5901
5860,195,10,0.95,0.2,0.1,100,10.0,5902
5861,195,11,0.95,0.2,0.1,100,10.0,5903
5862,195,12,0.95,0.2,0.1,100,10.0,5904
5863,195,13,0.95,0.2,0.1,100,10.0,5905
5864,195,14,0.95,0.2,0.1,100,10.0,5906
5865,195,15,0.95,0.2,0.1,100,10.0,5907
5866,195,16,0.95,0.2,0.1,100,10.0,5908
5867,195,17,0.95,0.2,0.1,100,10.0,5909
5868,195,18,0.95,0.2,0.1,100,10.0,5910
5869,195,19,0.95,0.2,0.1,100,10.0,5911
5870,195,20,0.95,0.2,0.1,100,10.0,5912
5871,195,21,0.95,0.2,0.1,100,10.0,5913
5872,195,22,0.95,0.2,0.1,100,10.0,5914
5873,195,23,0.95,0.2,0.1,100,10.0,5915
5874,195,24,0.95,0.2,0.1,100,10.0,5916
5875,195,25,0.95,0.2,0.1,100,10.0,5917
5876,195,26,0.95,0.2,0.1,100,10.0,5918
5877,195,27,0.95,0.2,0.1,100,10.0,5919
5878,195,28,0.95,0.2,0.1,100,10.0,5920
5879,195,29,0.95,0.2,0.1,100,10.0,5921
5880,196,0,0.95,0.2,0.3,10,10.0,5922
5881,196,1,0.95,0.2,0.3,10,10.0,5923
5882,196,2,0.95,0.2,0.3,10,10.0,5924
5883,196,3,0.95,0.2,0.3,10,10.0,5925
5884,196,4,0.95,0.2,0.3,10,10.0,5926
5885,196,5,0.95,0.2,0.3,10,10.0,5927
5886,196,6,0.95,0.2,0.3,10,10.0,5928
5887,196,7,0.95,0.2,0.3,10,10.0,5929
5888,196,8,0.95,0.2,0.3,10,10.0,5930
5889,196,9,0.95,0.2,0.3,10,10.0,5931
5890,196,10,0.95,0.2,0.3,10,10.0,5932
5891,196,11,0.95,0.2,0.3,10,10.0,5933
5892,196,12,0.95,0.2,0.3,10,10.0,5934
5893,196,13,0.95,0.2,0.3,10,10.0,5935
5894,196,14,0.95,0.2,0.3,10,10.0,5936
5895,196,15,0.95,0.2,0.3,10,10.0,5937
5896,196,16,0.95,0.2,0.3,10,10.0,5938
5897,196,17,0.95,0.2,0.3,10,10.0,5939
5898,196,18,0.95,0.2,0.3,10,10.0,5940
5899,196,19,0.95,0.2,0.3,10,10.0,5941
5900,196,20,0.95,0.2,0.3,10,10.0,5942
5901,196,21,0.95,0.2,0.3,10,10.0,5943
5902,196,22,0.95,0.2,0.3,10,10.0,5944
5903,196,23,0.95,0.2,0.3,10,10.0,5945
5904,196,24,0.95,0.2,0.3,10,10.0,5946
5905,196,25,0.95,0.2,0.3,10,10.0,5947
5906,196,26,0.95,0.2,0.3,10,10.0,5948
5907,196,27,0.95,0.2,0.3,10,10.0,5949
5908,196,28,0.95,0.2,0.3,10,10.0,5950
5909,196,29,0.95,0.2,0.3,10,10.0,5951
5910,197,0,0.95,0.2,0.3,25,10.0,5952
5911,197,1,0.95,0.2,0.3,25,10.0,5953
5912,197,2,0.95,0.2,0.3,25,10.0,5954
5913,197,3,0.95,0.2,0.3,25,10.0,5955
5914,197,4,0.95,0.2,0.3,25,10.0,5956
5915,197,5,0.95,0.2,0.3,25,10.0,5957
5916,197,6,0.95,0.2,0.3,25,10.0,5958
5917,197,7,0.95,0.2,0.3,25,10.0,5959
5918,197,8,0.95,0.2,0.3,25,10.0,5960
5919,197,9,0.95,0.2,0.3,25,10.0,5961
5920,197,10,0.95,0.2,0.3,25,10.0,5962
5921,197,11,0.95,0.2,0.3,25,10.0,5963
5922,197,12,0.95,0.2,0.3,25,10.0,5964
5923,197,13,0.95,0.2,0.3,25,10.0,5965
5924,197,14,0.95,0.2,0.3,25,10.0,5966
5925,197,15,0.95,0.2,0.3,25,10.0,5967
5926,197,16,0.95,0.2,0.3,25,10.0,5968
5927,197,17,0.95,0.2,0.3,25,10.0,5969
5928,197,18,0.95,0.2,0.3,25,10.0,5970
5929,197,19,0.95,0.2,0.3,25,10.0,5971
5930,197,20,0.95,0.2,0.3,25,10.0,5972
5931,197,21,0.95,0.2,0.3,25,10.0,5973
5932,197,22,0.95,0.2,0.3,25,10.0,5974
5933,197,23,0.95,0.2,0.3,25,10.0,5975
5934,197,24,0.95,0.2,0.3,25,10.0,5976
5935,197,25,0.95,0.2,0.3,25,10.0,5977
5936,197,26,0.95,0.2,0.3,25,10.0,5978
5937,197,27,0.95,0.2,0.3,25,10.0,5979
5938,197,28,0.95,0.2,0.3,25,10.0,5980
5939,197,29,0.95,0.2,0.3,25,10.0,5981
5940,198,0,0.95,0.2,0.3,50,10.0,5982
5941,198,1,0.95,0.2,0.3,50,10.0,5983
5942,198,2,0.95,0.2,0.3,50,10.0,5984
5943,198,3,0.95,0.2,0.3,50,10.0,5985
5944,198,4,0.95,0.2,0.3,50,10.0,5986
5945,198,5,0.95,0.2,0.3,50,10.0,5987
5946,198,6,0.95,0.2,0.3,50,10.0,5988
5947,198,7,0.95,0.2,0.3,50,10.0,5989
5948,198,8,0.95,0.2,0.3,50,10.0,5990
5949,198,9,0.95,0.2,0.3,50,10.0,5991
5950,198,10,0.95,0.2,0.3,50,10.0,5992
5951,198,11,0.95,0.2,0.3,50,10.0,5993
5952,198,12,0.95,0.2,0.3,50,10.0,5994
5953,198,13,0.95,0.2,0.3,50,10.0,5995
5954,198,14,0.95,0.2,0.3,50,10.0,5996
5955,198,15,0.95,0.2,0.3,50,10.0,5997
5956,198,16,0.95,0.2,0.3,50,10.0,5998
5957,198,17,0.95,0.2,0.3,50,10.0,5999
5958,198,18,0.95,0.2,0.3,50,10.0,6000
5959,198,19,0.95,0.2,0.3,50,10.0,6001
5960,198,20,0.95,0.2,0.3,50,10.0,6002
5961,198,21,0.95,0.2,0.3,50,10.0,6003
5962,198,22,0.95,0.2,0.3,50,10.0,6004
5963,198,23,0.95,0.2,0.3,50,10.0,6005
5964,198,24,0.95,0.2,0.3,50,10.0,6006
5965,198,25,0.95,0.2,0.3,50,10.0,6007
5966,198,26,0.95,0.2,0.3,50,10.0,6008
5967,198,27,0.95,0.2,0.3,50,10.0,6009
5968,198,28,0.95,0.2,0.3,50,10.0,6010
5969,198,29,0.95,0.2,0.3,50,10.0,6011
5970,199,0,0.95,0.2,0.3,100,10.0,6012
5971,199,1,0.95,0.2,0.3,100,10.0,6013
5972,199,2,0.95,0.2,0.3,100,10.0,6014
5973,199,3,0.95,0.2,0.3,100,10.0,6015
5974,199,4,0.95,0.2,0.3,100,10.0,6016
5975,199,5,0.95,0.2,0.3,100,10.0,6017
5976,199,6,0.95,0.2,0.3,100,10.0,6018
5977,199,7,0.95,0.2,0.3,100,10.0,6019
5978,199,8,0.95,0.2,0.3,100,10.0,6020
5979,199,9,0.95,0.2,0.3,100,10.0,6021
5980,199,10,0.95,0.2,0.3,100,10.0,6022
5981,199,11,0.95,0.2,0.3,100,10.0,6023
5982,199,12,0.95,0.2,0.3,100,10.0,6024
5983,199,13,0.95,0.2,0.3,100,10.0,6025
5984,199,14,0.95,0.2,0.3,100,10.0,6026
5985,199,15,0.95,0.2,0.3,100,10.0,6027
5986,199,16,0.95,0.2,0.3,100,10.0,6028
5987,199,17,0.95,0.2,0.3,100,10.0,6029
5988,199,18,0.95,0.2,0.3,100,10.0,6030
5989,199,19,0.95,0.2,0.3,100,10.0,6031
5990,199,20,0.95,0.2,0.3,100,10.0,6032
5991,199,21,0.95,0.2,0.3,100,10.0,6033
5992,199,22,0.95,0.2,0.3,100,10.0,6034
5993,199,23,0.95,0.2,0.3,100,10.0,6035
5994,199,24,0.95,0.2,0.3,100,10.0,6036
5995,199,25,0.95,0.2,0.3,100,10.0,6037
5996,199,26,0.95,0.2,0.3,100,10.0,6038
5997,199,27,0.95,0.2,0.3,100,10.0,6039
5998,199,28,0.95,0.2,0.3,100,10.0,6040
5999,199,29,0.95,0.2,0.3,100,10.0,6041
6000,200,0,0.95,0.2,0.5,10,10.0,6042
6001,200,1,0.95,0.2,0.5,10,10.0,6043
6002,200,2,0.95,0.2,0.5,10,10.0,6044
6003,200,3,0.95,0.2,0.5,10,10.0,6045
6004,200,4,0.95,0.2,0.5,10,10.0,6046
6005,200,5,0.95,0.2,0.5,10,10.0,6047
6006,200,6,0.95,0.2,0.5,10,10.0,6048
6007,200,7,0.95,0.2,0.5,10,10.0,6049
6008,200,8,0.95,0.2,0.5,10,10.0,6050
6009,200,9,0.95,0.2,0.5,10,10.0,6051
6010,200,10,0.95,0.2,0.5,10,10.0,6052
6011,200,11,0.95,0.2,0.5,10,10.0,6053
6012,200,12,0.95,0.2,0.5,10,10.0,6054
6013,200,13,0.95,0.2,0.5,10,10.0,6055
6014,200,14,0.95,0.2,0.5,10,10.0,6056
6015,200,15,0.95,0.2,0.5,10,10.0,6057
6016,200,16,0.95,0.2,0.5,10,10.0,6058
6017,200,17,0.95,0.2,0.5,10,10.0,6059
6018,200,18,0.95,0.2,0.5,10,10.0,6060
6019,200,19,0.95,0.2,0.5,10,10.0,6061
6020,200,20,0.95,0.2,0.5,10,10.0,6062
6021,200,21,0.95,0.2,0.5,10,10.0,6063
6022,200,22,0.95,0.2,0.5,10,10.0,6064
6023,200,23,0.95,0.2,0.5,10,10.0,6065
6024,200,24,0.95,0.2,0.5,10,10.0,6066
6025,200,25,0.95,0.2,0.5,10,10.0,6067
6026,200,26,0.95,0.2,0.5,10,10.0,6068
6027,200,27,0.95,0.2,0.5,10,10.0,6069
6028,200,28,0.95,0.2,0.5,10,10.0,6070
6029,200,29,0.95,0.2,0.5,10,10.0,6071
6030,201,0,0.95,0.2,0.5,25,10.0,6072
6031,201,1,0.95,0.2,0.5,25,10.0,6073
6032,201,2,0.95,0.2,0.5,25,10.0,6074
6033,201,3,0.95,0.2,0.5,25,10.0,6075
6034,201,4,0.95,0.2,0.5,25,10.0,6076
6035,201,5,0.95,0.2,0.5,25,10.0,6077
6036,201,6,0.95,0.2,0.5,25,10.0,6078
6037,201,7,0.95,0.2,0.5,25,10.0,6079
6038,201,8,0.95,0.2,0.5,25,10.0,6080
6039,201,9,0.95,0.2,0.5,25,10.0,6081
6040,201,10,0.95,0.2,0.5,25,10.0,6082
6041,201,11,0.95,0.2,0.5,25,10.0,6083
6042,201,12,0.95,0.2,0.5,25,10.0,6084
6043,201,13,0.95,0.2,0.5,25,10.0,6085
6044,201,14,0.95,0.2,0.5,25,10.0,6086
6045,201,15,0.95,0.2,0.5,25,10.0,6087
6046,201,16,0.95,0.2,0.5,25,10.0,6088
6047,201,17,0.95,0.2,0.5,25,10.0,6089
6048,201,18,0.95,0.2,0.5,25,10.0,6090
6049,201,19,0.95,0.2,0.5,25,10.0,6091
6050,201,20,0.95,0.2,0.5,25,10.0,6092
6051,201,21,0.95,0.2,0.5,25,10.0,6093
6052,201,22,0.95,0.2,0.5,25,10.0,6094
6053,201,23,0.95,0.2,0.5,25,10.0,6095
6054,201,24,0.95,0.2,0.5,25,10.0,6096
6055,201,25,0.95,0.2,0.5,25,10.0,6097
6056,201,26,0.95,0.2,0.5,25,10.0,6098
6057,201,27,0.95,0.2,0.5,25,10.0,6099
6058,201,28,0.95,0.2,0.5,25,10.0,6100
6059,201,29,0.95,0.2,0.5,25,10.0,6101
6060,202,0,0.95,0.2,0.5,50,10.0,6102
6061,202,1,0.95,0.2,0.5,50,10.0,6103
6062,202,2,0.95,0.2,0.5,50,10.0,6104
6063,202,3,0.95,0.2,0.5,50,10.0,6105
6064,202,4,0.95,0.2,0.5,50,10.0,6106
6065,202,5,0.95,0.2,0.5,50,10.0,6107
6066,202,6,0.95,0.2,0.5,50,10.0,6108
6067,202,7,0.95,0.2,0.5,50,10.0,6109
6068,202,8,0.95,0.2,0.5,50,10.0,6110
6069,202,9,0.95,0.2,0.5,50,10.0,6111
6070,202,10,0.95,0.2,0.5,50,10.0,6112
6071,202,11,0.95,0.2,0.5,50,10.0,6113
6072,202,12,0.95,0.2,0.5,50,10.0,6114
6073,202,13,0.95,0.2,0.5,50,10.0,6115
6074,202,14,0.95,0.2,0.5,50,10.0,6116
6075,202,15,0.95,0.2,0.5,50,10.0,6117
6076,202,16,0.95,0.2,0.5,50,10.0,6118
6077,202,17,0.95,0.2,0.5,50,10.0,6119
6078,202,18,0.95,0.2,0.5,50,10.0,6120
6079,202,19,0.95,0.2,0.5,50,10.0,6121
6080,202,20,0.95,0.2,0.5,50,10.0,6122
6081,202,21,0.95,0.2,0.5,50,10.0,6123
6082,202,22,0.95,0.2,0.5,50,10.0,6124
6083,202,23,0.95,0.2,0.5,50,10.0,6125
6084,202,24,0.95,0.2,0.5,50,10.0,6126
6085,202,25,0.95,0.2,0.5,50,10.0,6127
6086,202,26,0.95,0.2,0.5,50,10.0,6128
6087,202,27,0.95,0.2,0.5,50,10.0,6129
6088,202,28,0.95,0.2,0.5,50,10.0,6130
6089,202,29,0.95,0.2,0.5,50,10.0,6131
6090,203,0,0.95,0.2,0.5,100,10.0,6132
6091,203,1,0.95,0.2,0.5,100,10.0,6133
6092,203,2,0.95,0.2,0.5,100,10.0,6134
6093,203,3,0.95,0.2,0.5,100,10.0,6135
6094,203,4,0.95,0.2,0.5,100,10.0,6136
6095,203,5,0.95,0.2,0.5,100,10.0,6137
6096,203,6,0.95,0.2,0.5,100,10.0,6138
6097,203,7,0.95,0.2,0.5,100,10.0,6139
6098,203,8,0.95,0.2,0.5,100,10.0,6140
6099,203,9,0.95,0.2,0.5,100,10.0,6141
6100,203,10,0.95,0.2,0.5,100,10.0,6142
6101,203,11,0.95,0.2,0.5,100,10.0,6143
6102,203,12,0.95,0.2,0.5,100,10.0,6144
6103,203,13,0.95,0.2,0.5,100,10.0,6145
6104,203,14,0.95,0.2,0.5,100,10.0,6146
6105,203,15,0.95,0.2,0.5,100,10.0,6147
6106,203,16,0.95,0.2,0.5,100,10.0,6148
6107,203,17,0.95,0.2,0.5,100,10.0,6149
6108,203,18,0.95,0.2,0.5,100,10.0,6150
6109,203,19,0.95,0.2,0.5,100,10.0,6151
6110,203,20,0.95,0.2,0.5,100,10.0,6152
6111,203,21,0.95,0.2,0.5,100,10.0,6153
6112,203,22,0.95,0.2,0.5,100,10.0,6154
6113,203,23,0.95,0.2,0.5,100,10.0,6155
6114,203,24,0.95,0.2,0.5,100,10.0,6156
6115,203,25,0.95,0.2,0.5,100,10.0,6157
6116,203,26,0.95,0.2,0.5,100,10.0,6158
6117,203,27,0.95,0.2,0.5,100,10.0,6159
6118,203,28,0.95,0.2,0.5,100,10.0,6160
6119,203,29,0.95,0.2,0.5,100,10.0,6161
6120,204,0,0.95,0.5,0.1,10,10.0,6162
6121,204,1,0.95,0.5,0.1,10,10.0,6163
6122,204,2,0.95,0.5,0.1,10,10.0,6164
6123,204,3,0.95,0.5,0.1,10,10.0,6165
6124,204,4,0.95,0.5,0.1,10,10.0,6166
6125,204,5,0.95,0.5,0.1,10,10.0,6167
6126,204,6,0.95,0.5,0.1,10,10.0,6168
6127,204,7,0.95,0.5,0.1,10,10.0,6169
6128,204,8,0.95,0.5,0.1,10,10.0,6170
6129,204,9,0.95,0.5,0.1,10,10.0,6171
6130,204,10,0.95,0.5,0.1,10,10.0,6172
6131,204,11,0.95,0.5,0.1,10,10.0,6173
6132,204,12,0.95,0.5,0.1,10,10.0,6174
6133,204,13,0.95,0.5,0.1,10,10.0,6175
6134,204,14,0.95,0.5,0.1,10,10.0,6176
6135,204,15,0.95,0.5,0.1,10,10.0,6177
6136,204,16,0.95,0.5,0.1,10,10.0,6178
6137,204,17,0.95,0.5,0.1,10,10.0,6179
6138,204,18,0.95,0.5,0.1,10,10.0,6180
6139,204,19,0.95,0.5,0.1,10,10.0,6181
6140,204,20,0.95,0.5,0.1,10,10.0,6182
6141,204,21,0.95,0.5,0.1,10,10.0,6183
6142,204,22,0.95,0.5,0.1,10,10.0,6184
6143,204,23,0.95,0.5,0.1,10,10.0,6185
6144,204,24,0.95,0.5,0.1,10,10.0,6186
6145,204,25,0.95,0.5,0.1,10,10.0,6187
6146,204,26,0.95,0.5,0.1,10,10.0,6188
6147,204,27,0.95,0.5,0.1,10,10.0,6189
6148,204,28,0.95,0.5,0.1,10,10.0,6190
6149,204,29,0.95,0.5,0.1,10,10.0,6191
6150,205,0,0.95,0.5,0.1,25,10.0,6192
6151,205,1,0.95,0.5,0.1,25,10.0,6193
6152,205,2,0.95,0.5,0.1,25,10.0,6194
6153,205,3,0.95,0.5,0.1,25,10.0,6195
6154,205,4,0.95,0.5,0.1,25,10.0,6196
6155,205,5,0.95,0.5,0.1,25,10.0,6197
6156,205,6,0.95,0.5,0.1,25,10.0,6198
6157,205,7,0.95,0.5,0.1,25,10.0,6199
6158,205,8,0.95,0.5,0.1,25,10.0,6200
6159,205,9,0.95,0.5,0.1,25,10.0,6201
6160,205,10,0.95,0.5,0.1,25,10.0,6202
6161,205,11,0.95,0.5,0.1,25,10.0,6203
6162,205,12,0.95,0.5,0.1,25,10.0,6204
6163,205,13,0.95,0.5,0.1,25,10.0,6205
6164,205,14,0.95,0.5,0.1,25,10.0,6206
6165,205,15,0.95,0.5,0.1,25,10.0,6207
6166,205,16,0.95,0.5,0.1,25,10.0,6208
6167,205,17,0.95,0.5,0.1,25,10.0,6209
6168,205,18,0.95,0.5,0.1,25,10.0,6210
6169,205,19,0.95,0.5,0.1,25,10.0,6211
6170,205,20,0.95,0.5,0.1,25,10.0,6212
6171,205,21,0.95,0.5,0.1,25,10.0,6213
6172,205,22,0.95,0.5,0.1,25,10.0,6214
6173,205,23,0.95,0.5,0.1,25,10.0,6215
6174,205,24,0.95,0.5,0.1,25,10.0,6216
6175,205,25,0.95,0.5,0.1,25,10.0,6217
6176,205,26,0.95,0.5,0.1,25,10.0,6218
6177,205,27,0.95,0.5,0.1,25,10.0,6219
6178,205,28,0.95,0.5,0.1,25,10.0,6220
6179,205,29,0.95,0.5,0.1,25,10.0,6221
6180,206,0,0.95,0.5,0.1,50,10.0,6222
6181,206,1,0.95,0.5,0.1,50,10.0,6223
6182,206,2,0.95,0.5,0.1,50,10.0,6224
6183,206,3,0.95,0.5,0.1,50,10.0,6225
6184,206,4,0.95,0.5,0.1,50,10.0,6226
6185,206,5,0.95,0.5,0.1,50,10.0,6227
6186,206,6,0.95,0.5,0.1,50,10.0,6228
6187,206,7,0.95,0.5,0.1,50,10.0,6229
6188,206,8,0.95,0.5,0.1,50,10.0,6230
6189,206,9,0.95,0.5,0.1,50,10.0,6231
6190,206,10,0.95,0.5,0.1,50,10.0,6232
6191,206,11,0.95,0.5,0.1,50,10.0,6233
6192,206,12,0.95,0.5,0.1,50,10.0,6234
6193,206,13,0.95,0.5,0.1,50,10.0,6235
6194,206,14,0.95,0.5,0.1,50,10.0,6236
6195,206,15,0.95,0.5,0.1,50,10.0,6237
6196,206,16,0.95,0.5,0.1,50,10.0,6238
6197,206,17,0.95,0.5,0.1,50,10.0,6239
6198,206,18,0.95,0.5,0.1,50,10.0,6240
6199,206,19,0.95,0.5,0.1,50,10.0,6241
6200,206,20,0.95,0.5,0.1,50,10.0,6242
6201,206,21,0.95,0.5,0.1,50,10.0,6243
6202,206,22,0.95,0.5,0.1,50,10.0,6244
6203,206,23,0.95,0.5,0.1,50,10.0,6245
6204,206,24,0.95,0.5,0.1,50,10.0,6246
6205,206,25,0.95,0.5,0.1,50,10.0,6247
6206,206,26,0.95,0.5,0.1,50,10.0,6248
6207,206,27,0.95,0.5,0.1,50,10.0,6249
6208,206,28,0.95,0.5,0.1,50,10.0,6250
6209,206,29,0.95,0.5,0.1,50,10.0,6251
6210,207,0,0.95,0.5,0.1,100,10.0,6252
6211,207,1,0.95,0.5,0.1,100,10.0,6253
6212,207,2,0.95,0.5,0.1,100,10.0,6254
6213,207,3,0.95,0.5,0.1,100,10.0,6255
6214,207,4,0.95,0.5,0.1,100,10.0,6256
6215,207,5,0.95,0.5,0.1,100,10.0,6257
6216,207,6,0.95,0.5,0.1,100,10.0,6258
6217,207,7,0.95,0.5,0.1,100,10.0,6259
6218,207,8,0.95,0.5,0.1,100,10.0,6260
6219,207,9,0.95,0.5,0.1,100,10.0,6261
6220,207,10,0.95,0.5,0.1,100,10.0,6262
6221,207,11,0.95,0.5,0.1,100,10.0,6263
6222,207,12,0.95,0.5,0.1,100,10.0,6264
6223,207,13,0.95,0.5,0.1,100,10.0,6265
6224,207,14,0.95,0.5,0.1,100,10.0,6266
6225,207,15,0.95,0.5,0.1,100,10.0,6267
6226,207,16,0.95,0.5,0.1,100,10.0,6268
6227,207,17,0.95,0.5,0.1,100,10.0,6269
6228,207,18,0.95,0.5,0.1,100,10.0,6270
6229,207,19,0.95,0.5,0.1,100,10.0,6271
6230,207,20,0.95,0.5,0.1,100,10.0,6272
6231,207,21,0.95,0.5,0.1,100,10.0,6273
6232,207,22,0.95,0.5,0.1,100,10.0,6274
6233,207,23,0.95,0.5,0.1,100,10.0,6275
6234,207,24,0.95,0.5,0.1,100,10.0,6276
6235,207,25,0.95,0.5,0.1,100,10.0,6277
6236,207,26,0.95,0.5,0.1,100,10.0,6278
6237,207,27,0.95,0.5,0.1,100,10.0,6279
6238,207,28,0.95,0.5,0.1,100,10.0,6280
6239,207,29,0.95,0.5,0.1,100,10.0,6281
6240,208,0,0.95,0.5,0.3,10,10.0,6282
6241,208,1,0.95,0.5,0.3,10,10.0,6283
6242,208,2,0.95,0.5,0.3,10,10.0,6284
6243,208,3,0.95,0.5,0.3,10,10.0,6285
6244,208,4,0.95,0.5,0.3,10,10.0,6286
6245,208,5,0.95,0.5,0.3,10,10.0,6287
6246,208,6,0.95,0.5,0.3,10,10.0,6288
6247,208,7,0.95,0.5,0.3,10,10.0,6289
6248,208,8,0.95,0.5,0.3,10,10.0,6290
6249,208,9,0.95,0.5,0.3,10,10.0,6291
6250,208,10,0.95,0.5,0.3,10,10.0,6292
6251,208,11,0.95,0.5,0.3,10,10.0,6293
6252,208,12,0.95,0.5,0.3,10,10.0,6294
6253,208,13,0.95,0.5,0.3,10,10.0,6295
6254,208,14,0.95,0.5,0.3,10,10.0,6296
6255,208,15,0.95,0.5,0.3,10,10.0,6297
6256,208,16,0.95,0.5,0.3,10,10.0,6298
6257,208,17,0.95,0.5,0.3,10,10.0,6299
6258,208,18,0.95,0.5,0.3,10,10.0,6300
6259,208,19,0.95,0.5,0.3,10,10.0,6301
6260,208,20,0.95,0.5,0.3,10,10.0,6302
6261,208,21,0.95,0.5,0.3,10,10.0,6303
6262,208,22,0.95,0.5,0.3,10,10.0,6304
6263,208,23,0.95,0.5,0.3,10,10.0,6305
6264,208,24,0.95,0.5,0.3,10,10.0,6306
6265,208,25,0.95,0.5,0.3,10,10.0,6307
6266,208,26,0.95,0.5,0.3,10,10.0,6308
6267,208,27,0.95,0.5,0.3,10,10.0,6309
6268,208,28,0.95,0.5,0.3,10,10.0,6310
6269,208,29,0.95,0.5,0.3,10,10.0,6311
6270,209,0,0.95,0.5,0.3,25,10.0,6312
6271,209,1,0.95,0.5,0.3,25,10.0,6313
6272,209,2,0.95,0.5,0.3,25,10.0,6314
6273,209,3,0.95,0.5,0.3,25,10.0,6315
6274,209,4,0.95,0.5,0.3,25,10.0,6316
6275,209,5,0.95,0.5,0.3,25,10.0,6317
6276,209,6,0.95,0.5,0.3,25,10.0,6318
6277,209,7,0.95,0.5,0.3,25,10.0,6319
6278,209,8,0.95,0.5,0.3,25,10.0,6320
6279,209,9,0.95,0.5,0.3,25,10.0,6321
6280,209,10,0.95,0.5,0.3,25,10.0,6322
6281,209,11,0.95,0.5,0.3,25,10.0,6323
6282,209,12,0.95,0.5,0.3,25,10.0,6324
6283,209,13,0.95,0.5,0.3,25,10.0,6325
6284,209,14,0.95,0.5,0.3,25,10.0,6326
6285,209,15,0.95,0.5,0.3,25,10.0,6327
6286,209,16,0.95,0.5,0.3,25,10.0,6328
6287,209,17,0.95,0.5,0.3,25,10.0,6329
6288,209,18,0.95,0.5,0.3,25,10.0,6330
6289,209,19,0.95,0.5,0.3,25,10.0,6331
6290,209,20,0.95,0.5,0.3,25,10.0,6332
6291,209,21,0.95,0.5,0.3,25,10.0,6333
6292,209,22,0.95,0.5,0.3,25,10.0,6334
6293,209,23,0.95,0.5,0.3,25,10.0,6335
6294,209,24,0.95,0.5,0.3,25,10.0,6336
6295,209,25,0.95,0.5,0.3,25,10.0,6337
6296,209,26,0.95,0.5,0.3,25,10.0,6338
6297,209,27,0.95,0.5,0.3,25,10.0,6339
6298,209,28,0.95,0.5,0.3,25,10.0,6340
6299,209,29,0.95,0.5,0.3,25,10.0,6341
6300,210,0,0.95,0.5,0.3,50,10.0,6342
6301,210,1,0.95,0.5,0.3,50,10.0,6343
6302,210,2,0.95,0.5,0.3,50,10.0,6344
6303,210,3,0.95,0.5,0.3,50,10.0,6345
6304,210,4,0.95,0.5,0.3,50,10.0,6346
6305,210,5,0.95,0.5,0.3,50,10.0,6347
6306,210,6,0.95,0.5,0.3,50,10.0,6348
6307,210,7,0.95,0.5,0.3,50,10.0,6349
6308,210,8,0.95,0.5,0.3,50,10.0,6350
6309,210,9,0.95,0.5,0.3,50,10.0,6351
6310,210,10,0.95,0.5,0.3,50,10.0,6352
6311,210,11,0.95,0.5,0.3,50,10.0,6353
6312,210,12,0.95,0.5,0.3,50,10.0,6354
6313,210,13,0.95,0.5,0.3,50,10.0,6355
6314,210,14,0.95,0.5,0.3,50,10.0,6356
6315,210,15,0.95,0.5,0.3,50,10.0,6357
6316,210,16,0.95,0.5,0.3,50,10.0,6358
6317,210,17,0.95,0.5,0.3,50,10.0,6359
6318,210,18,0.95,0.5,0.3,50,10.0,6360
6319,210,19,0.95,0.5,0.3,50,10.0,6361
6320,210,20,0.95,0.5,0.3,50,10.0,6362
6321,210,21,0.95,0.5,0.3,50,10.0,6363
6322,210,22,0.95,0.5,0.3,50,10.0,6364
6323,210,23,0.95,0.5,0.3,50,10.0,6365
6324,210,24,0.95,0.5,0.3,50,10.0,6366
6325,210,25,0.95,0.5,0.3,50,10.0,6367
6326,210,26,0.95,0.5,0.3,50,10.0,6368
6327,210,27,0.95,0.5,0.3,50,10.0,6369
6328,210,28,0.95,0.5,0.3,50,10.0,6370
6329,210,29,0.95,0.5,0.3,50,10.0,6371
6330,211,0,0.95,0.5,0.3,100,10.0,6372
6331,211,1,0.95,0.5,0.3,100,10.0,6373
6332,211,2,0.95,0.5,0.3,100,10.0,6374
6333,211,3,0.95,0.5,0.3,100,10.0,6375
6334,211,4,0.95,0.5,0.3,100,10.0,6376
6335,211,5,0.95,0.5,0.3,100,10.0,6377
6336,211,6,0.95,0.5,0.3,100,10.0,6378
6337,211,7,0.95,0.5,0.3,100,10.0,6379
6338,211,8,0.95,0.5,0.3,100,10.0,6380
6339,211,9,0.95,0.5,0.3,100,10.0,6381
6340,211,10,0.95,0.5,0.3,100,10.0,6382
6341,211,11,0.95,0.5,0.3,100,10.0,6383
6342,211,12,0.95,0.5,0.3,100,10.0,6384
6343,211,13,0.95,0.5,0.3,100,10.0,6385
6344,211,14,0.95,0.5,0.3,100,10.0,6386
6345,211,15,0.95,0.5,0.3,100,10.0,6387
6346,211,16,0.95,0.5,0.3,100,10.0,6388
6347,211,17,0.95,0.5,0.3,100,10.0,6389
6348,211,18,0.95,0.5,0.3,100,10.0,6390
6349,211,19,0.95,0.5,0.3,100,10.0,6391
6350,211,20,0.95,0.5,0.3,100,10.0,6392
6351,211,21,0.95,0.5,0.3,100,10.0,6393
6352,211,22,0.95,0.5,0.3,100,10.0,6394
6353,211,23,0.95,0.5,0.3,100,10.0,6395
6354,211,24,0.95,0.5,0.3,100,10.0,6396
6355,211,25,0.95,0.5,0.3,100,10.0,6397
6356,211,26,0.95,0.5,0.3,100,10.0,6398
6357,211,27,0.95,0.5,0.3,100,10.0,6399
6358,211,28,0.95,0.5,0.3,100,10.0,6400
6359,211,29,0.95,0.5,0.3,100,10.0,6401
6360,212,0,0.95,0.5,0.5,10,10.0,6402
6361,212,1,0.95,0.5,0.5,10,10.0,6403
6362,212,2,0.95,0.5,0.5,10,10.0,6404
6363,212,3,0.95,0.5,0.5,10,10.0,6405
6364,212,4,0.95,0.5,0.5,10,10.0,6406
6365,212,5,0.95,0.5,0.5,10,10.0,6407
6366,212,6,0.95,0.5,0.5,10,10.0,6408
6367,212,7,0.95,0.5,0.5,10,10.0,6409
6368,212,8,0.95,0.5,0.5,10,10.0,6410
6369,212,9,0.95,0.5,0.5,10,10.0,6411
6370,212,10,0.95,0.5,0.5,10,10.0,6412
6371,212,11,0.95,0.5,0.5,10,10.0,6413
6372,212,12,0.95,0.5,0.5,10,10.0,6414
6373,212,13,0.95,0.5,0.5,10,10.0,6415
6374,212,14,0.95,0.5,0.5,10,10.0,6416
6375,212,15,0.95,0.5,0.5,10,10.0,6417
6376,212,16,0.95,0.5,0.5,10,10.0,6418
6377,212,17,0.95,0.5,0.5,10,10.0,6419
6378,212,18,0.95,0.5,0.5,10,10.0,6420
6379,212,19,0.95,0.5,0.5,10,10.0,6421
6380,212,20,0.95,0.5,0.5,10,10.0,6422
6381,212,21,0.95,0.5,0.5,10,10.0,6423
6382,212,22,0.95,0.5,0.5,10,10.0,6424
6383,212,23,0.95,0.5,0.5,10,10.0,6425
6384,212,24,0.95,0.5,0.5,10,10.0,6426
6385,212,25,0.95,0.5,0.5,10,10.0,6427
6386,212,26,0.95,0.5,0.5,10,10.0,6428
6387,212,27,0.95,0.5,0.5,10,10.0,6429
6388,212,28,0.95,0.5,0.5,10,10.0,6430
6389,212,29,0.95,0.5,0.5,10,10.0,6431
6390,213,0,0.95,0.5,0.5,25,10.0,6432
6391,213,1,0.95,0.5,0.5,25,10.0,6433
6392,213,2,0.95,0.5,0.5,25,10.0,6434
6393,213,3,0.95,0.5,0.5,25,10.0,6435
6394,213,4,0.95,0.5,0.5,25,10.0,6436
6395,213,5,0.95,0.5,0.5,25,10.0,6437
6396,213,6,0.95,0.5,0.5,25,10.0,6438
6397,213,7,0.95,0.5,0.5,25,10.0,6439
6398,213,8,0.95,0.5,0.5,25,10.0,6440
6399,213,9,0.95,0.5,0.5,25,10.0,6441
6400,213,10,0.95,0.5,0.5,25,10.0,6442
6401,213,11,0.95,0.5,0.5,25,10.0,6443
6402,213,12,0.95,0.5,0.5,25,10.0,6444
6403,213,13,0.95,0.5,0.5,25,10.0,6445
6404,213,14,0.95,0.5,0.5,25,10.0,6446
6405,213,15,0.95,0.5,0.5,25,10.0,6447
6406,213,16,0.95,0.5,0.5,25,10.0,6448
6407,213,17,0.95,0.5,0.5,25,10.0,6449
6408,213,18,0.95,0.5,0.5,25,10.0,6450
6409,213,19,0.95,0.5,0.5,25,10.0,6451
6410,213,20,0.95,0.5,0.5,25,10.0,6452
6411,213,21,0.95,0.5,0.5,25,10.0,6453
6412,213,22,0.95,0.5,0.5,25,10.0,6454
6413,213,23,0.95,0.5,0.5,25,10.0,6455
6414,213,24,0.95,0.5,0.5,25,10.0,6456
6415,213,25,0.95,0.5,0.5,25,10.0,6457
6416,213,26,0.95,0.5,0.5,25,10.0,6458
6417,213,27,0.95,0.5,0.5,25,10.0,6459
6418,213,28,0.95,0.5,0.5,25,10.0,6460
6419,213,29,0.95,0.5,0.5,25,10.0,6461
6420,214,0,0.95,0.5,0.5,50,10.0,6462
6421,214,1,0.95,0.5,0.5,50,10.0,6463
6422,214,2,0.95,0.5,0.5,50,10.0,6464
6423,214,3,0.95,0.5,0.5,50,10.0,6465
6424,214,4,0.95,0.5,0.5,50,10.0,6466
6425,214,5,0.95,0.5,0.5,50,10.0,6467
6426,214,6,0.95,0.5,0.5,50,10.0,6468
6427,214,7,0.95,0.5,0.5,50,10.0,6469
6428,214,8,0.95,0.5,0.5,50,10.0,6470
6429,214,9,0.95,0.5,0.5,50,10.0,6471
6430,214,10,0.95,0.5,0.5,50,10.0,6472
6431,214,11,0.95,0.5,0.5,50,10.0,6473
6432,214,12,0.95,0.5,0.5,50,10.0,6474
6433,214,13,0.95,0.5,0.5,50,10.0,6475
6434,214,14,0.95,0.5,0.5,50,10.0,6476
6435,214,15,0.95,0.5,0.5,50,10.0,6477
6436,214,16,0.95,0.5,0.5,50,10.0,6478
6437,214,17,0.95,0.5,0.5,50,10.0,6479
6438,214,18,0.95,0.5,0.5,50,10.0,6480
6439,214,19,0.95,0.5,0.5,50,10.0,6481
6440,214,20,0.95,0.5,0.5,50,10.0,6482
6441,214,21,0.95,0.5,0.5,50,10.0,6483
6442,214,22,0.95,0.5,0.5,50,10.0,6484
6443,214,23,0.95,0.5,0.5,50,10.0,6485
6444,214,24,0.95,0.5,0.5,50,10.0,6486
6445,214,25,0.95,0.5,0.5,50,10.0,6487
6446,214,26,0.95,0.5,0.5,50,10.0,6488
6447,214,27,0.95,0.5,0.5,50,10.0,6489
6448,214,28,0.95,0.5,0.5,50,10.0,6490
6449,214,29,0.95,0.5,0.5,50,10.0,6491
6450,215,0,0.95,0.5,0.5,100,10.0,6492
6451,215,1,0.95,0.5,0.5,100,10.0,6493
6452,215,2,0.95,0.5,0.5,100,10.0,6494
6453,215,3,0.95,0.5,0.5,100,10.0,6495
6454,215,4,0.95,0.5,0.5,100,10.0,6496
6455,215,5,0.95,0.5,0.5,100,10.0,6497
6456,215,6,0.95,0.5,0.5,100,10.0,6498
6457,215,7,0.95,0.5,0.5,100,10.0,6499
6458,215,8,0.95,0.5,0.5,100,10.0,6500
6459,215,9,0.95,0.5,0.5,100,10.0,6501
6460,215,10,0.95,0.5,0.5,100,10.0,6502
6461,215,11,0.95,0.5,0.5,100,10.0,6503
6462,215,12,0.95,0.5,0.5,100,10.0,6504
6463,215,13,0.95,0.5,0.5,100,10.0,6505
6464,215,14,0.95,0.5,0.5,100,10.0,6506
6465,215,15,0.95,0.5,0.5,100,10.0,6507
6466,215,16,0.95,0.5,0.5,100,10.0,6508
6467,215,17,0.95,0.5,0.5,100,10.0,6509
6468,215,18,0.95,0.5,0.5,100,10.0,6510
6469,215,19,0.95,0.5,0.5,100,10.0,6511
6470,215,20,0.95,0.5,0.5,100,10.0,6512
6471,215,21,0.95,0.5,0.5,100,10.0,6513
6472,215,22,0.95,0.5,0.5,100,10.0,6514
6473,215,23,0.95,0.5,0.5,100,10.0,6515
6474,215,24,0.95,0.5,0.5,100,10.0,6516
6475,215,25,0.95,0.5,0.5,100,10.0,6517
6476,215,26,0.95,0.5,0.5,100,10.0,6518
6477,215,27,0.95,0.5,0.5,100,10.0,6519
6478,215,28,0.95,0.5,0.5,100,10.0,6520
6479,215,29,0.95,0.5,0.5,100,10.0,6521
6480,216,0,0.95,1.0,0.1,10,10.0,6522
6481,216,1,0.95,1.0,0.1,10,10.0,6523
6482,216,2,0.95,1.0,0.1,10,10.0,6524
6483,216,3,0.95,1.0,0.1,10,10.0,6525
6484,216,4,0.95,1.0,0.1,10,10.0,6526
6485,216,5,0.95,1.0,0.1,10,10.0,6527
6486,216,6,0.95,1.0,0.1,10,10.0,6528
6487,216,7,0.95,1.0,0.1,10,10.0,6529
6488,216,8,0.95,1.0,0.1,10,10.0,6530
6489,216,9,0.95,1.0,0.1,10,10.0,6531
6490,216,10,0.95,1.0,0.1,10,10.0,6532
6491,216,11,0.95,1.0,0.1,10,10.0,6533
6492,216,12,0.95,1.0,0.1,10,10.0,6534
6493,216,13,0.95,1.0,0.1,10,10.0,6535
6494,216,14,0.95,1.0,0.1,10,10.0,6536
6495,216,15,0.95,1.0,0.1,10,10.0,6537
6496,216,16,0.95,1.0,0.1,10,10.0,6538
6497,216,17,0.95,1.0,0.1,10,10.0,6539
6498,216,18,0.95,1.0,0.1,10,10.0,6540
6499,216,19,0.95,1.0,0.1,10,10.0,6541
6500,216,20,0.95,1.0,0.1,10,10.0,6542
6501,216,21,0.95,1.0,0.1,10,10.0,6543
6502,216,22,0.95,1.0,0.1,10,10.0,6544
6503,216,23,0.95,1.0,0.1,10,10.0,6545
6504,216,24,0.95,1.0,0.1,10,10.0,6546
6505,216,25,0.95,1.0,0.1,10,10.0,6547
6506,216,26,0.95,1.0,0.1,10,10.0,6548
6507,216,27,0.95,1.0,0.1,10,10.0,6549
6508,216,28,0.95,1.0,0.1,10,10.0,6550
6509,216,29,0.95,1.0,0.1,10,10.0,6551
6510,217,0,0.95,1.0,0.1,25,10.0,6552
6511,217,1,0.95,1.0,0.1,25,10.0,6553
6512,217,2,0.95,1.0,0.1,25,10.0,6554
6513,217,3,0.95,1.0,0.1,25,10.0,6555
6514,217,4,0.95,1.0,0.1,25,10.0,6556
6515,217,5,0.95,1.0,0.1,25,10.0,6557
6516,217,6,0.95,1.0,0.1,25,10.0,6558
6517,217,7,0.95,1.0,0.1,25,10.0,6559
6518,217,8,0.95,1.0,0.1,25,10.0,6560
6519,217,9,0.95,1.0,0.1,25,10.0,6561
6520,217,10,0.95,1.0,0.1,25,10.0,6562
6521,217,11,0.95,1.0,0.1,25,10.0,6563
6522,217,12,0.95,1.0,0.1,25,10.0,6564
6523,217,13,0.95,1.0,0.1,25,10.0,6565
6524,217,14,0.95,1.0,0.1,25,10.0,6566
6525,217,15,0.95,1.0,0.1,25,10.0,6567
6526,217,16,0.95,1.0,0.1,25,10.0,6568
6527,217,17,0.95,1.0,0.1,25,10.0,6569
6528,217,18,0.95,1.0,0.1,25,10.0,6570
6529,217,19,0.95,1.0,0.1,25,10.0,6571
6530,217,20,0.95,1.0,0.1,25,10.0,6572
6531,217,21,0.95,1.0,0.1,25,10.0,6573
6532,217,22,0.95,1.0,0.1,25,10.0,6574
6533,217,23,0.95,1.0,0.1,25,10.0,6575
6534,217,24,0.95,1.0,0.1,25,10.0,6576
6535,217,25,0.95,1.0,0.1,25,10.0,6577
6536,217,26,0.95,1.0,0.1,25,10.0,6578
6537,217,27,0.95,1.0,0.1,25,10.0,6579
6538,217,28,0.95,1.0,0.1,25,10.0,6580
6539,217,29,0.95,1.0,0.1,25,10.0,6581
6540,218,0,0.95,1.0,0.1,50,10.0,6582
6541,218,1,0.95,1.0,0.1,50,10.0,6583
6542,218,2,0.95,1.0,0.1,50,10.0,6584
6543,218,3,0.95,1.0,0.1,50,10.0,6585
6544,218,4,0.95,1.0,0.1,50,10.0,6586
6545,218,5,0.95,1.0,0.1,50,10.0,6587
6546,218,6,0.95,1.0,0.1,50,10.0,6588
6547,218,7,0.95,1.0,0.1,50,10.0,6589
6548,218,8,0.95,1.0,0.1,50,10.0,6590
6549,218,9,0.95,1.0,0.1,50,10.0,6591
6550,218,10,0.95,1.0,0.1,50,10.0,6592
6551,218,11,0.95,1.0,0.1,50,10.0,6593
6552,218,12,0.95,1.0,0.1,50,10.0,6594
6553,218,13,0.95,1.0,0.1,50,10.0,6595
6554,218,14,0.95,1.0,0.1,50,10.0,6596
6555,218,15,0.95,1.0,0.1,50,10.0,6597
6556,218,16,0.95,1.0,0.1,50,10.0,6598
6557,218,17,0.95,1.0,0.1,50,10.0,6599
6558,218,18,0.95,1.0,0.1,50,10.0,6600
6559,218,19,0.95,1.0,0.1,50,10.0,6601
6560,218,20,0.95,1.0,0.1,50,10.0,6602
6561,218,21,0.95,1.0,0.1,50,10.0,6603
6562,218,22,0.95,1.0,0.1,50,10.0,6604
6563,218,23,0.95,1.0,0.1,50,10.0,6605
6564,218,24,0.95,1.0,0.1,50,10.0,6606
6565,218,25,0.95,1.0,0.1,50,10.0,6607
6566,218,26,0.95,1.0,0.1,50,10.0,6608
6567,218,27,0.95,1.0,0.1,50,10.0,6609
6568,218,28,0.95,1.0,0.1,50,10.0,6610
6569,218,29,0.95,1.0,0.1,50,10.0,6611
6570,219,0,0.95,1.0,0.1,100,10.0,6612
6571,219,1,0.95,1.0,0.1,100,10.0,6613
6572,219,2,0.95,1.0,0.1,100,10.0,6614
6573,219,3,0.95,1.0,0.1,100,10.0,6615
6574,219,4,0.95,1.0,0.1,100,10.0,6616
6575,219,5,0.95,1.0,0.1,100,10.0,6617
6576,219,6,0.95,1.0,0.1,100,10.0,6618
6577,219,7,0.95,1.0,0.1,100,10.0,6619
6578,219,8,0.95,1.0,0.1,100,10.0,6620
6579,219,9,0.95,1.0,0.1,100,10.0,6621
6580,219,10,0.95,1.0,0.1,100,10.0,6622
6581,219,11,0.95,1.0,0.1,100,10.0,6623
6582,219,12,0.95,1.0,0.1,100,10.0,6624
6583,219,13,0.95,1.0,0.1,100,10.0,6625
6584,219,14,0.95,1.0,0.1,100,10.0,6626
6585,219,15,0.95,1.0,0.1,100,10.0,6627
6586,219,16,0.95,1.0,0.1,100,10.0,6628
6587,219,17,0.95,1.0,0.1,100,10.0,6629
6588,219,18,0.95,1.0,0.1,100,10.0,6630
6589,219,19,0.95,1.0,0.1,100,10.0,6631
6590,219,20,0.95,1.0,0.1,100,10.0,6632
6591,219,21,0.95,1.0,0.1,100,10.0,6633
6592,219,22,0.95,1.0,0.1,100,10.0,6634
6593,219,23,0.95,1.0,0.1,100,10.0,6635
6594,219,24,0.95,1.0,0.1,100,10.0,6636
6595,219,25,0.95,1.0,0.1,100,10.0,6637
6596,219,26,0.95,1.0,0.1,100,10.0,6638
6597,219,27,0.95,1.0,0.1,100,10.0,6639
6598,219,28,0.95,1.0,0.1,100,10.0,6640
6599,219,29,0.95,1.0,0.1,100,10.0,6641
6600,220,0,0.95,1.0,0.3,10,10.0,6642
6601,220,1,0.95,1.0,0.3,10,10.0,6643
6602,220,2,0.95,1.0,0.3,10,10.0,6644
6603,220,3,0.95,1.0,0.3,10,10.0,6645
6604,220,4,0.95,1.0,0.3,10,10.0,6646
6605,220,5,0.95,1.0,0.3,10,10.0,6647
6606,220,6,0.95,1.0,0.3,10,10.0,6648
6607,220,7,0.95,1.0,0.3,10,10.0,6649
6608,220,8,0.95,1.0,0.3,10,10.0,6650
6609,220,9,0.95,1.0,0.3,10,10.0,6651
6610,220,10,0.95,1.0,0.3,10,10.0,6652
6611,220,11,0.95,1.0,0.3,10,10.0,6653
6612,220,12,0.95,1.0,0.3,10,10.0,6654
6613,220,13,0.95,1.0,0.3,10,10.0,6655
6614,220,14,0.95,1.0,0.3,10,10.0,6656
6615,220,15,0.95,1.0,0.3,10,10.0,6657
6616,220,16,0.95,1.0,0.3,10,10.0,6658
6617,220,17,0.95,1.0,0.3,10,10.0,6659
6618,220,18,0.95,1.0,0.3,10,10.0,6660
6619,220,19,0.95,1.0,0.3,10,10.0,6661
6620,220,20,0.95,1.0,0.3,10,10.0,6662
6621,220,21,0.95,1.0,0.3,10,10.0,6663
6622,220,22,0.95,1.0,0.3,10,10.0,6664
6623,220,23,0.95,1.0,0.3,10,10.0,6665
6624,220,24,0.95,1.0,0.3,10,10.0,6666
6625,220,25,0.95,1.0,0.3,10,10.0,6667
6626,220,26,0.95,1.0,0.3,10,10.0,6668
6627,220,27,0.95,1.0,0.3,10,10.0,6669
6628,220,28,0.95,1.0,0.3,10,10.0,6670
6629,220,29,0.95,1.0,0.3,10,10.0,6671
6630,221,0,0.95,1.0,0.3,25,10.0,6672
6631,221,1,0.95,1.0,0.3,25,10.0,6673
6632,221,2,0.95,1.0,0.3,25,10.0,6674
6633,221,3,0.95,1.0,0.3,25,10.0,6675
6634,221,4,0.95,1.0,0.3,25,10.0,6676
6635,221,5,0.95,1.0,0.3,25,10.0,6677
6636,221,6,0.95,1.0,0.3,25,10.0,6678
6637,221,7,0.95,1.0,0.3,25,10.0,6679
6638,221,8,0.95,1.0,0.3,25,10.0,6680
6639,221,9,0.95,1.0,0.3,25,10.0,6681
6640,221,10,0.95,1.0,0.3,25,10.0,6682
6641,221,11,0.95,1.0,0.3,25,10.0,6683
6642,221,12,0.95,1.0,0.3,25,10.0,6684
6643,221,13,0.95,1.0,0.3,25,10.0,6685
6644,221,14,0.95,1.0,0.3,25,10.0,6686
6645,221,15,0.95,1.0,0.3,25,10.0,6687
6646,221,16,0.95,1.0,0.3,25,10.0,6688
6647,221,17,0.95,1.0,0.3,25,10.0,6689
6648,221,18,0.95,1.0,0.3,25,10.0,6690
6649,221,19,0.95,1.0,0.3,25,10.0,6691
6650,221,20,0.95,1.0,0.3,25,10.0,6692
6651,221,21,0.95,1.0,0.3,25,10.0,6693
6652,221,22,0.95,1.0,0.3,25,10.0,6694
6653,221,23,0.95,1.0,0.3,25,10.0,6695
6654,221,24,0.95,1.0,0.3,25,10.0,6696
6655,221,25,0.95,1.0,0.3,25,10.0,6697
6656,221,26,0.95,1.0,0.3,25,10.0,6698
6657,221,27,0.95,1.0,0.3,25,10.0,6699
6658,221,28,0.95,1.0,0.3,25,10.0,6700
6659,221,29,0.95,1.0,0.3,25,10.0,6701
6660,222,0,0.95,1.0,0.3,50,10.0,6702
6661,222,1,0.95,1.0,0.3,50,10.0,6703
6662,222,2,0.95,1.0,0.3,50,10.0,6704
6663,222,3,0.95,1.0,0.3,50,10.0,6705
6664,222,4,0.95,1.0,0.3,50,10.0,6706
6665,222,5,0.95,1.0,0.3,50,10.0,6707
6666,222,6,0.95,1.0,0.3,50,10.0,6708
6667,222,7,0.95,1.0,0.3,50,10.0,6709
6668,222,8,0.95,1.0,0.3,50,10.0,6710
6669,222,9,0.95,1.0,0.3,50,10.0,6711
6670,222,10,0.95,1.0,0.3,50,10.0,6712
6671,222,11,0.95,1.0,0.3,50,10.0,6713
6672,222,12,0.95,1.0,0.3,50,10.0,6714
6673,222,13,0.95,1.0,0.3,50,10.0,6715
6674,222,14,0.95,1.0,0.3,50,10.0,6716
6675,222,15,0.95,1.0,0.3,50,10.0,6717
6676,222,16,0.95,1.0,0.3,50,10.0,6718
6677,222,17,0.95,1.0,0.3,50,10.0,6719
6678,222,18,0.95,1.0,0.3,50,10.0,6720
6679,222,19,0.95,1.0,0.3,50,10.0,6721
6680,222,20,0.95,1.0,0.3,50,10.0,6722
6681,222,21,0.95,1.0,0.3,50,10.0,6723
6682,222,22,0.95,1.0,0.3,50,10.0,6724
6683,222,23,0.95,1.0,0.3,50,10.0,6725
6684,222,24,0.95,1.0,0.3,50,10.0,6726
6685,222,25,0.95,1.0,0.3,50,10.0,6727
6686,222,26,0.95,1.0,0.3,50,10.0,6728
6687,222,27,0.95,1.0,0.3,50,10.0,6729
6688,222,28,0.95,1.0,0.3,50,10.0,6730
6689,222,29,0.95,1.0,0.3,50,10.0,6731
6690,223,0,0.95,1.0,0.3,100,10.0,6732
6691,223,1,0.95,1.0,0.3,100,10.0,6733
6692,223,2,0.95,1.0,0.3,100,10.0,6734
6693,223,3,0.95,1.0,0.3,100,10.0,6735
6694,223,4,0.95,1.0,0.3,100,10.0,6736
6695,223,5,0.95,1.0,0.3,100,10.0,6737
6696,223,6,0.95,1.0,0.3,100,10.0,6738
6697,223,7,0.95,1.0,0.3,100,10.0,6739
6698,223,8,0.95,1.0,0.3,100,10.0,6740
6699,223,9,0.95,1.0,0.3,100,10.0,6741
6700,223,10,0.95,1.0,0.3,100,10.0,6742
6701,223,11,0.95,1.0,0.3,100,10.0,6743
6702,223,12,0.95,1.0,0.3,100,10.0,6744
6703,223,13,0.95,1.0,0.3,100,10.0,6745
6704,223,14,0.95,1.0,0.3,100,10.0,6746
6705,223,15,0.95,1.0,0.3,100,10.0,6747
6706,223,16,0.95,1.0,0.3,100,10.0,6748
6707,223,17,0.95,1.0,0.3,100,10.0,6749
6708,223,18,0.95,1.0,0.3,100,10.0,6750
6709,223,19,0.95,1.0,0.3,100,10.0,6751
6710,223,20,0.95,1.0,0.3,100,10.0,6752
6711,223,21,0.95,1.0,0.3,100,10.0,6753
6712,223,22,0.95,1.0,0.3,100,10.0,6754
6713,223,23,0.95,1.0,0.3,100,10.0,6755
6714,223,24,0.95,1.0,0.3,100,10.0,6756
6715,223,25,0.95,1.0,0.3,100,10.0,6757
6716,223,26,0.95,1.0,0.3,100,10.0,6758
6717,223,27,0.95,1.0,0.3,100,10.0,6759
6718,223,28,0.95,1.0,0.3,100,10.0,6760
6719,223,29,0.95,1.0,0.3,100,10.0,6761
6720,224,0,0.95,1.0,0.5,10,10.0,6762
6721,224,1,0.95,1.0,0.5,10,10.0,6763
6722,224,2,0.95,1.0,0.5,10,10.0,6764
6723,224,3,0.95,1.0,0.5,10,10.0,6765
6724,224,4,0.95,1.0,0.5,10,10.0,6766
6725,224,5,0.95,1.0,0.5,10,10.0,6767
6726,224,6,0.95,1.0,0.5,10,10.0,6768
6727,224,7,0.95,1.0,0.5,10,10.0,6769
6728,224,8,0.95,1.0,0.5,10,10.0,6770
6729,224,9,0.95,1.0,0.5,10,10.0,6771
6730,224,10,0.95,1.0,0.5,10,10.0,6772
6731,224,11,0.95,1.0,0.5,10,10.0,6773
6732,224,12,0.95,1.0,0.5,10,10.0,6774
6733,224,13,0.95,1.0,0.5,10,10.0,6775
6734,224,14,0.95,1.0,0.5,10,10.0,6776
6735,224,15,0.95,1.0,0.5,10,10.0,6777
6736,224,16,0.95,1.0,0.5,10,10.0,6778
6737,224,17,0.95,1.0,0.5,10,10.0,6779
6738,224,18,0.95,1.0,0.5,10,10.0,6780
6739,224,19,0.95,1.0,0.5,10,10.0,6781
6740,224,20,0.95,1.0,0.5,10,10.0,6782
6741,224,21,0.95,1.0,0.5,10,10.0,6783
6742,224,22,0.95,1.0,0.5,10,10.0,6784
6743,224,23,0.95,1.0,0.5,10,10.0,6785
6744,224,24,0.95,1.0,0.5,10,10.0,6786
6745,224,25,0.95,1.0,0.5,10,10.0,6787
6746,224,26,0.95,1.0,0.5,10,10.0,6788
6747,224,27,0.95,1.0,0.5,10,10.0,6789
6748,224,28,0.95,1.0,0.5,10,10.0,6790
6749,224,29,0.95,1.0,0.5,10,10.0,6791
6750,225,0,0.95,1.0,0.5,25,10.0,6792
6751,225,1,0.95,1.0,0.5,25,10.0,6793
6752,225,2,0.95,1.0,0.5,25,10.0,6794
6753,225,3,0.95,1.0,0.5,25,10.0,6795
6754,225,4,0.95,1.0,0.5,25,10.0,6796
6755,225,5,0.95,1.0,0.5,25,10.0,6797
6756,225,6,0.95,1.0,0.5,25,10.0,6798
6757,225,7,0.95,1.0,0.5,25,10.0,6799
6758,225,8,0.95,1.0,0.5,25,10.0,6800
6759,225,9,0.95,1.0,0.5,25,10.0,6801
6760,225,10,0.95,1.0,0.5,25,10.0,6802
6761,225,11,0.95,1.0,0.5,25,10.0,6803
6762,225,12,0.95,1.0,0.5,25,10.0,6804
6763,225,13,0.95,1.0,0.5,25,10.0,6805
6764,225,14,0.95,1.0,0.5,25,10.0,6806
6765,225,15,0.95,1.0,0.5,25,10.0,6807
6766,225,16,0.95,1.0,0.5,25,10.0,6808
6767,225,17,0.95,1.0,0.5,25,10.0,6809
6768,225,18,0.95,1.0,0.5,25,10.0,6810
6769,225,19,0.95,1.0,0.5,25,10.0,6811
6770,225,20,0.95,1.0,0.5,25,10.0,6812
6771,225,21,0.95,1.0,0.5,25,10.0,6813
6772,225,22,0.95,1.0,0.5,25,10.0,6814
6773,225,23,0.95,1.0,0.5,25,10.0,6815
6774,225,24,0.95,1.0,0.5,25,10.0,6816
6775,225,25,0.95,1.0,0.5,25,10.0,6817
6776,225,26,0.95,1.0,0.5,25,10.0,6818
6777,225,27,0.95,1.0,0.5,25,10.0,6819
6778,225,28,0.95,1.0,0.5,25,10.0,6820
6779,225,29,0.95,1.0,0.5,25,10.0,6821
6780,226,0,0.95,1.0,0.5,50,10.0,6822
6781,226,1,0.95,1.0,0.5,50,10.0,6823
6782,226,2,0.95,1.0,0.5,50,10.0,6824
6783,226,3,0.95,1.0,0.5,50,10.0,6825
6784,226,4,0.95,1.0,0.5,50,10.0,6826
6785,226,5,0.95,1.0,0.5,50,10.0,6827
6786,226,6,0.95,1.0,0.5,50,10.0,6828
6787,226,7,0.95,1.0,0.5,50,10.0,6829
6788,226,8,0.95,1.0,0.5,50,10.0,6830
6789,226,9,0.95,1.0,0.5,50,10.0,6831
6790,226,10,0.95,1.0,0.5,50,10.0,6832
6791,226,11,0.95,1.0,0.5,50,10.0,6833
6792,226,12,0.95,1.0,0.5,50,10.0,6834
6793,226,13,0.95,1.0,0.5,50,10.0,6835
6794,226,14,0.95,1.0,0.5,50,10.0,6836
6795,226,15,0.95,1.0,0.5,50,10.0,6837
6796,226,16,0.95,1.0,0.5,50,10.0,6838
6797,226,17,0.95,1.0,0.5,50,10.0,6839
6798,226,18,0.95,1.0,0.5,50,10.0,6840
6799,226,19,0.95,1.0,0.5,50,10.0,6841
6800,226,20,0.95,1.0,0.5,50,10.0,6842
6801,226,21,0.95,1.0,0.5,50,10.0,6843
6802,226,22,0.95,1.0,0.5,50,10.0,6844
6803,226,23,0.95,1.0,0.5,50,10.0,6845
6804,226,24,0.95,1.0,0.5,50,10.0,6846
6805,226,25,0.95,1.0,0.5,50,10.0,6847
6806,226,26,0.95,1.0,0.5,50,10.0,6848
6807,226,27,0.95,1.0,0.5,50,10.0,6849
6808,226,28,0.95,1.0,0.5,50,10.0,6850
6809,226,29,0.95,1.0,0.5,50,10.0,6851
6810,227,0,0.95,1.0,0.5,100,10.0,6852
6811,227,1,0.95,1.0,0.5,100,10.0,6853
6812,227,2,0.95,1.0,0.5,100,10.0,6854
6813,227,3,0.95,1.0,0.5,100,10.0,6855
6814,227,4,0.95,1.0,0.5,100,10.0,6856
6815,227,5,0.95,1.0,0.5,100,10.0,6857
6816,227,6,0.95,1.0,0.5,100,10.0,6858
6817,227,7,0.95,1.0,0.5,100,10.0,6859
6818,227,8,0.95,1.0,0.5,100,10.0,6860
6819,227,9,0.95,1.0,0.5,100,10.0,6861
6820,227,10,0.95,1.0,0.5,100,10.0,6862
6821,227,11,0.95,1.0,0.5,100,10.0,6863
6822,227,12,0.95,1.0,0.5,100,10.0,6864
6823,227,13,0.95,1.0,0.5,100,10.0,6865
6824,227,14,0.95,1.0,0.5,100,10.0,6866
6825,227,15,0.95,1.0,0.5,100,10.0,6867
6826,227,16,0.95,1.0,0.5,100,10.0,6868
6827,227,17,0.95,1.0,0.5,100,10.0,6869
6828,227,18,0.95,1.0,0.5,100,10.0,6870
6829,227,19,0.95,1.0,0.5,100,10.0,6871
6830,227,20,0.95,1.0,0.5,100,10.0,6872
6831,227,21,0.95,1.0,0.5,100,10.0,6873
6832,227,22,0.95,1.0,0.5,100,10.0,6874
6833,227,23,0.95,1.0,0.5,100,10.0,6875
6834,227,24,0.95,1.0,0.5,100,10.0,6876
6835,227,25,0.95,1.0,0.5,100,10.0,6877
6836,227,26,0.95,1.0,0.5,100,10.0,6878
6837,227,27,0.95,1.0,0.5,100,10.0,6879
6838,227,28,0.95,1.0,0.5,100,10.0,6880
6839,227,29,0.95,1.0,0.5,100,10.0,6881
6840,228,0,0.95,2.0,0.1,10,10.0,6882
6841,228,1,0.95,2.0,0.1,10,10.0,6883
6842,228,2,0.95,2.0,0.1,10,10.0,6884
6843,228,3,0.95,2.0,0.1,10,10.0,6885
6844,228,4,0.95,2.0,0.1,10,10.0,6886
6845,228,5,0.95,2.0,0.1,10,10.0,6887
6846,228,6,0.95,2.0,0.1,10,10.0,6888
6847,228,7,0.95,2.0,0.1,10,10.0,6889
6848,228,8,0.95,2.0,0.1,10,10.0,6890
6849,228,9,0.95,2.0,0.1,10,10.0,6891
6850,228,10,0.95,2.0,0.1,10,10.0,6892
6851,228,11,0.95,2.0,0.1,10,10.0,6893
6852,228,12,0.95,2.0,0.1,10,10.0,6894
6853,228,13,0.95,2.0,0.1,10,10.0,6895
6854,228,14,0.95,2.0,0.1,10,10.0,6896
6855,228,15,0.95,2.0,0.1,10,10.0,6897
6856,228,16,0.95,2.0,0.1,10,10.0,6898
6857,228,17,0.95,2.0,0.1,10,10.0,6899
6858,228,18,0.95,2.0,0.1,10,10.0,6900
6859,228,19,0.95,2.0,0.1,10,10.0,6901
6860,228,20,0.95,2.0,0.1,10,10.0,6902
6861,228,21,0.95,2.0,0.1,10,10.0,6903
6862,228,22,0.95,2.0,0.1,10,10.0,6904
6863,228,23,0.95,2.0,0.1,10,10.0,6905
6864,228,24,0.95,2.0,0.1,10,10.0,6906
6865,228,25,0.95,2.0,0.1,10,10.0,6907
6866,228,26,0.95,2.0,0.1,10,10.0,6908
6867,228,27,0.95,2.0,0.1,10,10.0,6909
6868,228,28,0.95,2.0,0.1,10,10.0,6910
6869,228,29,0.95,2.0,0.1,10,10.0,6911
6870,229,0,0.95,2.0,0.1,25,10.0,6912
6871,229,1,0.95,2.0,0.1,25,10.0,6913
6872,229,2,0.95,2.0,0.1,25,10.0,6914
6873,229,3,0.95,2.0,0.1,25,10.0,6915
6874,229,4,0.95,2.0,0.1,25,10.0,6916
6875,229,5,0.95,2.0,0.1,25,10.0,6917
6876,229,6,0.95,2.0,0.1,25,10.0,6918
6877,229,7,0.95,2.0,0.1,25,10.0,6919
6878,229,8,0.95,2.0,0.1,25,10.0,6920
6879,229,9,0.95,2.0,0.1,25,10.0,6921
6880,229,10,0.95,2.0,0.1,25,10.0,6922
6881,229,11,0.95,2.0,0.1,25,10.0,6923
6882,229,12,0.95,2.0,0.1,25,10.0,6924
6883,229,13,0.95,2.0,0.1,25,10.0,6925
6884,229,14,0.95,2.0,0.1,25,10.0,6926
6885,229,15,0.95,2.0,0.1,25,10.0,6927
6886,229,16,0.95,2.0,0.1,25,10.0,6928
6887,229,17,0.95,2.0,0.1,25,10.0,6929
6888,229,18,0.95,2.0,0.1,25,10.0,6930
6889,229,19,0.95,2.0,0.1,25,10.0,6931
6890,229,20,0.95,2.0,0.1,25,10.0,6932
6891,229,21,0.95,2.0,0.1,25,10.0,6933
6892,229,22,0.95,2.0,0.1,25,10.0,6934
6893,229,23,0.95,2.0,0.1,25,10.0,6935
6894,229,24,0.95,2.0,0.1,25,10.0,6936
6895,229,25,0.95,2.0,0.1,25,10.0,6937
6896,229,26,0.95,2.0,0.1,25,10.0,6938
6897,229,27,0.95,2.0,0.1,25,10.0,6939
6898,229,28,0.95,2.0,0.1,25,10.0,6940
6899,229,29,0.95,2.0,0.1,25,10.0,6941
6900,230,0,0.95,2.0,0.1,50,10.0,6942
6901,230,1,0.95,2.0,0.1,50,10.0,6943
6902,230,2,0.95,2.0,0.1,50,10.0,6944
6903,230,3,0.95,2.0,0.1,50,10.0,6945
6904,230,4,0.95,2.0,0.1,50,10.0,6946
6905,230,5,0.95,2.0,0.1,50,10.0,6947
6906,230,6,0.95,2.0,0.1,50,10.0,6948
6907,230,7,0.95,2.0,0.1,50,10.0,6949
6908,230,8,0.95,2.0,0.1,50,10.0,6950
6909,230,9,0.95,2.0,0.1,50,10.0,6951
6910,230,10,0.95,2.0,0.1,50,10.0,6952
6911,230,11,0.95,2.0,0.1,50,10.0,6953
6912,230,12,0.95,2.0,0.1,50,10.0,6954
6913,230,13,0.95,2.0,0.1,50,10.0,6955
6914,230,14,0.95,2.0,0.1,50,10.0,6956
6915,230,15,0.95,2.0,0.1,50,10.0,6957
6916,230,16,0.95,2.0,0.1,50,10.0,6958
6917,230,17,0.95,2.0,0.1,50,10.0,6959
6918,230,18,0.95,2.0,0.1,50,10.0,6960
6919,230,19,0.95,2.0,0.1,50,10.0,6961
6920,230,20,0.95,2.0,0.1,50,10.0,6962
6921,230,21,0.95,2.0,0.1,50,10.0,6963
6922,230,22,0.95,2.0,0.1,50,10.0,6964
6923,230,23,0.95,2.0,0.1,50,10.0,6965
6924,230,24,0.95,2.0,0.1,50,10.0,6966
6925,230,25,0.95,2.0,0.1,50,10.0,6967
6926,230,26,0.95,2.0,0.1,50,10.0,6968
6927,230,27,0.95,2.0,0.1,50,10.0,6969
6928,230,28,0.95,2.0,0.1,50,10.0,6970
6929,230,29,0.95,2.0,0.1,50,10.0,6971
6930,231,0,0.95,2.0,0.1,100,10.0,6972
6931,231,1,0.95,2.0,0.1,100,10.0,6973
6932,231,2,0.95,2.0,0.1,100,10.0,6974
6933,231,3,0.95,2.0,0.1,100,10.0,6975
6934,231,4,0.95,2.0,0.1,100,10.0,6976
6935,231,5,0.95,2.0,0.1,100,10.0,6977
6936,231,6,0.95,2.0,0.1,100,10.0,6978
6937,231,7,0.95,2.0,0.1,100,10.0,6979
6938,231,8,0.95,2.0,0.1,100,10.0,6980
6939,231,9,0.95,2.0,0.1,100,10.0,6981
6940,231,10,0.95,2.0,0.1,100,10.0,6982
6941,231,11,0.95,2.0,0.1,100,10.0,6983
6942,231,12,0.95,2.0,0.1,100,10.0,6984
6943,231,13,0.95,2.0,0.1,100,10.0,6985
6944,231,14,0.95,2.0,0.1,100,10.0,6986
6945,231,15,0.95,2.0,0.1,100,10.0,6987
6946,231,16,0.95,2.0,0.1,100,10.0,6988
6947,231,17,0.95,2.0,0.1,100,10.0,6989
6948,231,18,0.95,2.0,0.1,100,10.0,6990
6949,231,19,0.95,2.0,0.1,100,10.0,6991
6950,231,20,0.95,2.0,0.1,100,10.0,6992
6951,231,21,0.95,2.0,0.1,100,10.0,6993
6952,231,22,0.95,2.0,0.1,100,10.0,6994
6953,231,23,0.95,2.0,0.1,100,10.0,6995
6954,231,24,0.95,2.0,0.1,100,10.0,6996
6955,231,25,0.95,2.0,0.1,100,10.0,6997
6956,231,26,0.95,2.0,0.1,100,10.0,6998
6957,231,27,0.95,2.0,0.1,100,10.0,6999
6958,231,28,0.95,2.0,0.1,100,10.0,7000
6959,231,29,0.95,2.0,0.1,100,10.0,7001
6960,232,0,0.95,2.0,0.3,10,10.0,7002
6961,232,1,0.95,2.0,0.3,10,10.0,7003
6962,232,2,0.95,2.0,0.3,10,10.0,7004
6963,232,3,0.95,2.0,0.3,10,10.0,7005
6964,232,4,0.95,2.0,0.3,10,10.0,7006
6965,232,5,0.95,2.0,0.3,10,10.0,7007
6966,232,6,0.95,2.0,0.3,10,10.0,7008
6967,232,7,0.95,2.0,0.3,10,10.0,7009
6968,232,8,0.95,2.0,0.3,10,10.0,7010
6969,232,9,0.95,2.0,0.3,10,10.0,7011
6970,232,10,0.95,2.0,0.3,10,10.0,7012
6971,232,11,0.95,2.0,0.3,10,10.0,7013
6972,232,12,0.95,2.0,0.3,10,10.0,7014
6973,232,13,0.95,2.0,0.3,10,10.0,7015
6974,232,14,0.95,2.0,0.3,10,10.0,7016
6975,232,15,0.95,2.0,0.3,10,10.0,7017
6976,232,16,0.95,2.0,0.3,10,10.0,7018
6977,232,17,0.95,2.0,0.3,10,10.0,7019
6978,232,18,0.95,2.0,0.3,10,10.0,7020
6979,232,19,0.95,2.0,0.3,10,10.0,7021
6980,232,20,0.95,2.0,0.3,10,10.0,7022
6981,232,21,0.95,2.0,0.3,10,10.0,7023
6982,232,22,0.95,2.0,0.3,10,10.0,7024
6983,232,23,0.95,2.0,0.3,10,10.0,7025
6984,232,24,0.95,2.0,0.3,10,10.0,7026
6985,232,25,0.95,2.0,0.3,10,10.0,7027
6986,232,26,0.95,2.0,0.3,10,10.0,7028
6987,232,27,0.95,2.0,0.3,10,10.0,7029
6988,232,28,0.95,2.0,0.3,10,10.0,7030
6989,232,29,0.95,2.0,0.3,10,10.0,7031
6990,233,0,0.95,2.0,0.3,25,10.0,7032
6991,233,1,0.95,2.0,0.3,25,10.0,7033
6992,233,2,0.95,2.0,0.3,25,10.0,7034
6993,233,3,0.95,2.0,0.3,25,10.0,7035
6994,233,4,0.95,2.0,0.3,25,10.0,7036
6995,233,5,0.95,2.0,0.3,25,10.0,7037
6996,233,6,0.95,2.0,0.3,25,10.0,7038
6997,233,7,0.95,2.0,0.3,25,10.0,7039
6998,233,8,0.95,2.0,0.3,25,10.0,7040
6999,233,9,0.95,2.0,0.3,25,10.0,7041
7000,233,10,0.95,2.0,0.3,25,10.0,7042
7001,233,11,0.95,2.0,0.3,25,10.0,7043
7002,233,12,0.95,2.0,0.3,25,10.0,7044
7003,233,13,0.95,2.0,0.3,25,10.0,7045
7004,233,14,0.95,2.0,0.3,25,10.0,7046
7005,233,15,0.95,2.0,0.3,25,10.0,7047
7006,233,16,0.95,2.0,0.3,25,10.0,7048
7007,233,17,0.95,2.0,0.3,25,10.0,7049
7008,233,18,0.95,2.0,0.3,25,10.0,7050
7009,233,19,0.95,2.0,0.3,25,10.0,7051
7010,233,20,0.95,2.0,0.3,25,10.0,7052
7011,233,21,0.95,2.0,0.3,25,10.0,7053
7012,233,22,0.95,2.0,0.3,25,10.0,7054
7013,233,23,0.95,2.0,0.3,25,10.0,7055
7014,233,24,0.95,2.0,0.3,25,10.0,7056
7015,233,25,0.95,2.0,0.3,25,10.0,7057
7016,233,26,0.95,2.0,0.3,25,10.0,7058
7017,233,27,0.95,2.0,0.3,25,10.0,7059
7018,233,28,0.95,2.0,0.3,25,10.0,7060
7019,233,29,0.95,2.0,0.3,25,10.0,7061
7020,234,0,0.95,2.0,0.3,50,10.0,7062
7021,234,1,0.95,2.0,0.3,50,10.0,7063
7022,234,2,0.95,2.0,0.3,50,10.0,7064
7023,234,3,0.95,2.0,0.3,50,10.0,7065
7024,234,4,0.95,2.0,0.3,50,10.0,7066
7025,234,5,0.95,2.0,0.3,50,10.0,7067
7026,234,6,0.95,2.0,0.3,50,10.0,7068
7027,234,7,0.95,2.0,0.3,50,10.0,7069
7028,234,8,0.95,2.0,0.3,50,10.0,7070
7029,234,9,0.95,2.0,0.3,50,10.0,7071
7030,234,10,0.95,2.0,0.3,50,10.0,7072
7031,234,11,0.95,2.0,0.3,50,10.0,7073
7032,234,12,0.95,2.0,0.3,50,10.0,7074
7033,234,13,0.95,2.0,0.3,50,10.0,7075
7034,234,14,0.95,2.0,0.3,50,10.0,7076
7035,234,15,0.95,2.0,0.3,50,10.0,7077
7036,234,16,0.95,2.0,0.3,50,10.0,7078
7037,234,17,0.95,2.0,0.3,50,10.0,7079
7038,234,18,0.95,2.0,0.3,50,10.0,7080
7039,234,19,0.95,2.0,0.3,50,10.0,7081
7040,234,20,0.95,2.0,0.3,50,10.0,7082
7041,234,21,0.95,2.0,0.3,50,10.0,7083
7042,234,22,0.95,2.0,0.3,50,10.0,7084
7043,234,23,0.95,2.0,0.3,50,10.0,7085
7044,234,24,0.95,2.0,0.3,50,10.0,7086
7045,234,25,0.95,2.0,0.3,50,10.0,7087
7046,234,26,0.95,2.0,0.3,50,10.0,7088
7047,234,27,0.95,2.0,0.3,50,10.0,7089
7048,234,28,0.95,2.0,0.3,50,10.0,7090
7049,234,29,0.95,2.0,0.3,50,10.0,7091
7050,235,0,0.95,2.0,0.3,100,10.0,7092
7051,235,1,0.95,2.0,0.3,100,10.0,7093
7052,235,2,0.95,2.0,0.3,100,10.0,7094
7053,235,3,0.95,2.0,0.3,100,10.0,7095
7054,235,4,0.95,2.0,0.3,100,10.0,7096
7055,235,5,0.95,2.0,0.3,100,10.0,7097
7056,235,6,0.95,2.0,0.3,100,10.0,7098
7057,235,7,0.95,2.0,0.3,100,10.0,7099
7058,235,8,0.95,2.0,0.3,100,10.0,7100
7059,235,9,0.95,2.0,0.3,100,10.0,7101
7060,235,10,0.95,2.0,0.3,100,10.0,7102
7061,235,11,0.95,2.0,0.3,100,10.0,7103
7062,235,12,0.95,2.0,0.3,100,10.0,7104
7063,235,13,0.95,2.0,0.3,100,10.0,7105
7064,235,14,0.95,2.0,0.3,100,10.0,7106
7065,235,15,0.95,2.0,0.3,100,10.0,7107
7066,235,16,0.95,2.0,0.3,100,10.0,7108
7067,235,17,0.95,2.0,0.3,100,10.0,7109
7068,235,18,0.95,2.0,0.3,100,10.0,7110
7069,235,19,0.95,2.0,0.3,100,10.0,7111
7070,235,20,0.95,2.0,0.3,100,10.0,7112
7071,235,21,0.95,2.0,0.3,100,10.0,7113
7072,235,22,0.95,2.0,0.3,100,10.0,7114
7073,235,23,0.95,2.0,0.3,100,10.0,7115
7074,235,24,0.95,2.0,0.3,100,10.0,7116
7075,235,25,0.95,2.0,0.3,100,10.0,7117
7076,235,26,0.95,2.0,0.3,100,10.0,7118
7077,235,27,0.95,2.0,0.3,100,10.0,7119
7078,235,28,0.95,2.0,0.3,100,10.0,7120
7079,235,29,0.95,2.0,0.3,100,10.0,7121
7080,236,0,0.95,2.0,0.5,10,10.0,7122
7081,236,1,0.95,2.0,0.5,10,10.0,7123
7082,236,2,0.95,2.0,0.5,10,10.0,7124
7083,236,3,0.95,2.0,0.5,10,10.0,7125
7084,236,4,0.95,2.0,0.5,10,10.0,7126
7085,236,5,0.95,2.0,0.5,10,10.0,7127
7086,236,6,0.95,2.0,0.5,10,10.0,7128
7087,236,7,0.95,2.0,0.5,10,10.0,7129
7088,236,8,0.95,2.0,0.5,10,10.0,7130
7089,236,9,0.95,2.0,0.5,10,10.0,7131
7090,236,10,0.95,2.0,0.5,10,10.0,7132
7091,236,11,0.95,2.0,0.5,10,10.0,7133
7092,236,12,0.95,2.0,0.5,10,10.0,7134
7093,236,13,0.95,2.0,0.5,10,10.0,7135
7094,236,14,0.95,2.0,0.5,10,10.0,7136
7095,236,15,0.95,2.0,0.5,10,10.0,7137
7096,236,16,0.95,2.0,0.5,10,10.0,7138
7097,236,17,0.95,2.0,0.5,10,10.0,7139
7098,236,18,0.95,2.0,0.5,10,10.0,7140
7099,236,19,0.95,2.0,0.5,10,10.0,7141
7100,236,20,0.95,2.0,0.5,10,10.0,7142
7101,236,21,0.95,2.0,0.5,10,10.0,7143
7102,236,22,0.95,2.0,0.5,10,10.0,7144
7103,236,23,0.95,2.0,0.5,10,10.0,7145
7104,236,24,0.95,2.0,0.5,10,10.0,7146
7105,236,25,0.95,2.0,0.5,10,10.0,7147
7106,236,26,0.95,2.0,0.5,10,10.0,7148
7107,236,27,0.95,2.0,0.5,10,10.0,7149
7108,236,28,0.95,2.0,0.5,10,10.0,7150
7109,236,29,0.95,2.0,0.5,10,10.0,7151
7110,237,0,0.95,2.0,0.5,25,10.0,7152
7111,237,1,0.95,2.0,0.5,25,10.0,7153
7112,237,2,0.95,2.0,0.5,25,10.0,7154
7113,237,3,0.95,2.0,0.5,25,10.0,7155
7114,237,4,0.95,2.0,0.5,25,10.0,7156
7115,237,5,0.95,2.0,0.5,25,10.0,7157
7116,237,6,0.95,2.0,0.5,25,10.0,7158
7117,237,7,0.95,2.0,0.5,25,10.0,7159
7118,237,8,0.95,2.0,0.5,25,10.0,7160
7119,237,9,0.95,2.0,0.5,25,10.0,7161
7120,237,10,0.95,2.0,0.5,25,10.0,7162
7121,237,11,0.95,2.0,0.5,25,10.0,7163
7122,237,12,0.95,2.0,0.5,25,10.0,7164
7123,237,13,0.95,2.0,0.5,25,10.0,7165
7124,237,14,0.95,2.0,0.5,25,10.0,7166
7125,237,15,0.95,2.0,0.5,25,10.0,7167
7126,237,16,0.95,2.0,0.5,25,10.0,7168
7127,237,17,0.95,2.0,0.5,25,10.0,7169
7128,237,18,0.95,2.0,0.5,25,10.0,7170
7129,237,19,0.95,2.0,0.5,25,10.0,7171
7130,237,20,0.95,2.0,0.5,25,10.0,7172
7131,237,21,0.95,2.0,0.5,25,10.0,7173
7132,237,22,0.95,2.0,0.5,25,10.0,7174
7133,237,23,0.95,2.0,0.5,25,10.0,7175
7134,237,24,0.95,2.0,0.5,25,10.0,7176
7135,237,25,0.95,2.0,0.5,25,10.0,7177
7136,237,26,0.95,2.0,0.5,25,10.0,7178
7137,237,27,0.95,2.0,0.5,25,10.0,7179
7138,237,28,0.95,2.0,0.5,25,10.0,7180
7139,237,29,0.95,2.0,0.5,25,10.0,7181
7140,238,0,0.95,2.0,0.5,50,10.0,7182
7141,238,1,0.95,2.0,0.5,50,10.0,7183
7142,238,2,0.95,2.0,0.5,50,10.0,7184
7143,238,3,0.95,2.0,0.5,50,10.0,7185
7144,238,4,0.95,2.0,0.5,50,10.0,7186
7145,238,5,0.95,2.0,0.5,50,10.0,7187
7146,238,6,0.95,2.0,0.5,50,10.0,7188
7147,238,7,0.95,2.0,0.5,50,10.0,7189
7148,238,8,0.95,2.0,0.5,50,10.0,7190
7149,238,9,0.95,2.0,0.5,50,10.0,7191
7150,238,10,0.95,2.0,0.5,50,10.0,7192
7151,238,11,0.95,2.0,0.5,50,10.0,7193
7152,238,12,0.95,2.0,0.5,50,10.0,7194
7153,238,13,0.95,2.0,0.5,50,10.0,7195
7154,238,14,0.95,2.0,0.5,50,10.0,7196
7155,238,15,0.95,2.0,0.5,50,10.0,7197
7156,238,16,0.95,2.0,0.5,50,10.0,7198
7157,238,17,0.95,2.0,0.5,50,10.0,7199
7158,238,18,0.95,2.0,0.5,50,10.0,7200
7159,238,19,0.95,2.0,0.5,50,10.0,7201
7160,238,20,0.95,2.0,0.5,50,10.0,7202
7161,238,21,0.95,2.0,0.5,50,10.0,7203
7162,238,22,0.95,2.0,0.5,50,10.0,7204
7163,238,23,0.95,2.0,0.5,50,10.0,7205
7164,238,24,0.95,2.0,0.5,50,10.0,7206
7165,238,25,0.95,2.0,0.5,50,10.0,7207
7166,238,26,0.95,2.0,0.5,50,10.0,7208
7167,238,27,0.95,2.0,0.5,50,10.0,7209
7168,238,28,0.95,2.0,0.5,50,10.0,7210
7169,238,29,0.95,2.0,0.5,50,10.0,7211
7170,239,0,0.95,2.0,0.5,100,10.0,7212
7171,239,1,0.95,2.0,0.5,100,10.0,7213
7172,239,2,0.95,2.0,0.5,100,10.0,7214
7173,239,3,0.95,2.0,0.5,100,10.0,7215
7174,239,4,0.95,2.0,0.5,100,10.0,7216
7175,239,5,0.95,2.0,0.5,100,10.0,7217
7176,239,6,0.95,2.0,0.5,100,10.0,7218
7177,239,7,0.95,2.0,0.5,100,10.0,7219
7178,239,8,0.95,2.0,0.5,100,10.0,7220
7179,239,9,0.95,2.0,0.5,100,10.0,7221
7180,239,10,0.95,2.0,0.5,100,10.0,7222
7181,239,11,0.95,2.0,0.5,100,10.0,7223
7182,239,12,0.95,2.0,0.5,100,10.0,7224
7183,239,13,0.95,2.0,0.5,100,10.0,7225
7184,239,14,0.95,2.0,0.5,100,10.0,7226
7185,239,15,0.95,2.0,0.5,100,10.0,7227
7186,239,16,0.95,2.0,0.5,100,10.0,7228
7187,239,17,0.95,2.0,0.5,100,10.0,7229
7188,239,18,0.95,2.0,0.5,100,10.0,7230
7189,239,19,0.95,2.0,0.5,100,10.0,7231
7190,239,20,0.95,2.0,0.5,100,10.0,7232
7191,239,21,0.95,2.0,0.5,100,10.0,7233
7192,239,22,0.95,2.0,0.5,100,10.0,7234
7193,239,23,0.95,2.0,0.5,100,10.0,7235
7194,239,24,0.95,2.0,0.5,100,10.0,7236
7195,239,25,0.95,2.0,0.5,100,10.0,7237
7196,239,26,0.95,2.0,0.5,100,10.0,7238
7197,239,27,0.95,2.0,0.5,100,10.0,7239
7198,239,28,0.95,2.0,0.5,100,10.0,7240
7199,239,29,0.95,2.0,0.5,100,10.0,7241
