run_id,condition_id,replication,p_detection,lambda_attack_rate,alpha_decay_rate,n_packets_per_attack,sim_duration_min,random_seed,observed_detection_rate,observed_packet_detection_rate,total_attacks,total_detected,mean_inter_arrival_time,attack_counts_per_interval,inter_arrival_times,final_throughput,throughput_timeseries,mean_throughput,initial_throughput
0,0,0,0.7,0.5,0.1,10,10.0,42,1.0,0.68082234798342,8,8,1.2722885452292818,"[1, 1, 3, 0, 0, 0, 1, 1, 0, 0]","[1.2831, 0.6877, 0.6438, 1.7578, 0.5939, 2.6674]",35.10507434552843,"[[0.0, 100.0], [0.53, 94.21], [1.05, 90.24], [1.58, 85.51], [2.11, 81.23], [2.63, 77.73], [3.16, 73.14], [3.68, 69.86], [4.21, 65.7], [4.74, 62.56], [5.26, 59.71], [5.79, 54.59], [6.32, 52.86], [6.84, 49.98], [7.37, 47.22], [7.89, 45.13], [8.42, 44.58], [8.95, 40.01], [9.47, 39.74], [10.0, 35.11]]",63.45587582434555,100.0
1,0,1,0.7,0.5,0.1,10,10.0,43,1.0,0.719432459639724,2,2,3.2155705572342836,"[1, 0, 0, 2, 0, 0, 0, 0, 2, 0]","[1.3644, 6.5046, 1.8316, 3.1617]",38.18925978463745,"[[0.0, 100.0], [0.53, 94.94], [1.05, 90.02], [1.58, 83.34], [2.11, 81.57], [2.63, 77.26], [3.16, 71.75], [3.68, 71.1], [4.21, 64.41], [4.74, 60.59], [5.26, 57.27], [5.79, 56.07], [6.32, 53.51], [6.84, 50.89], [7.37, 47.52], [7.89, 44.6], [8.42, 43.92], [8.95, 39.97], [9.47, 37.57], [10.0, 38.19]]",63.22494441400654,100.0
2,0,2,0.7,0.5,0.1,10,10.0,44,1.0,0.6897608098090229,4,4,2.6053086408549473,"[1, 3, 2, 0, 0, 1, 0, 0, 0, 1]","[4.8787, 0.9136, 0.7855, 0.9105, 5.6355, 3.5141, 1.5992]",36.08596013094713,"[[0.0, 100.0], [0.53, 95.79], [1.05, 90.45], [1.58, 85.65], [2.11, 81.81], [2.63, 77.49], [3.16, 72.06], [3.68, 69.69], [4.21, 65.69], [4.74, 63.99], [5.26, 58.87], [5.79, 57.3], [6.32, 52.02], [6.84, 50.76], [7.37, 47.15], [7.89, 44.53], [8.42, 43.87], [8.95, 39.89], [9.47, 38.64], [10.0, 36.09]]",63.586328104604,100.0
3,0,3,0.7,0.5,0.1,10,10.0,45,1.0,0.7148009379360643,10,10,0.567854038741784,"[1, 1, 0, 0, 0, 0, 1, 1, 0, 1]","[0.099, 0.973, 0.3978, 0.8017]",38.28081960420922,"[[0.0, 100.0], [0.53, 93.01], [1.05, 90.53], [1.58, 86.37], [2.11, 81.24], [2.63, 75.01], [3.16, 72.56], [3.68, 68.36], [4.21, 66.0], [4.74, 63.42], [5.26, 59.72], [5.79, 55.01], [6.32, 53.96], [6.84, 50.46], [7.37, 48.85], [7.89, 45.11], [8.42, 43.27], [8.95, 40.8], [9.47, 38.54], [10.0, 38.28]]",63.526253034808306,100.0
4,0,4,0.7,0.5,0.1,10,10.0,46,1.0,0.7105059118601332,5,5,0.3786203718504827,"[1, 0, 0, 0, 0, 0, 1, 0, 1, 0]","[0.3957, 0.3616]",38.01627080888151,"[[0.0, 98.0], [0.53, 94.46], [1.05, 90.51], [1.58, 87.33], [2.11, 82.19], [2.63, 75.76], [3.16, 73.89], [3.68, 68.75], [4.21, 65.51], [4.74, 61.94], [5.26, 59.39], [5.79, 57.74], [6.32, 52.2], [6.84, 51.31], [7.37, 47.94], [7.89, 46.22], [8.42, 43.93], [8.95, 40.76], [9.47, 39.45], [10.0, 38.02]]",63.76464213513175,100.0
5,1,0,0.7,0.5,0.1,50,10.0,47,1.0,0.717622846974204,6,6,2.9842500763715583,"[1, 0, 2, 1, 0, 0, 3, 1, 0, 0]","[3.8766, 1.6564, 3.084, 2.8395, 0.5015, 2.6162, 6.3155]",38.15934895525227,"[[0.0, 100.0], [0.53, 95.02], [1.05, 90.04], [1.58, 85.86], [2.11, 81.15], [2.63, 76.1], [3.16, 74.76], [3.68, 70.07], [4.21, 66.02], [4.74, 61.45], [5.26, 57.97], [5.79, 56.97], [6.32, 53.48], [6.84, 50.96], [7.37, 46.83], [7.89, 45.45], [8.42, 41.86], [8.95, 40.45], [9.47, 38.72], [10.0, 38.16]]",63.565886668606254,100.0
6,1,1,0.7,0.5,0.1,50,10.0,48,1.0,0.708527240265875,9,9,5.021667970922543,"[0, 1, 0, 0, 2, 0, 0, 1, 0, 0]","[2.9891, 3.1898, 8.8861]",36.45866864332995,"[[0.0, 100.0], [0.53, 95.96], [1.05, 92.48], [1.58, 84.22], [2.11, 81.4], [2.63, 78.17], [3.16, 73.7], [3.68, 70.72], [4.21, 66.91], [4.74, 62.39], [5.26, 59.17], [5.79, 54.88], [6.32, 52.52], [6.84, 49.81], [7.37, 49.5], [7.89, 46.32], [8.42, 42.25], [8.95, 41.05], [9.47, 38.81], [10.0, 36.46]]",63.8359915822143,100.0
7,1,2,0.7,0.5,0.1,50,10.0,49,1.0,0.6996777783438829,5,5,1.2368110096827327,"[0, 2, 0, 0, 1, 1, 0, 0, 1, 1]","[4.8073, 0.5292, 0.0869, 0.4234, 0.3373]",36.94601351417072,"[[0.0, 100.0], [0.53, 94.85], [1.05, 90.09], [1.58, 84.8], [2.11, 82.24], [2.63, 77.6], [3.16, 73.64], [3.68, 68.41], [4.21, 65.66], [4.74, 63.54], [5.26, 60.71], [5.79, 56.98], [6.32, 52.76], [6.84, 51.34], [7.37, 48.93], [7.89, 44.92], [8.42, 43.03], [8.95, 41.44], [9.47, 40.02], [10.0, 36.95]]",63.89575562537651,100.0
8,1,3,0.7,0.5,0.1,50,10.0,50,1.0,0.7000395926966594,6,6,0.8045498775855117,"[0, 1, 1, 0, 0, 0, 1, 0, 0, 0]","[0.9039, 0.7052]",36.537100794692776,"[[0.0, 98.87], [0.53, 95.32], [1.05, 90.33], [1.58, 85.83], [2.11, 81.27], [2.63, 77.91], [3.16, 74.93], [3.68, 68.98], [4.21, 64.82], [4.74, 62.59], [5.26, 61.17], [5.79, 56.09], [6.32, 52.95], [6.84, 49.81], [7.37, 46.79], [7.89, 44.31], [8.42, 45.94], [8.95, 40.16], [9.47, 37.58], [10.0, 36.54]]",63.60975981274405,100.0
9,1,4,0.7,0.5,0.1,50,10.0,51,1.0,0.7059654635320567,5,5,0.24366913998000136,"[0, 1, 1, 0, 1, 1, 0, 0, 0, 0]","[0.3076, 0.29, 0.1334]",37.05303736627226,"[[0.0, 100.0], [0.53, 93.91], [1.05, 89.12], [1.58, 85.79], [2.11, 81.26], [2.63, 75.73], [3.16, 72.28], [3.68, 69.16], [4.21, 66.5], [4.74, 60.78], [5.26, 59.75], [5.79, 56.56], [6.32, 55.23], [6.84, 48.05], [7.37, 47.52], [7.89, 45.01], [8.42, 44.62], [8.95, 39.69], [9.47, 38.22], [10.0, 37.05]]",63.312208963496644,100.0
10,2,0,0.7,0.5,0.3,10,10.0,52,1.0,0.7035672885759863,3,3,3.295038180032569,"[0, 2, 0, 0, 1, 0, 0, 1, 0, 1]","[4.9157, 1.5967, 0.3519, 6.3159]",7.195733421082672,"[[0.0, 99.97], [0.53, 85.79], [1.05, 72.53], [1.58, 63.62], [2.11, 53.39], [2.63, 46.2], [3.16, 37.75], [3.68, 30.56], [4.21, 29.06], [4.74, 24.51], [5.26, 21.32], [5.79, 17.76], [6.32, 14.73], [6.84, 12.6], [7.37, 11.99], [7.89, 8.62], [8.42, 7.73], [8.95, 6.81], [9.47, 6.17], [10.0, 7.2]]",32.91599360341758,100.0
11,2,1,0.7,0.5,0.3,10,10.0,53,1.0,0.7102691602119727,2,2,1.9992822275707314,"[1, 2, 0, 0, 1, 2, 0, 1, 0, 0]","[1.6179, 1.9574, 2.2818, 1.7713, 2.4838, 1.8835]",4.047439136116512,"[[0.0, 97.22], [0.53, 86.16], [1.05, 71.59], [1.58, 60.87], [2.11, 54.53], [2.63, 44.52], [3.16, 37.45], [3.68, 33.13], [4.21, 27.01], [4.74, 24.89], [5.26, 19.83], [5.79, 17.7], [6.32, 16.54], [6.84, 14.86], [7.37, 8.7], [7.89, 8.86], [8.42, 7.59], [8.95, 7.68], [9.47, 5.39], [10.0, 4.05]]",32.42833928225007,100.0
12,2,2,0.7,0.5,0.3,10,10.0,54,1.0,0.7010780216628645,3,3,1.5537725916573257,"[2, 1, 0, 1, 2, 1, 1, 0, 0, 1]","[6.4576, 1.0646, 0.0541, 0.0556, 0.3147, 2.4763, 1.5082, 0.4991]",4.702997982251186,"[[0.0, 99.01], [0.53, 84.63], [1.05, 73.3], [1.58, 61.36], [2.11, 52.04], [2.63, 44.68], [3.16, 37.75], [3.68, 32.08], [4.21, 29.17], [4.74, 26.01], [5.26, 20.61], [5.79, 17.96], [6.32, 14.81], [6.84, 13.37], [7.37, 9.79], [7.89, 9.5], [8.42, 9.44], [8.95, 5.81], [9.47, 5.55], [10.0, 4.7]]",32.57772657800226,100.0
13,2,3,0.7,0.5,0.3,10,10.0,55,1.0,0.7008910907683774,8,8,2.8747086980407914,"[1, 0, 0, 0, 0, 0, 0, 0, 0, 0]",[2.8747],5.135644526793422,"[[0.0, 100.0], [0.53, 84.4], [1.05, 74.2], [1.58, 63.31], [2.11, 54.45], [2.63, 47.13], [3.16, 38.54], [3.68, 33.28], [4.21, 30.44], [4.74, 25.58], [5.26, 21.77], [5.79, 16.34], [6.32, 17.12], [6.84, 13.5], [7.37, 12.04], [7.89, 7.77], [8.42, 8.47], [8.95, 4.63], [9.47, 6.76], [10.0, 5.14]]",33.24386412045394,100.0
14,2,4,0.7,0.5,0.3,10,10.0,56,1.0,0.7025070310381855,4,4,1.226143859440605,"[0, 0, 1, 2, 0, 0, 1, 0, 0, 0]","[2.2201, 0.555, 0.9033]",4.627351409600012,"[[0.0, 100.0], [0.53, 86.27], [1.05, 73.9], [1.58, 62.64], [2.11, 53.35], [2.63, 45.94], [3.16, 39.68], [3.68, 34.1], [4.21, 27.47], [4.74, 23.87], [5.26, 21.37], [5.79, 17.74], [6.32, 15.02], [6.84, 13.8], [7.37, 10.88], [7.89, 10.0], [8.42, 6.84], [8.95, 8.55], [9.47, 5.24], [10.0, 4.63]]",33.06405621880997,100.0
15,3,0,0.7,0.5,0.3,50,10.0,57,1.0,0.6834485601392736,5,5,2.2454168799555148,"[2, 1, 0, 0, 0, 0, 2, 0, 1, 2]","[0.4355, 5.1683, 3.313, 1.9677, 0.8169, 0.8155, 3.2011]",6.4733062720133425,"[[0.0, 100.0], [0.53, 84.93], [1.05, 73.45], [1.58, 61.36], [2.11, 53.53], [2.63, 44.55], [3.16, 39.21], [3.68, 32.38], [4.21, 27.87], [4.74, 23.35], [5.26, 21.02], [5.79, 17.85], [6.32, 15.29], [6.84, 11.92], [7.37, 10.81], [7.89, 8.27], [8.42, 7.6], [8.95, 7.02], [9.47, 5.94], [10.0, 6.47]]",32.64087105087054,100.0
16,3,1,0.7,0.5,0.3,50,10.0,58,1.0,0.6937602193777096,5,5,1.1286034677249255,"[1, 0, 0, 2, 0, 0, 0, 1, 0, 1]","[1.4339, 0.0236, 1.0228, 2.034]",6.002181167732156,"[[0.0, 100.0], [0.53, 85.1], [1.05, 73.64], [1.58, 61.67], [2.11, 52.36], [2.63, 43.77], [3.16, 39.66], [3.68, 31.51], [4.21, 28.14], [4.74, 25.61], [5.26, 20.79], [5.79, 16.93], [6.32, 16.54], [6.84, 14.69], [7.37, 9.8], [7.89, 8.24], [8.42, 5.37], [8.95, 6.66], [9.47, 4.77], [10.0, 6.0]]",32.56225359603063,100.0
17,3,2,0.7,0.5,0.3,50,10.0,59,1.0,0.7050462549213266,4,4,2.9816567807498657,"[0, 1, 0, 1, 0, 0, 0, 0, 0, 0]",[2.9817],4.327301440844908,"[[0.0, 99.56], [0.53, 84.86], [1.05, 71.54], [1.58, 63.41], [2.11, 53.46], [2.63, 46.37], [3.16, 40.03], [3.68, 32.59], [4.21, 29.56], [4.74, 24.57], [5.26, 21.18], [5.79, 16.05], [6.32, 15.72], [6.84, 12.55], [7.37, 10.41], [7.89, 9.41], [8.42, 7.51], [8.95, 6.51], [9.47, 5.06], [10.0, 4.33]]",32.73354794119565,100.0
18,3,3,0.7,0.5,0.3,50,10.0,60,1.0,0.7214755886957167,2,2,0.317130716647586,"[2, 0, 1, 0, 1, 0, 0, 0, 0, 0]","[0.1115, 0.8333, 0.0065]",5.407388793698435,"[[0.0, 98.88], [0.53, 84.14], [1.05, 74.23], [1.58, 63.7], [2.11, 54.72], [2.63, 44.67], [3.16, 37.81], [3.68, 32.88], [4.21, 28.82], [4.74, 25.1], [5.26, 21.15], [5.79, 17.98], [6.32, 15.03], [6.84, 12.35], [7.37, 11.79], [7.89, 8.0], [8.42, 9.69], [8.95, 6.35], [9.47, 3.88], [10.0, 5.41]]",32.82918063326632,100.0
19,3,4,0.7,0.5,0.3,50,10.0,61,1.0,0.7161151386228011,10,10,2.914617796078929,"[1, 0, 1, 1, 0, 2, 0, 0, 0, 0]","[0.1875, 1.0568, 6.8676, 3.5465]",3.466119464192028,"[[0.0, 99.9], [0.53, 85.45], [1.05, 72.18], [1.58, 62.14], [2.11, 54.65], [2.63, 46.53], [3.16, 37.07], [3.68, 32.9], [4.21, 28.48], [4.74, 23.62], [5.26, 19.97], [5.79, 17.57], [6.32, 16.05], [6.84, 13.92], [7.37, 11.03], [7.89, 10.22], [8.42, 7.92], [8.95, 7.24], [9.47, 5.64], [10.0, 3.47]]",32.79693939216119,100.0
20,4,0,0.7,0.5,0.5,10,10.0,62,1.0,0.6974535674744352,9,9,1.8806441335454385,"[1, 1, 0, 0, 1, 0, 1, 2, 0, 2]","[0.3764, 0.0912, 1.0221, 0.4112, 5.0211, 0.6354, 5.6071]",0.0,"[[0.0, 99.52], [0.53, 77.63], [1.05, 59.95], [1.58, 45.87], [2.11, 33.18], [2.63, 26.96], [3.16, 19.84], [3.68, 15.49], [4.21, 10.1], [4.74, 8.7], [5.26, 7.68], [5.79, 5.59], [6.32, 4.52], [6.84, 4.53], [7.37, 4.03], [7.89, 2.8], [8.42, 2.51], [8.95, 2.29], [9.47, 0.0], [10.0, 0.0]]",21.55936238077596,100.0
21,4,1,0.7,0.5,0.5,10,10.0,63,1.0,0.7266519317064281,5,5,0.94110943963686,"[0, 0, 0, 0, 0, 0, 1, 0, 1, 0]",[0.9411],0.008427915831292432,"[[0.0, 100.0], [0.53, 77.89], [1.05, 58.51], [1.58, 47.18], [2.11, 35.99], [2.63, 27.57], [3.16, 21.49], [3.68, 15.8], [4.21, 10.92], [4.74, 8.94], [5.26, 6.54], [5.79, 6.55], [6.32, 3.36], [6.84, 3.58], [7.37, 3.05], [7.89, 0.32], [8.42, 1.16], [8.95, 1.28], [9.47, 2.26], [10.0, 0.01]]",21.619316692972088,100.0
22,4,2,0.7,0.5,0.5,10,10.0,64,1.0,0.6811946647689526,5,5,4.79463674648907,"[1, 1, 0, 1, 0, 0, 2, 1, 0, 0]","[7.6019, 1.5801, 5.4517, 0.5738, 8.7657]",1.5237624127439908,"[[0.0, 100.0], [0.53, 77.08], [1.05, 59.73], [1.58, 47.11], [2.11, 37.46], [2.63, 26.85], [3.16, 21.87], [3.68, 16.07], [4.21, 10.79], [4.74, 10.69], [5.26, 7.47], [5.79, 5.6], [6.32, 4.54], [6.84, 2.84], [7.37, 4.49], [7.89, 4.88], [8.42, 2.92], [8.95, 0.98], [9.47, 0.0], [10.0, 1.52]]",22.145327741518052,100.0
23,4,3,0.7,0.5,0.5,10,10.0,65,1.0,0.6848992043894196,3,3,3.0912046663033412,"[0, 0, 0, 0, 1, 0, 1, 0, 1, 0]","[3.3619, 2.8205]",0.0,"[[0.0, 99.1], [0.53, 77.01], [1.05, 58.84], [1.58, 46.4], [2.11, 36.62], [2.63, 26.64], [3.16, 19.16], [3.68, 15.03], [4.21, 12.07], [4.74, 7.89], [5.26, 9.37], [5.79, 7.93], [6.32, 3.75], [6.84, 4.16], [7.37, 2.9], [7.89, 3.12], [8.42, 3.16], [8.95, 0.99], [9.47, 2.36], [10.0, 0.0]]",21.825013880294396,100.0
24,4,4,0.7,0.5,0.5,10,10.0,66,1.0,0.7194580790848459,6,6,1.0760567883062468,"[0, 0, 0, 0, 0, 0, 0, 1, 0, 2]","[1.0486, 1.1035]",2.264112459130206,"[[0.0, 98.94], [0.53, 76.8], [1.05, 57.07], [1.58, 46.96], [2.11, 34.23], [2.63, 26.6], [3.16, 22.24], [3.68, 14.83], [4.21, 12.18], [4.74, 8.68], [5.26, 7.78], [5.79, 4.86], [6.32, 4.52], [6.84, 2.45], [7.37, 3.5], [7.89, 1.4], [8.42, 0.2], [8.95, 1.4], [9.47, 0.0], [10.0, 2.26]]",21.345007008359485,100.0
25,5,0,0.7,0.5,0.5,50,10.0,67,1.0,0.7187500958736346,4,4,1.5218030222916137,"[0, 0, 3, 0, 0, 0, 0, 1, 0, 1]","[2.756, 3.0158, 0.044, 0.2714]",0.16435909813311012,"[[0.0, 99.47], [0.53, 76.59], [1.05, 57.29], [1.58, 45.64], [2.11, 34.51], [2.63, 26.58], [3.16, 20.31], [3.68, 13.97], [4.21, 11.26], [4.74, 8.26], [5.26, 8.15], [5.79, 5.39], [6.32, 3.32], [6.84, 3.68], [7.37, 1.54], [7.89, 1.7], [8.42, 1.03], [8.95, 0.0], [9.47, 0.0], [10.0, 0.16]]",20.94297957950861,100.0
26,5,1,0.7,0.5,0.5,50,10.0,68,1.0,0.7273747583442572,8,8,0.4234348819516875,"[1, 0, 0, 0, 0, 0, 0, 0, 0, 0]",[0.4234],0.7381206783946511,"[[0.0, 100.0], [0.53, 77.57], [1.05, 57.43], [1.58, 44.99], [2.11, 34.97], [2.63, 28.11], [3.16, 20.48], [3.68, 16.23], [4.21, 10.93], [4.74, 11.04], [5.26, 7.1], [5.79, 6.53], [6.32, 4.29], [6.84, 3.64], [7.37, 2.13], [7.89, 2.33], [8.42, 2.19], [8.95, 1.56], [9.47, 0.61], [10.0, 0.74]]",21.643193444094496,100.0
27,5,2,0.7,0.5,0.5,50,10.0,69,1.0,0.7093923285254564,8,8,2.747980211075849,"[1, 0, 0, 2, 0, 0, 0, 0, 1, 2]","[1.509, 2.0665, 4.4734, 3.9629, 1.728]",0.6573420608200989,"[[0.0, 98.21], [0.53, 79.03], [1.05, 59.89], [1.58, 45.96], [2.11, 34.85], [2.63, 27.87], [3.16, 20.15], [3.68, 16.37], [4.21, 12.46], [4.74, 10.05], [5.26, 5.79], [5.79, 4.31], [6.32, 2.96], [6.84, 1.63], [7.37, 1.22], [7.89, 0.98], [8.42, 1.33], [8.95, 1.08], [9.47, 1.69], [10.0, 0.66]]",21.324305904499305,100.0
28,5,3,0.7,0.5,0.5,50,10.0,70,1.0,0.6916348158760683,6,6,2.9731001837766318,"[0, 0, 1, 0, 0, 0, 0, 0, 0, 0]",[2.9731],0.009840704877580153,"[[0.0, 100.0], [0.53, 77.3], [1.05, 57.46], [1.58, 44.78], [2.11, 35.79], [2.63, 25.76], [3.16, 18.92], [3.68, 15.78], [4.21, 12.69], [4.74, 10.62], [5.26, 7.89], [5.79, 5.63], [6.32, 4.92], [6.84, 3.5], [7.37, 2.48], [7.89, 3.27], [8.42, 1.18], [8.95, 1.56], [9.47, 0.0], [10.0, 0.01]]",21.477032762792334,100.0
29,5,4,0.7,0.5,0.5,50,10.0,71,1.0,0.700909104471934,5,5,5.521295938786284,"[0, 1, 0, 0, 1, 0, 0, 0, 1, 1]","[1.2962, 4.1109, 11.1567]",0.10268757104570592,"[[0.0, 100.0], [0.53, 75.93], [1.05, 59.0], [1.58, 45.68], [2.11, 36.42], [2.63, 26.6], [3.16, 20.72], [3.68, 16.51], [4.21, 12.98], [4.74, 9.25], [5.26, 8.1], [5.79, 4.53], [6.32, 3.73], [6.84, 2.58], [7.37, 2.19], [7.89, 2.53], [8.42, 1.5], [8.95, 2.09], [9.47, 0.0], [10.0, 0.1]]",21.521862873519435,100.0
30,6,0,0.7,1.0,0.1,10,10.0,72,1.0,0.7051784264674602,14,14,1.208619237719615,"[2, 1, 2, 1, 2, 1, 2, 0, 2, 1]","[1.3124, 1.293, 1.1232, 0.8643, 0.2405, 1.1928, 3.0483, 0.4157, 0.6231, 0.4461, 0.8083, 4.0839, 0.2606]",35.33992726336712,"[[0.0, 99.43], [0.53, 96.19], [1.05, 90.45], [1.58, 84.77], [2.11, 79.44], [2.63, 76.24], [3.16, 72.74], [3.68, 69.2], [4.21, 66.32], [4.74, 61.04], [5.26, 58.65], [5.79, 55.74], [6.32, 54.22], [6.84, 50.98], [7.37, 47.9], [7.89, 45.23], [8.42, 41.88], [8.95, 40.9], [9.47, 36.42], [10.0, 35.34]]",63.153741347293796,100.0
31,6,1,0.7,1.0,0.1,10,10.0,73,1.0,0.6682229986901282,10,10,1.5094128937945925,"[1, 0, 1, 1, 1, 0, 0, 2, 1, 0]","[0.6722, 1.0188, 1.1847, 0.4836, 2.0821, 3.6152]",37.806558019341175,"[[0.0, 99.45], [0.53, 96.22], [1.05, 90.71], [1.58, 85.8], [2.11, 81.34], [2.63, 77.42], [3.16, 74.34], [3.68, 69.82], [4.21, 67.12], [4.74, 62.54], [5.26, 59.12], [5.79, 56.4], [6.32, 52.91], [6.84, 50.98], [7.37, 45.32], [7.89, 44.98], [8.42, 42.51], [8.95, 39.9], [9.47, 39.44], [10.0, 37.81]]",63.707219797821004,100.0
32,6,2,0.7,1.0,0.1,10,10.0,74,1.0,0.7049716153991458,15,15,1.6187693726932004,"[0, 0, 0, 0, 1, 1, 0, 2, 0, 3]","[2.7471, 1.2489, 2.0093, 0.4597, 0.8557, 2.3919]",35.98825453000111,"[[0.0, 100.0], [0.53, 93.61], [1.05, 90.29], [1.58, 87.53], [2.11, 78.84], [2.63, 76.4], [3.16, 73.35], [3.68, 67.4], [4.21, 66.75], [4.74, 60.36], [5.26, 59.16], [5.79, 55.79], [6.32, 52.24], [6.84, 52.93], [7.37, 46.81], [7.89, 47.49], [8.42, 43.87], [8.95, 42.69], [9.47, 38.82], [10.0, 35.99]]",63.51698751025185,100.0
33,6,3,0.7,1.0,0.1,10,10.0,75,1.0,0.6969723710182242,7,7,0.9439347239009124,"[1, 0, 0, 4, 3, 0, 1, 2, 0, 1]","[0.2474, 2.2836, 0.3443, 0.2675, 1.3987, 3.4041, 0.3829, 0.0235, 1.0709, 0.9121, 0.0484]",35.67544597639098,"[[0.0, 97.93], [0.53, 94.84], [1.05, 89.78], [1.58, 83.6], [2.11, 81.98], [2.63, 76.97], [3.16, 74.62], [3.68, 69.83], [4.21, 65.41], [4.74, 59.92], [5.26, 57.97], [5.79, 56.89], [6.32, 54.9], [6.84, 50.75], [7.37, 46.97], [7.89, 46.09], [8.42, 42.74], [8.95, 39.54], [9.47, 39.53], [10.0, 35.68]]",63.29701890871835,100.0
34,6,4,0.7,1.0,0.1,10,10.0,76,1.0,0.6972521906735255,12,12,0.6434505824956678,"[0, 4, 1, 0, 1, 2, 1, 2, 0, 1]","[0.3517, 1.3746, 0.3437, 1.5847, 0.1731, 0.1794, 0.7891, 0.4256, 0.6474, 0.9752, 0.2336]",36.47517180920043,"[[0.0, 99.17], [0.53, 94.76], [1.05, 90.41], [1.58, 84.46], [2.11, 81.63], [2.63, 75.92], [3.16, 72.37], [3.68, 68.47], [4.21, 63.99], [4.74, 61.91], [5.26, 58.38], [5.79, 56.64], [6.32, 54.25], [6.84, 52.93], [7.37, 48.82], [7.89, 45.56], [8.42, 44.05], [8.95, 39.88], [9.47, 38.92], [10.0, 36.48]]",63.450118852443,100.0
35,7,0,0.7,1.0,0.1,50,10.0,77,1.0,0.6752222490958473,13,13,1.2973636314532964,"[1, 1, 0, 0, 1, 0, 1, 1, 1, 0]","[3.7717, 0.0669, 1.4274, 0.5119, 0.709]",36.52848978710034,"[[0.0, 100.0], [0.53, 95.75], [1.05, 88.22], [1.58, 86.41], [2.11, 80.94], [2.63, 76.12], [3.16, 71.34], [3.68, 68.84], [4.21, 65.57], [4.74, 61.9], [5.26, 57.87], [5.79, 54.85], [6.32, 53.88], [6.84, 50.5], [7.37, 48.15], [7.89, 46.04], [8.42, 43.8], [8.95, 42.61], [9.47, 38.7], [10.0, 36.53]]",63.40115452833486,100.0
36,7,1,0.7,1.0,0.1,50,10.0,78,1.0,0.7177686771124054,9,9,0.9935524366277672,"[3, 1, 2, 0, 1, 1, 1, 0, 3, 0]","[1.1842, 0.7575, 3.197, 0.1686, 0.3628, 0.6117, 0.4053, 0.3677, 0.6092, 0.0791, 3.1859]",37.1528088777032,"[[0.0, 100.0], [0.53, 95.8], [1.05, 89.64], [1.58, 84.96], [2.11, 81.35], [2.63, 78.31], [3.16, 71.89], [3.68, 69.37], [4.21, 65.65], [4.74, 62.69], [5.26, 59.05], [5.79, 56.7], [6.32, 54.16], [6.84, 50.56], [7.37, 47.75], [7.89, 46.3], [8.42, 44.01], [8.95, 39.54], [9.47, 38.88], [10.0, 37.15]]",63.68747292067907,100.0
37,7,2,0.7,1.0,0.1,50,10.0,79,1.0,0.7159926516447,15,15,1.5414980984075937,"[0, 2, 2, 2, 0, 4, 2, 1, 2, 2]","[0.5693, 0.3607, 1.2684, 2.2215, 0.2779, 0.2191, 0.2529, 0.2652, 0.0344, 2.0282, 7.0509, 2.3504, 2.5785, 1.9541, 1.2639, 1.9686]",36.72787928473106,"[[0.0, 99.35], [0.53, 95.68], [1.05, 89.78], [1.58, 85.15], [2.11, 80.86], [2.63, 76.22], [3.16, 74.52], [3.68, 68.94], [4.21, 64.67], [4.74, 61.9], [5.26, 57.92], [5.79, 56.7], [6.32, 52.64], [6.84, 49.61], [7.37, 48.59], [7.89, 46.49], [8.42, 42.59], [8.95, 41.41], [9.47, 37.67], [10.0, 36.73]]",63.37109852707467,100.0
38,7,3,0.7,1.0,0.1,50,10.0,80,1.0,0.718569354453341,12,12,0.8880374147273101,"[1, 2, 0, 0, 0, 0, 1, 1, 0, 2]","[0.271, 1.0266, 0.1566, 2.549, 0.148, 1.1769]",36.17505364425169,"[[0.0, 100.0], [0.53, 95.13], [1.05, 89.17], [1.58, 86.15], [2.11, 82.41], [2.63, 76.85], [3.16, 73.92], [3.68, 69.31], [4.21, 64.45], [4.74, 62.05], [5.26, 60.53], [5.79, 55.86], [6.32, 52.91], [6.84, 49.64], [7.37, 46.92], [7.89, 48.42], [8.42, 44.03], [8.95, 40.91], [9.47, 40.27], [10.0, 36.18]]",63.75437831695647,100.0
39,7,4,0.7,1.0,0.1,50,10.0,81,1.0,0.7274710463934296,9,9,0.8678500703301509,"[2, 2, 1, 1, 0, 2, 1, 1, 1, 1]","[0.3427, 0.5275, 0.9691, 0.1923, 0.0258, 1.0249, 0.0203, 0.3977, 1.3835, 2.2378, 2.4247]",36.903870632318295,"[[0.0, 99.78], [0.53, 94.43], [1.05, 90.06], [1.58, 85.62], [2.11, 80.31], [2.63, 76.62], [3.16, 72.58], [3.68, 67.09], [4.21, 64.84], [4.74, 59.88], [5.26, 59.23], [5.79, 54.61], [6.32, 52.02], [6.84, 50.17], [7.37, 47.76], [7.89, 46.78], [8.42, 42.31], [8.95, 42.74], [9.47, 40.26], [10.0, 36.9]]",63.19980771362888,100.0
40,8,0,0.7,1.0,0.3,10,10.0,82,1.0,0.6836568382032794,7,7,0.6934083235384043,"[1, 1, 1, 0, 2, 2, 1, 1, 0, 1]","[0.1792, 0.4893, 0.6899, 0.1122, 1.3017, 1.2557, 0.4394, 1.7606, 0.0126]",2.8748974008761325,"[[0.0, 99.37], [0.53, 85.98], [1.05, 73.28], [1.58, 60.48], [2.11, 52.21], [2.63, 46.21], [3.16, 36.62], [3.68, 34.59], [4.21, 29.35], [4.74, 24.66], [5.26, 21.67], [5.79, 17.23], [6.32, 14.29], [6.84, 13.02], [7.37, 12.22], [7.89, 9.42], [8.42, 6.66], [8.95, 6.32], [9.47, 6.51], [10.0, 2.87]]",32.64798847205766,100.0
41,8,1,0.7,1.0,0.3,10,10.0,83,1.0,0.7140073119955849,8,8,1.419313157681436,"[2, 1, 2, 2, 1, 0, 1, 2, 2, 0]","[1.8326, 0.091, 0.0501, 2.5449, 0.0284, 0.3614, 2.1266, 2.0909, 4.255, 2.2065, 1.1057, 0.3387]",5.473055710914445,"[[0.0, 100.0], [0.53, 84.95], [1.05, 74.45], [1.58, 63.19], [2.11, 50.46], [2.63, 45.8], [3.16, 39.64], [3.68, 31.91], [4.21, 29.17], [4.74, 23.39], [5.26, 19.61], [5.79, 16.97], [6.32, 16.26], [6.84, 12.62], [7.37, 11.61], [7.89, 9.15], [8.42, 9.96], [8.95, 5.79], [9.47, 5.47], [10.0, 5.47]]",32.79347369274793,100.0
42,8,2,0.7,1.0,0.3,10,10.0,84,1.0,0.6827203778257893,7,7,1.744678215983007,"[0, 1, 1, 1, 1, 0, 1, 0, 0, 0]","[0.2236, 2.5235, 1.4708, 2.7608]",4.076349440695871,"[[0.0, 100.0], [0.53, 85.25], [1.05, 73.03], [1.58, 62.77], [2.11, 52.02], [2.63, 46.03], [3.16, 37.9], [3.68, 33.36], [4.21, 29.39], [4.74, 24.97], [5.26, 20.45], [5.79, 17.05], [6.32, 15.6], [6.84, 13.97], [7.37, 10.65], [7.89, 9.81], [8.42, 7.07], [8.95, 7.49], [9.47, 6.91], [10.0, 4.08]]",32.889615101285756,100.0
43,8,3,0.7,1.0,0.3,10,10.0,85,1.0,0.7077099002911986,3,3,1.137443673461196,"[0, 1, 1, 1, 2, 0, 0, 0, 0, 1]","[1.5907, 1.2387, 0.8934, 0.9698, 0.9947]",4.9547777980519605,"[[0.0, 99.36], [0.53, 84.43], [1.05, 72.16], [1.58, 62.85], [2.11, 53.34], [2.63, 45.91], [3.16, 38.02], [3.68, 32.71], [4.21, 27.68], [4.74, 24.2], [5.26, 20.62], [5.79, 17.59], [6.32, 13.6], [6.84, 11.72], [7.37, 11.59], [7.89, 9.63], [8.42, 10.24], [8.95, 7.61], [9.47, 5.5], [10.0, 4.95]]",32.685826492456385,100.0
44,8,4,0.7,1.0,0.3,10,10.0,86,1.0,0.7018510383029155,11,11,0.9643184818449785,"[4, 3, 0, 3, 0, 1, 0, 0, 0, 1]","[0.6889, 0.0619, 0.1009, 0.3098, 1.5178, 0.4322, 0.052, 1.4061, 2.2547, 3.0366, 0.7467]",5.241847777352193,"[[0.0, 100.0], [0.53, 86.09], [1.05, 71.47], [1.58, 62.54], [2.11, 53.88], [2.63, 45.8], [3.16, 38.54], [3.68, 33.35], [4.21, 28.59], [4.74, 23.69], [5.26, 20.46], [5.79, 17.06], [6.32, 13.51], [6.84, 14.26], [7.37, 10.7], [7.89, 8.64], [8.42, 6.67], [8.95, 5.18], [9.47, 6.03], [10.0, 5.24]]",32.58611959556382,100.0
45,9,0,0.7,1.0,0.3,50,10.0,87,1.0,0.7372073811224227,11,11,0.9040607587958343,"[2, 0, 0, 1, 0, 1, 3, 0, 0, 2]","[3.8871, 1.2691, 0.973, 0.0057, 0.722, 0.0577, 0.2277, 0.0902]",4.611330470330726,"[[0.0, 100.0], [0.53, 86.31], [1.05, 73.0], [1.58, 60.66], [2.11, 55.01], [2.63, 45.0], [3.16, 39.74], [3.68, 33.07], [4.21, 27.81], [4.74, 23.84], [5.26, 20.81], [5.79, 19.73], [6.32, 16.42], [6.84, 12.54], [7.37, 11.25], [7.89, 8.31], [8.42, 7.08], [8.95, 7.58], [9.47, 5.95], [10.0, 4.61]]",32.935308648616015,100.0
46,9,1,0.7,1.0,0.3,50,10.0,88,1.0,0.6786712996693245,7,7,1.321499246396308,"[0, 2, 1, 3, 0, 1, 1, 1, 0, 1]","[1.3809, 0.6555, 1.7219, 0.9765, 1.6163, 0.8781, 0.5612, 3.6514, 0.4518]",3.828778150667497,"[[0.0, 99.77], [0.53, 85.63], [1.05, 72.37], [1.58, 63.78], [2.11, 53.51], [2.63, 46.8], [3.16, 38.19], [3.68, 32.21], [4.21, 28.52], [4.74, 23.35], [5.26, 20.06], [5.79, 18.89], [6.32, 15.55], [6.84, 11.65], [7.37, 12.53], [7.89, 8.9], [8.42, 9.13], [8.95, 6.59], [9.47, 5.55], [10.0, 3.83]]",32.84021964962251,100.0
47,9,2,0.7,1.0,0.3,50,10.0,89,1.0,0.7003011746366862,11,11,0.9279740183459749,"[1, 1, 0, 0, 1, 0, 1, 1, 2, 0]","[1.0505, 0.094, 1.5296, 0.6288, 1.7292, 0.5356]",4.757259565333895,"[[0.0, 100.0], [0.53, 83.58], [1.05, 72.2], [1.58, 63.82], [2.11, 52.93], [2.63, 45.09], [3.16, 39.0], [3.68, 33.7], [4.21, 27.46], [4.74, 24.27], [5.26, 19.49], [5.79, 18.78], [6.32, 14.68], [6.84, 13.78], [7.37, 9.9], [7.89, 10.47], [8.42, 7.38], [8.95, 5.82], [9.47, 6.77], [10.0, 4.76]]",32.69302209940168,100.0
48,9,3,0.7,1.0,0.3,50,10.0,90,1.0,0.7317721958529989,9,9,1.2626402311016798,"[1, 1, 1, 1, 0, 0, 2, 1, 1, 0]","[0.477, 3.0925, 0.0859, 2.6887, 1.7908, 0.0455, 0.658]",7.552474719259894,"[[0.0, 99.71], [0.53, 86.22], [1.05, 72.5], [1.58, 61.93], [2.11, 54.25], [2.63, 44.29], [3.16, 38.27], [3.68, 33.94], [4.21, 25.75], [4.74, 23.62], [5.26, 22.05], [5.79, 17.77], [6.32, 14.31], [6.84, 11.21], [7.37, 10.27], [7.89, 8.54], [8.42, 7.58], [8.95, 5.29], [9.47, 4.85], [10.0, 7.55]]",32.49618089006036,100.0
49,9,4,0.7,1.0,0.3,50,10.0,91,1.0,0.7131814410234638,8,8,1.4943640578858364,"[2, 1, 1, 1, 1, 2, 1, 2, 0, 1]","[0.8692, 0.7143, 0.8444, 1.5033, 0.3716, 0.8465, 1.5244, 0.2683, 0.6148, 3.9248, 4.9564]",5.599073009907009,"[[0.0, 100.0], [0.53, 83.4], [1.05, 74.46], [1.58, 60.55], [2.11, 53.24], [2.63, 45.79], [3.16, 40.48], [3.68, 33.75], [4.21, 27.02], [4.74, 24.78], [5.26, 18.75], [5.79, 17.36], [6.32, 14.23], [6.84, 12.4], [7.37, 9.76], [7.89, 10.67], [8.42, 8.01], [8.95, 5.76], [9.47, 4.55], [10.0, 5.6]]",32.52856904796957,100.0
50,10,0,0.7,1.0,0.5,10,10.0,92,1.0,0.6959054333605351,11,11,0.9683975269379161,"[1, 0, 0, 1, 3, 0, 0, 6, 0, 0]","[0.1897, 2.1806, 4.5565, 0.5024, 0.2685, 0.7446, 0.754, 0.0699, 0.0627, 0.355]",1.5291172472999826,"[[0.0, 100.0], [0.53, 77.22], [1.05, 58.89], [1.58, 44.96], [2.11, 34.39], [2.63, 27.5], [3.16, 21.04], [3.68, 16.3], [4.21, 12.84], [4.74, 9.7], [5.26, 7.31], [5.79, 6.2], [6.32, 3.08], [6.84, 3.35], [7.37, 1.8], [7.89, 2.55], [8.42, 1.87], [8.95, 1.88], [9.47, 0.0], [10.0, 1.53]]",21.62146477867038,100.0
51,10,1,0.7,1.0,0.5,10,10.0,93,1.0,0.6805515408400092,10,10,1.955929010619487,"[1, 0, 1, 0, 1, 3, 0, 1, 2, 1]","[0.9493, 1.7113, 1.7617, 2.8777, 2.9024, 6.6529, 0.0028, 0.0584, 0.6868]",0.4877287989400386,"[[0.0, 100.0], [0.53, 77.16], [1.05, 58.5], [1.58, 44.93], [2.11, 33.55], [2.63, 26.98], [3.16, 20.9], [3.68, 14.6], [4.21, 12.15], [4.74, 10.29], [5.26, 7.69], [5.79, 3.78], [6.32, 4.56], [6.84, 3.73], [7.37, 2.4], [7.89, 1.34], [8.42, 2.36], [8.95, 0.95], [9.47, 0.34], [10.0, 0.49]]",21.33482561769835,100.0
52,10,2,0.7,1.0,0.5,10,10.0,94,1.0,0.6775025267444353,7,7,0.7022129740859158,"[2, 0, 1, 1, 0, 0, 1, 2, 1, 1]","[0.2443, 0.31, 0.4337, 1.3794, 0.9557, 1.0377, 0.2906, 0.9664]",0.0,"[[0.0, 100.0], [0.53, 77.37], [1.05, 59.46], [1.58, 46.49], [2.11, 34.77], [2.63, 25.63], [3.16, 21.07], [3.68, 16.65], [4.21, 12.53], [4.74, 10.21], [5.26, 6.44], [5.79, 6.12], [6.32, 5.36], [6.84, 2.0], [7.37, 1.38], [7.89, 0.0], [8.42, 1.09], [8.95, 0.77], [9.47, 0.58], [10.0, 0.0]]",21.396491930174783,100.0
53,10,3,0.7,1.0,0.5,10,10.0,95,1.0,0.6891635871821817,10,10,0.8408442472278312,"[1, 2, 2, 0, 0, 3, 1, 1, 0, 2]","[0.863, 1.0305, 0.8251, 1.5064, 0.3495, 0.7358, 1.3573, 1.064, 1.0845, 0.2563, 0.177]",0.7908536595040728,"[[0.0, 99.77], [0.53, 75.11], [1.05, 59.49], [1.58, 44.78], [2.11, 33.21], [2.63, 28.48], [3.16, 21.81], [3.68, 16.9], [4.21, 13.72], [4.74, 9.87], [5.26, 7.93], [5.79, 4.81], [6.32, 4.97], [6.84, 3.22], [7.37, 2.07], [7.89, 1.54], [8.42, 1.97], [8.95, 1.59], [9.47, 2.83], [10.0, 0.79]]",21.742464735805846,100.0
54,10,4,0.7,1.0,0.5,10,10.0,96,1.0,0.6912493326152088,12,12,0.8736793229885432,"[1, 0, 2, 0, 0, 1, 2, 2, 0, 0]","[0.4801, 0.2224, 1.9526, 0.7474, 1.3199, 1.2732, 0.1202]",1.9847656562577416,"[[0.0, 100.0], [0.53, 74.71], [1.05, 59.77], [1.58, 44.35], [2.11, 36.01], [2.63, 28.67], [3.16, 20.99], [3.68, 14.0], [4.21, 13.08], [4.74, 10.65], [5.26, 8.63], [5.79, 4.03], [6.32, 4.28], [6.84, 0.99], [7.37, 0.72], [7.89, 1.07], [8.42, 0.88], [8.95, 2.19], [9.47, 1.01], [10.0, 1.98]]",21.401311952732065,100.0
55,11,0,0.7,1.0,0.5,50,10.0,97,1.0,0.7061022238292257,12,12,0.49020666918482736,"[1, 0, 1, 0, 1, 0, 0, 2, 0, 0]","[0.9059, 0.3076, 0.5478, 0.1995]",0.0,"[[0.0, 99.05], [0.53, 76.53], [1.05, 58.71], [1.58, 44.82], [2.11, 33.59], [2.63, 28.64], [3.16, 21.01], [3.68, 14.53], [4.21, 10.95], [4.74, 10.91], [5.26, 6.16], [5.79, 4.22], [6.32, 2.78], [6.84, 5.08], [7.37, 1.04], [7.89, 1.96], [8.42, 2.03], [8.95, 0.0], [9.47, 0.74], [10.0, 0.0]]",21.138222627953006,100.0
56,11,1,0.7,1.0,0.5,50,10.0,98,1.0,0.6970253131221792,16,16,0.6563419881301286,"[0, 0, 0, 2, 1, 1, 1, 1, 0, 0]","[0.7926, 0.1114, 0.18, 1.6171, 0.5806]",2.3452194865698166,"[[0.0, 99.71], [0.53, 77.74], [1.05, 58.52], [1.58, 45.33], [2.11, 34.35], [2.63, 28.34], [3.16, 19.96], [3.68, 15.41], [4.21, 11.68], [4.74, 11.88], [5.26, 6.26], [5.79, 7.0], [6.32, 2.82], [6.84, 1.93], [7.37, 1.98], [7.89, 2.1], [8.42, 3.04], [8.95, 1.17], [9.47, 0.57], [10.0, 2.35]]",21.607657707213068,100.0
57,11,2,0.7,1.0,0.5,50,10.0,99,1.0,0.7178617484444709,10,10,0.5732562660959248,"[1, 0, 1, 1, 0, 1, 2, 1, 1, 0]","[0.1259, 1.7495, 0.1276, 0.0576, 0.3573, 1.5079, 0.0871]",0.15269583879678172,"[[0.0, 100.0], [0.53, 77.68], [1.05, 58.67], [1.58, 46.88], [2.11, 34.15], [2.63, 28.04], [3.16, 20.91], [3.68, 17.55], [4.21, 11.79], [4.74, 10.06], [5.26, 8.04], [5.79, 5.21], [6.32, 4.26], [6.84, 2.85], [7.37, 2.99], [7.89, 2.62], [8.42, 1.19], [8.95, 1.49], [9.47, 0.29], [10.0, 0.15]]",21.741510275085954,100.0
58,11,3,0.7,1.0,0.5,50,10.0,100,1.0,0.7009442236618147,8,8,1.1163479703065597,"[1, 2, 4, 0, 3, 1, 1, 0, 1, 1]","[0.4073, 1.3386, 0.5739, 0.9183, 0.4569, 2.6866, 2.998, 0.6591, 0.4189, 0.177, 1.8769, 0.7443, 1.2567]",0.26620907218290696,"[[0.0, 100.0], [0.53, 76.73], [1.05, 57.92], [1.58, 44.48], [2.11, 36.01], [2.63, 27.59], [3.16, 21.9], [3.68, 14.93], [4.21, 11.84], [4.74, 8.17], [5.26, 5.22], [5.79, 5.51], [6.32, 5.83], [6.84, 4.38], [7.37, 1.73], [7.89, 3.1], [8.42, 0.91], [8.95, 1.45], [9.47, 1.7], [10.0, 0.27]]",21.483671641129526,100.0
59,11,4,0.7,1.0,0.5,50,10.0,101,1.0,0.6931974532474977,16,16,0.869579122821262,"[0, 1, 0, 0, 3, 2, 3, 1, 2, 1]","[0.1902, 0.7384, 0.3607, 0.1491, 0.3393, 0.5739, 0.0889, 1.7819, 1.9246, 0.552, 1.2623, 2.4737]",2.0730014336714686,"[[0.0, 99.64], [0.53, 76.53], [1.05, 57.92], [1.58, 45.92], [2.11, 35.22], [2.63, 26.42], [3.16, 19.81], [3.68, 16.31], [4.21, 13.49], [4.74, 9.44], [5.26, 7.48], [5.79, 4.98], [6.32, 4.0], [6.84, 2.95], [7.37, 2.23], [7.89, 1.33], [8.42, 1.88], [8.95, 2.44], [9.47, 0.0], [10.0, 2.07]]",21.5029831997327,100.0
60,12,0,0.7,2.0,0.1,10,10.0,102,1.0,0.6822191337717631,15,15,0.7231795635972161,"[3, 1, 2, 0, 4, 1, 2, 1, 1, 0]","[0.0918, 0.3337, 0.2928, 0.5522, 2.1208, 0.4119, 0.6137, 0.5454, 0.2222, 0.7275, 0.6585, 2.1354, 0.916, 0.5026]",34.894414529132035,"[[0.0, 99.98], [0.53, 95.27], [1.05, 91.75], [1.58, 86.05], [2.11, 81.0], [2.63, 75.7], [3.16, 73.71], [3.68, 69.65], [4.21, 66.68], [4.74, 62.11], [5.26, 58.67], [5.79, 53.86], [6.32, 53.72], [6.84, 48.82], [7.37, 47.31], [7.89, 45.87], [8.42, 43.1], [8.95, 40.72], [9.47, 39.18], [10.0, 34.89]]",63.402399278779946,100.0
61,12,1,0.7,2.0,0.1,10,10.0,103,1.0,0.6973766206128147,17,17,0.5114748384123676,"[1, 2, 1, 0, 0, 0, 2, 2, 0, 3]","[1.4474, 0.557, 0.1975, 0.2183, 0.7795, 0.6224, 0.8369, 0.3483, 0.0978, 0.0096]",35.213459552704336,"[[0.0, 100.0], [0.53, 95.53], [1.05, 88.37], [1.58, 85.69], [2.11, 79.57], [2.63, 77.15], [3.16, 73.65], [3.68, 69.46], [4.21, 63.58], [4.74, 63.74], [5.26, 59.38], [5.79, 57.05], [6.32, 52.49], [6.84, 50.06], [7.37, 49.95], [7.89, 45.21], [8.42, 42.65], [8.95, 40.5], [9.47, 39.78], [10.0, 35.21]]",63.4521770110537,100.0
62,12,2,0.7,2.0,0.1,10,10.0,104,1.0,0.7314641227843415,25,25,0.5595801821224129,"[5, 4, 0, 1, 2, 1, 2, 4, 2, 3]","[0.7615, 0.4342, 0.2063, 0.1254, 0.4567, 1.6657, 0.9304, 0.2786, 0.6773, 1.0089, 0.3567, 0.0784, 0.42, 0.718, 1.0384, 0.0746, 0.2144, 0.3558, 0.4123, 0.5421, 0.9506, 0.2364, 0.9277]",36.82226798289878,"[[0.0, 100.0], [0.53, 94.88], [1.05, 90.08], [1.58, 84.52], [2.11, 80.13], [2.63, 75.54], [3.16, 74.03], [3.68, 69.32], [4.21, 66.38], [4.74, 62.53], [5.26, 58.18], [5.79, 56.0], [6.32, 51.04], [6.84, 51.17], [7.37, 47.9], [7.89, 45.64], [8.42, 43.19], [8.95, 41.49], [9.47, 38.55], [10.0, 36.82]]",63.36980724425446,100.0
63,12,3,0.7,2.0,0.1,10,10.0,105,1.0,0.676591455449085,13,13,0.4508752026976797,"[5, 1, 2, 3, 3, 2, 1, 4, 2, 2]","[2.5131, 0.8524, 0.3496, 0.3868, 0.0775, 1.9622, 0.7425, 0.246, 0.2038, 0.074, 0.7904, 0.0386, 0.3854, 0.0056, 0.1746, 0.1392, 0.2558, 0.0754, 0.3614, 0.0105, 0.3031, 0.5197, 0.3318, 0.0216]",37.36644739483489,"[[0.0, 100.0], [0.53, 95.05], [1.05, 89.86], [1.58, 83.98], [2.11, 81.19], [2.63, 76.03], [3.16, 73.2], [3.68, 67.07], [4.21, 64.44], [4.74, 63.75], [5.26, 60.84], [5.79, 56.41], [6.32, 53.44], [6.84, 48.06], [7.37, 48.29], [7.89, 44.66], [8.42, 40.81], [8.95, 39.76], [9.47, 37.6], [10.0, 37.37]]",63.089138431399796,100.0
64,12,4,0.7,2.0,0.1,10,10.0,106,1.0,0.704016624655004,14,14,0.46464378259295896,"[1, 1, 0, 0, 0, 3, 2, 4, 2, 2]","[0.4346, 0.0764, 1.8724, 0.7115, 0.0288, 0.121, 0.3605, 0.546, 0.3181, 0.161, 0.6974, 0.3576, 0.0776, 0.7423]",39.17678636626002,"[[0.0, 99.81], [0.53, 95.75], [1.05, 89.56], [1.58, 85.04], [2.11, 81.08], [2.63, 78.25], [3.16, 71.47], [3.68, 70.13], [4.21, 63.54], [4.74, 61.33], [5.26, 59.2], [5.79, 56.97], [6.32, 51.84], [6.84, 51.36], [7.37, 49.0], [7.89, 44.91], [8.42, 42.74], [8.95, 40.64], [9.47, 36.84], [10.0, 39.18]]",63.43284191086025,100.0
65,13,0,0.7,2.0,0.1,50,10.0,107,1.0,0.714548860729556,22,22,0.4719662888816239,"[2, 2, 1, 0, 3, 1, 1, 1, 2, 2]","[0.1243, 0.5622, 0.1921, 1.187, 0.0693, 0.5996, 0.3586, 0.7123, 1.0799, 0.5673, 0.3161, 0.2121, 0.2889, 0.3379]",37.75608178013001,"[[0.0, 100.0], [0.53, 96.27], [1.05, 90.54], [1.58, 83.76], [2.11, 81.09], [2.63, 75.68], [3.16, 72.15], [3.68, 68.97], [4.21, 65.93], [4.74, 63.23], [5.26, 56.61], [5.79, 56.72], [6.32, 52.5], [6.84, 50.34], [7.37, 46.87], [7.89, 46.95], [8.42, 43.01], [8.95, 41.66], [9.47, 37.88], [10.0, 37.76]]",63.395436975847495,100.0
66,13,1,0.7,2.0,0.1,50,10.0,108,1.0,0.7086758920581336,26,26,0.5098677683578942,"[2, 1, 1, 3, 2, 3, 2, 2, 3, 1]","[0.2968, 0.6839, 1.0123, 0.1574, 0.1791, 0.2221, 0.4703, 0.1619, 0.7246, 0.0132, 0.3694, 1.078, 0.6461, 1.146, 0.3544, 1.6033, 0.0724, 0.2166, 0.2796]",35.73509633872794,"[[0.0, 100.0], [0.53, 95.83], [1.05, 90.36], [1.58, 86.15], [2.11, 79.66], [2.63, 75.66], [3.16, 73.82], [3.68, 67.03], [4.21, 66.19], [4.74, 59.98], [5.26, 60.42], [5.79, 56.56], [6.32, 52.95], [6.84, 50.83], [7.37, 48.13], [7.89, 44.41], [8.42, 41.64], [8.95, 40.56], [9.47, 39.25], [10.0, 35.74]]",63.25865813572551,100.0
67,13,2,0.7,2.0,0.1,50,10.0,109,1.0,0.7027318567167695,21,21,0.501003823277203,"[1, 4, 1, 1, 1, 2, 2, 2, 3, 3]","[0.0036, 0.3705, 0.4674, 0.0486, 0.5255, 0.6959, 1.2554, 1.1362, 0.0083, 0.0118, 0.3697, 0.0965, 2.0149, 0.2316, 0.0679, 0.2347, 1.6367, 0.2983, 0.0455]",39.13988964090065,"[[0.0, 100.0], [0.53, 95.25], [1.05, 90.35], [1.58, 84.32], [2.11, 81.21], [2.63, 76.3], [3.16, 72.98], [3.68, 67.59], [4.21, 66.02], [4.74, 61.73], [5.26, 59.84], [5.79, 54.5], [6.32, 53.7], [6.84, 50.51], [7.37, 47.13], [7.89, 45.61], [8.42, 42.21], [8.95, 41.94], [9.47, 37.08], [10.0, 39.14]]",63.36975839735561,100.0
68,13,3,0.7,2.0,0.1,50,10.0,110,1.0,0.7261440311551439,28,28,0.4413121687028908,"[1, 2, 3, 3, 3, 7, 3, 4, 3, 0]","[0.6835, 0.8266, 0.8759, 0.0782, 0.0981, 0.9801, 0.3493, 0.2877, 0.1292, 0.0532, 0.2614, 0.1925, 0.0313, 1.5099, 0.0934, 0.2032, 0.1775, 0.2248, 0.083, 0.0811, 0.0104, 0.6055, 1.2536, 0.473, 0.7493, 0.162, 0.1859, 1.6972]",37.73891685567089,"[[0.0, 100.0], [0.53, 94.38], [1.05, 88.08], [1.58, 86.42], [2.11, 79.21], [2.63, 76.84], [3.16, 74.23], [3.68, 70.35], [4.21, 66.35], [4.74, 61.93], [5.26, 59.12], [5.79, 54.61], [6.32, 52.52], [6.84, 49.58], [7.37, 46.99], [7.89, 46.29], [8.42, 42.56], [8.95, 40.07], [9.47, 37.86], [10.0, 37.74]]",63.256017124340325,100.0
69,13,4,0.7,2.0,0.1,50,10.0,111,1.0,0.7177701962462022,15,15,0.4303564348392959,"[1, 6, 0, 1, 2, 1, 1, 3, 3, 2]","[0.1178, 1.002, 0.2681, 0.2545, 0.3252, 0.3949, 0.1148, 0.1482, 0.9906, 0.917, 0.2359, 0.2632, 0.5036, 0.1612, 1.0228, 0.0419, 0.3089, 0.6484, 0.4577]",37.20901115018771,"[[0.0, 99.41], [0.53, 94.88], [1.05, 90.78], [1.58, 85.88], [2.11, 81.29], [2.63, 76.65], [3.16, 72.12], [3.68, 67.72], [4.21, 66.07], [4.74, 61.83], [5.26, 59.36], [5.79, 58.64], [6.32, 51.8], [6.84, 51.76], [7.37, 47.0], [7.89, 45.14], [8.42, 42.49], [8.95, 40.98], [9.47, 39.37], [10.0, 37.21]]",63.51953588492428,100.0
70,14,0,0.7,2.0,0.3,10,10.0,112,1.0,0.671737536705941,14,14,0.5029151842241726,"[3, 1, 2, 2, 3, 0, 2, 1, 6, 3]","[0.6806, 0.2398, 0.0277, 0.7231, 0.5696, 0.3492, 0.0977, 0.6349, 0.1661, 0.2658, 0.6305, 1.2607, 0.6826, 0.9454, 0.6617, 0.1383, 0.2038, 0.3401, 0.3591, 1.5413, 0.0433, 0.5027]",4.523305033897505,"[[0.0, 100.0], [0.53, 85.67], [1.05, 71.04], [1.58, 62.99], [2.11, 54.03], [2.63, 46.0], [3.16, 37.96], [3.68, 31.82], [4.21, 26.73], [4.74, 22.38], [5.26, 19.78], [5.79, 18.69], [6.32, 16.43], [6.84, 12.57], [7.37, 10.4], [7.89, 10.26], [8.42, 8.39], [8.95, 7.75], [9.47, 5.75], [10.0, 4.52]]",32.658642266092585,100.0
71,14,1,0.7,2.0,0.3,10,10.0,113,1.0,0.7078700550993196,12,12,0.352638946492531,"[3, 4, 1, 4, 1, 6, 1, 0, 3, 1]","[0.3702, 0.0354, 0.0603, 0.7137, 0.1399, 0.7557, 0.2795, 0.8337, 0.732, 0.2318, 1.2716, 0.108, 0.2198, 0.089, 0.1158, 0.2522, 0.1572, 0.667, 0.5231, 0.0617, 0.3393, 0.0, 0.154]",5.637061965053759,"[[0.0, 100.0], [0.53, 85.96], [1.05, 72.93], [1.58, 63.06], [2.11, 54.86], [2.63, 46.05], [3.16, 38.61], [3.68, 32.85], [4.21, 28.74], [4.74, 24.12], [5.26, 21.31], [5.79, 18.27], [6.32, 15.69], [6.84, 13.22], [7.37, 12.05], [7.89, 10.61], [8.42, 4.84], [8.95, 5.16], [9.47, 5.95], [10.0, 5.64]]",32.996373578242384,100.0
72,14,2,0.7,2.0,0.3,10,10.0,114,1.0,0.6903567602839704,23,23,0.5796587333758795,"[1, 0, 2, 2, 1, 2, 0, 1, 2, 2]","[0.4398, 0.3953, 0.889, 0.2387, 0.2303, 0.0058, 0.0333, 0.3317, 1.4159, 0.18, 0.3491, 2.4471]",4.282172218501554,"[[0.0, 99.62], [0.53, 85.15], [1.05, 71.95], [1.58, 62.18], [2.11, 52.43], [2.63, 47.75], [3.16, 37.69], [3.68, 35.75], [4.21, 28.35], [4.74, 24.52], [5.26, 20.5], [5.79, 17.92], [6.32, 15.78], [6.84, 12.83], [7.37, 10.88], [7.89, 9.65], [8.42, 8.35], [8.95, 7.98], [9.47, 7.78], [10.0, 4.28]]",33.06727610062571,100.0
73,14,3,0.7,2.0,0.3,10,10.0,115,1.0,0.7013342203008168,23,23,0.7708678042832333,"[0, 1, 2, 1, 1, 1, 2, 1, 2, 3]","[1.2815, 2.4232, 1.3061, 0.3239, 0.0284, 0.0537, 0.369, 1.0379, 1.4027, 0.5418, 0.4716, 0.1755, 0.606]",5.487381822104957,"[[0.0, 100.0], [0.53, 87.19], [1.05, 72.38], [1.58, 62.02], [2.11, 53.1], [2.63, 44.62], [3.16, 39.53], [3.68, 34.84], [4.21, 28.56], [4.74, 22.84], [5.26, 19.93], [5.79, 18.62], [6.32, 15.1], [6.84, 12.35], [7.37, 9.45], [7.89, 10.24], [8.42, 8.81], [8.95, 7.25], [9.47, 5.14], [10.0, 5.49]]",32.872588845686934,100.0
74,14,4,0.7,2.0,0.3,10,10.0,116,1.0,0.6806523682493382,20,20,0.41213814087132167,"[2, 6, 1, 2, 1, 0, 2, 2, 2, 0]","[0.5299, 1.7465, 0.3319, 0.0892, 0.3974, 0.2804, 0.8152, 0.0177, 0.0031, 0.0282, 0.1141, 0.2821, 0.3868, 0.9606, 0.031, 0.5693, 0.423]",4.870030153202558,"[[0.0, 100.0], [0.53, 85.4], [1.05, 72.24], [1.58, 61.18], [2.11, 53.04], [2.63, 43.73], [3.16, 37.68], [3.68, 33.22], [4.21, 27.91], [4.74, 23.31], [5.26, 20.94], [5.79, 17.61], [6.32, 13.8], [6.84, 12.49], [7.37, 11.33], [7.89, 10.74], [8.42, 6.74], [8.95, 5.58], [9.47, 5.84], [10.0, 4.87]]",32.38282166400073,100.0
75,15,0,0.7,2.0,0.3,50,10.0,117,1.0,0.7226502250306807,26,26,0.3956236272105866,"[2, 1, 4, 1, 1, 3, 2, 3, 1, 1]","[0.1993, 0.3948, 0.1087, 0.2312, 0.0226, 0.1694, 0.5817, 0.0524, 0.338, 0.6255, 0.2003, 0.4539, 0.3889, 0.0568, 0.384, 0.3173, 0.224, 2.3727]",4.7196645791274845,"[[0.0, 100.0], [0.53, 86.19], [1.05, 72.27], [1.58, 61.5], [2.11, 54.37], [2.63, 44.8], [3.16, 39.98], [3.68, 34.02], [4.21, 28.56], [4.74, 25.6], [5.26, 20.49], [5.79, 17.32], [6.32, 14.93], [6.84, 14.23], [7.37, 9.79], [7.89, 9.07], [8.42, 8.41], [8.95, 6.1], [9.47, 6.53], [10.0, 4.72]]",32.9446014818467,100.0
76,15,1,0.7,2.0,0.3,50,10.0,118,1.0,0.7273517205329023,17,17,0.38342272400941957,"[1, 2, 1, 3, 4, 3, 3, 3, 1, 3]","[0.3774, 0.0424, 0.2409, 0.1583, 0.5008, 0.6024, 0.2724, 0.0428, 0.3555, 0.2604, 0.1952, 1.7171, 0.0625, 0.1001, 0.1049, 0.5966, 1.951, 0.0238, 0.411, 0.5561, 0.0344, 0.1257, 0.0869]",6.863599060648386,"[[0.0, 98.23], [0.53, 84.8], [1.05, 73.8], [1.58, 63.16], [2.11, 52.84], [2.63, 45.52], [3.16, 37.31], [3.68, 34.82], [4.21, 27.71], [4.74, 22.69], [5.26, 19.71], [5.79, 16.43], [6.32, 12.62], [6.84, 12.21], [7.37, 9.14], [7.89, 10.82], [8.42, 9.75], [8.95, 7.91], [9.47, 5.49], [10.0, 6.86]]",32.591855501874015,100.0
77,15,2,0.7,2.0,0.3,50,10.0,119,1.0,0.6643639109868972,25,25,0.4359551214708318,"[0, 2, 0, 5, 1, 2, 1, 1, 1, 1]","[0.0096, 0.2302, 0.5133, 0.1405, 0.2784, 0.5004, 0.2836, 0.5177, 0.5218, 0.4946, 0.4683, 0.5329, 1.1761]",4.573249400987626,"[[0.0, 100.0], [0.53, 85.75], [1.05, 73.0], [1.58, 63.69], [2.11, 54.31], [2.63, 42.52], [3.16, 39.05], [3.68, 31.74], [4.21, 28.6], [4.74, 22.24], [5.26, 20.56], [5.79, 18.27], [6.32, 15.52], [6.84, 13.68], [7.37, 11.6], [7.89, 9.54], [8.42, 6.09], [8.95, 7.94], [9.47, 6.49], [10.0, 4.57]]",32.75819299976162,100.0
78,15,3,0.7,2.0,0.3,50,10.0,120,1.0,0.7063461410705416,25,25,0.5001675222266996,"[2, 3, 1, 1, 1, 1, 6, 2, 4, 1]","[1.1912, 0.2427, 0.2774, 1.1906, 0.0908, 0.0568, 0.6535, 0.4719, 0.3699, 1.3509, 0.3275, 0.3169, 0.0759, 0.2123, 0.6044, 0.3686, 0.9916, 0.4201, 0.0231, 0.2973, 0.9702]",5.286451213394152,"[[0.0, 99.06], [0.53, 85.31], [1.05, 72.56], [1.58, 62.11], [2.11, 51.96], [2.63, 44.94], [3.16, 40.05], [3.68, 34.12], [4.21, 27.25], [4.74, 23.78], [5.26, 19.76], [5.79, 17.85], [6.32, 14.73], [6.84, 11.9], [7.37, 11.08], [7.89, 8.03], [8.42, 7.76], [8.95, 7.48], [9.47, 6.63], [10.0, 5.29]]",32.583403053161774,100.0
79,15,4,0.7,2.0,0.3,50,10.0,121,1.0,0.6995301726264889,22,22,0.34591248586579215,"[3, 2, 1, 3, 2, 4, 1, 3, 2, 1]","[0.4809, 0.5396, 0.0104, 0.0903, 1.4622, 0.212, 0.5056, 0.0034, 0.766, 0.4767, 0.4248, 0.2111, 0.0409, 0.0874, 0.293, 0.6767, 0.1356, 0.1815, 0.4229, 0.0949, 0.1483]",3.492664416860406,"[[0.0, 99.9], [0.53, 87.15], [1.05, 72.13], [1.58, 62.99], [2.11, 54.11], [2.63, 46.88], [3.16, 41.34], [3.68, 34.09], [4.21, 28.44], [4.74, 23.8], [5.26, 20.29], [5.79, 18.48], [6.32, 14.7], [6.84, 13.03], [7.37, 11.18], [7.89, 10.62], [8.42, 8.04], [8.95, 5.86], [9.47, 6.44], [10.0, 3.49]]",33.14820266946628,100.0
80,16,0,0.7,2.0,0.5,10,10.0,122,1.0,0.7247426678659404,25,25,0.5436719400959263,"[0, 3, 2, 2, 0, 3, 1, 1, 2, 2]","[0.6176, 0.4102, 0.4738, 0.1112, 0.9291, 1.0003, 0.2502, 0.1858, 0.3157, 0.0708, 1.1013, 0.7487, 0.0274, 1.1866, 0.7266]",0.9499575426321011,"[[0.0, 98.33], [0.53, 77.86], [1.05, 59.18], [1.58, 46.75], [2.11, 36.0], [2.63, 27.2], [3.16, 20.8], [3.68, 15.33], [4.21, 12.93], [4.74, 10.53], [5.26, 7.76], [5.79, 4.1], [6.32, 5.89], [6.84, 2.28], [7.37, 3.45], [7.89, 2.11], [8.42, 1.38], [8.95, 2.45], [9.47, 2.47], [10.0, 0.95]]",21.887984232654468,100.0
81,16,1,0.7,2.0,0.5,10,10.0,123,1.0,0.715095392886245,22,22,0.6090919282754144,"[0, 6, 4, 2, 2, 1, 0, 0, 2, 1]","[0.3377, 0.3827, 0.4965, 1.7296, 0.738, 0.0553, 0.4853, 0.2319, 0.5085, 0.1883, 0.8693, 0.9783, 0.0102, 0.1977, 0.5733, 2.1118, 0.4601]",1.0962388413763011,"[[0.0, 99.56], [0.53, 76.65], [1.05, 59.44], [1.58, 46.36], [2.11, 36.42], [2.63, 28.53], [3.16, 20.37], [3.68, 15.35], [4.21, 12.28], [4.74, 9.49], [5.26, 6.46], [5.79, 4.91], [6.32, 5.06], [6.84, 4.91], [7.37, 2.29], [7.89, 1.28], [8.42, 1.2], [8.95, 0.15], [9.47, 0.6], [10.0, 1.1]]",21.62093778536049,100.0
82,16,2,0.7,2.0,0.5,10,10.0,124,1.0,0.7044911085457549,15,15,0.5114030163258241,"[1, 1, 2, 6, 5, 2, 3, 2, 0, 6]","[0.0273, 0.805, 0.2729, 0.0396, 0.0375, 0.5628, 1.6012, 1.0543, 0.5793, 1.1835, 0.2863, 0.5258, 0.3232, 0.2568, 2.2898, 0.2413, 0.3573, 0.3022, 0.3794, 0.1518, 0.3972, 0.4088, 0.4964, 0.2681, 0.086, 0.1301, 0.744]",0.0,"[[0.0, 99.63], [0.53, 77.1], [1.05, 58.36], [1.58, 45.98], [2.11, 34.34], [2.63, 26.68], [3.16, 21.51], [3.68, 15.73], [4.21, 12.57], [4.74, 9.21], [5.26, 6.53], [5.79, 6.55], [6.32, 3.76], [6.84, 1.44], [7.37, 2.42], [7.89, 1.53], [8.42, 0.87], [8.95, 2.17], [9.47, 2.03], [10.0, 0.0]]",21.42080225796581,100.0
83,16,3,0.7,2.0,0.5,10,10.0,125,1.0,0.6626574651483867,25,25,0.526116426458251,"[6, 2, 4, 1, 0, 1, 3, 6, 2, 4]","[0.4886, 1.7348, 2.5151, 0.1126, 0.0207, 0.142, 0.1539, 1.304, 0.1632, 1.3324, 0.4362, 0.224, 1.7801, 0.1356, 0.3732, 0.1948, 0.3876, 0.1227, 0.1123, 0.4709, 0.053, 0.061, 0.2493, 0.0198, 0.5687, 0.0975, 0.2979, 1.1792]",1.511255663387053,"[[0.0, 99.53], [0.53, 75.3], [1.05, 59.19], [1.58, 45.06], [2.11, 36.68], [2.63, 25.93], [3.16, 21.0], [3.68, 15.92], [4.21, 12.2], [4.74, 7.25], [5.26, 8.24], [5.79, 5.53], [6.32, 3.23], [6.84, 2.58], [7.37, 1.55], [7.89, 1.31], [8.42, 1.91], [8.95, 0.56], [9.47, 0.64], [10.0, 1.51]]",21.25610186933783,100.0
84,16,4,0.7,2.0,0.5,10,10.0,126,1.0,0.6729262250556896,14,14,0.41659759344974023,"[4, 3, 2, 4, 1, 2, 1, 3, 1, 1]","[0.6655, 0.724, 1.5436, 0.2941, 0.1973, 0.6317, 0.779, 0.355, 0.1212, 0.341, 0.5148, 0.3624, 0.1243, 1.1169, 0.0506, 0.3281, 0.0462, 0.4873, 0.0467, 0.0075, 0.0114]",0.834589927494676,"[[0.0, 99.12], [0.53, 77.96], [1.05, 58.56], [1.58, 46.19], [2.11, 32.79], [2.63, 26.4], [3.16, 19.87], [3.68, 17.51], [4.21, 14.53], [4.74, 7.94], [5.26, 7.13], [5.79, 6.61], [6.32, 4.33], [6.84, 5.21], [7.37, 2.43], [7.89, 3.1], [8.42, 3.03], [8.95, 0.73], [9.47, 0.4], [10.0, 0.83]]",21.733793017563944,100.0
85,17,0,0.7,2.0,0.5,50,10.0,127,1.0,0.7147785324636059,11,11,0.5087653049589401,"[3, 2, 2, 3, 2, 0, 3, 4, 2, 3]","[0.4682, 0.4728, 0.0988, 2.1235, 0.2142, 0.2747, 0.2579, 0.656, 0.2235, 0.2218, 0.0657, 0.7413, 0.6706, 0.538, 0.9344, 0.3995, 0.0049, 0.097, 0.3795, 0.1255, 0.2302, 2.289, 0.2147]",0.0,"[[0.0, 98.89], [0.53, 76.24], [1.05, 58.17], [1.58, 45.71], [2.11, 34.5], [2.63, 25.37], [3.16, 19.5], [3.68, 16.01], [4.21, 12.05], [4.74, 10.18], [5.26, 7.01], [5.79, 6.1], [6.32, 6.56], [6.84, 2.45], [7.37, 1.95], [7.89, 1.24], [8.42, 3.04], [8.95, 1.08], [9.47, 0.93], [10.0, 0.0]]",21.349602450306197,100.0
86,17,1,0.7,2.0,0.5,50,10.0,128,1.0,0.7097774980779566,22,22,0.41572753056160655,"[0, 2, 3, 3, 1, 0, 1, 1, 4, 3]","[0.5253, 0.8753, 0.3148, 0.0784, 0.4246, 0.4631, 0.7954, 0.3781, 0.4016, 0.2097, 0.3445, 0.3809, 0.0083, 0.0446, 0.7904, 0.4476, 0.5848]",0.724176161642171,"[[0.0, 99.62], [0.53, 75.07], [1.05, 58.34], [1.58, 46.55], [2.11, 35.72], [2.63, 25.81], [3.16, 19.97], [3.68, 14.94], [4.21, 14.05], [4.74, 10.66], [5.26, 7.62], [5.79, 4.05], [6.32, 3.12], [6.84, 1.9], [7.37, 2.86], [7.89, 2.6], [8.42, 2.26], [8.95, 1.53], [9.47, 0.59], [10.0, 0.72]]",21.39925790298187,100.0
87,17,2,0.7,2.0,0.5,50,10.0,129,1.0,0.7207565078054201,18,18,0.3676641225292823,"[4, 0, 2, 2, 0, 5, 1, 2, 1, 2]","[1.1234, 0.0504, 0.2529, 0.3224, 0.7106, 1.0804, 0.2506, 0.2641, 0.334, 0.5686, 0.126, 0.2238, 0.1852, 0.0261, 0.0366, 0.6285, 0.2855, 0.1489]",2.233502035780483,"[[0.0, 98.99], [0.53, 75.59], [1.05, 59.62], [1.58, 46.12], [2.11, 34.58], [2.63, 26.92], [3.16, 22.76], [3.68, 16.07], [4.21, 11.34], [4.74, 8.04], [5.26, 6.68], [5.79, 6.09], [6.32, 7.34], [6.84, 2.14], [7.37, 3.38], [7.89, 2.46], [8.42, 1.23], [8.95, 1.09], [9.47, 0.0], [10.0, 2.23]]",21.63339942436146,100.0
88,17,3,0.7,2.0,0.5,50,10.0,130,1.0,0.6884977510858079,19,19,0.4276067121851013,"[3, 1, 2, 2, 4, 0, 2, 2, 2, 1]","[0.0286, 0.1477, 0.1203, 0.3226, 0.0549, 1.318, 0.5697, 0.0841, 0.652, 0.4694, 0.3245, 0.3438, 0.7353, 0.3678, 0.2679, 0.1002, 0.1261, 1.664]",0.0,"[[0.0, 99.38], [0.53, 77.02], [1.05, 59.01], [1.58, 45.61], [2.11, 34.4], [2.63, 27.64], [3.16, 20.32], [3.68, 15.86], [4.21, 11.78], [4.74, 8.67], [5.26, 7.54], [5.79, 5.1], [6.32, 2.99], [6.84, 2.74], [7.37, 1.43], [7.89, 2.38], [8.42, 0.0], [8.95, 2.33], [9.47, 2.17], [10.0, 0.0]]",21.3183537575515,100.0
89,17,4,0.7,2.0,0.5,50,10.0,131,1.0,0.7268170839696789,22,22,0.5978710390782271,"[4, 0, 3, 1, 2, 4, 1, 1, 1, 2]","[0.3993, 0.1864, 0.0702, 0.8822, 0.2238, 1.444, 0.0332, 0.1806, 0.8924, 0.4159, 2.8941, 0.3085, 0.5716, 0.4046, 1.1897, 0.3942, 0.2612, 0.0098]",0.4914454684316698,"[[0.0, 100.0], [0.53, 77.92], [1.05, 57.76], [1.58, 44.99], [2.11, 35.56], [2.63, 26.62], [3.16, 20.87], [3.68, 14.46], [4.21, 10.86], [4.74, 11.44], [5.26, 7.66], [5.79, 5.56], [6.32, 4.26], [6.84, 2.65], [7.37, 1.89], [7.89, 0.15], [8.42, 1.15], [8.95, 1.05], [9.47, 1.17], [10.0, 0.49]]",21.32618276029986,100.0
90,18,0,0.85,0.5,0.1,10,10.0,132,1.0,0.849341777489795,9,9,0.7171706929811367,"[1, 0, 2, 0, 0, 0, 0, 2, 0, 0]","[0.1848, 0.4585, 0.808, 1.4173]",35.14322890300018,"[[0.0, 98.47], [0.53, 96.8], [1.05, 90.0], [1.58, 86.21], [2.11, 80.28], [2.63, 75.5], [3.16, 73.48], [3.68, 69.29], [4.21, 66.16], [4.74, 60.9], [5.26, 59.81], [5.79, 56.57], [6.32, 52.67], [6.84, 50.27], [7.37, 48.77], [7.89, 45.45], [8.42, 42.43], [8.95, 41.81], [9.47, 38.04], [10.0, 35.14]]",63.40282164319852,100.0
91,18,1,0.85,0.5,0.1,10,10.0,133,1.0,0.8264279340416735,8,8,1.9167183808751846,"[0, 1, 1, 0, 0, 1, 2, 2, 1, 0]","[0.385, 4.9185, 1.0818, 3.2812, 1.4974, 1.0926, 1.1605]",37.28277209927043,"[[0.0, 99.39], [0.53, 92.44], [1.05, 89.04], [1.58, 85.59], [2.11, 81.31], [2.63, 77.79], [3.16, 72.51], [3.68, 70.75], [4.21, 63.06], [4.74, 62.81], [5.26, 57.54], [5.79, 57.47], [6.32, 54.0], [6.84, 49.33], [7.37, 47.01], [7.89, 46.47], [8.42, 43.3], [8.95, 40.77], [9.47, 37.93], [10.0, 37.28]]",63.290802338527385,100.0
92,18,2,0.85,0.5,0.1,10,10.0,134,1.0,0.828118456982617,8,8,1.5439535139376042,"[0, 1, 0, 0, 0, 0, 0, 1, 0, 0]",[1.544],37.404587409243796,"[[0.0, 100.0], [0.53, 96.85], [1.05, 89.45], [1.58, 85.95], [2.11, 80.23], [2.63, 75.88], [3.16, 72.7], [3.68, 68.82], [4.21, 66.41], [4.74, 61.96], [5.26, 60.46], [5.79, 56.19], [6.32, 52.29], [6.84, 51.34], [7.37, 48.02], [7.89, 44.39], [8.42, 42.15], [8.95, 39.13], [9.47, 40.36], [10.0, 37.4]]",63.499460905495354,100.0
93,18,3,0.85,0.5,0.1,10,10.0,135,1.0,0.8562707813069261,5,5,2.373789449490695,"[0, 1, 0, 1, 0, 1, 0, 0, 1, 2]","[0.9396, 0.9705, 1.0621, 1.6492, 7.2475]",34.84592106949512,"[[0.0, 100.0], [0.53, 96.06], [1.05, 90.49], [1.58, 86.95], [2.11, 79.26], [2.63, 75.83], [3.16, 73.96], [3.68, 68.38], [4.21, 65.27], [4.74, 63.68], [5.26, 60.52], [5.79, 55.95], [6.32, 52.78], [6.84, 49.85], [7.37, 47.92], [7.89, 45.81], [8.42, 43.52], [8.95, 39.42], [9.47, 39.66], [10.0, 34.85]]",63.508431640068274,100.0
94,18,4,0.85,0.5,0.1,10,10.0,136,1.0,0.847274351394405,2,2,2.4428652616170936,"[1, 0, 1, 0, 0, 0, 0, 1, 0, 1]","[3.0136, 3.196, 1.119]",36.95768753930601,"[[0.0, 100.0], [0.53, 95.72], [1.05, 90.02], [1.58, 85.27], [2.11, 81.79], [2.63, 76.8], [3.16, 71.49], [3.68, 70.06], [4.21, 64.92], [4.74, 62.69], [5.26, 59.53], [5.79, 56.61], [6.32, 52.36], [6.84, 51.71], [7.37, 46.89], [7.89, 44.28], [8.42, 41.24], [8.95, 42.15], [9.47, 40.65], [10.0, 36.96]]",63.556694581350555,100.0
95,19,0,0.85,0.5,0.1,50,10.0,137,1.0,0.7980385032267602,7,7,1.9015992392409973,"[1, 1, 2, 0, 0, 1, 0, 1, 0, 0]","[1.6601, 4.1009, 3.6643, 0.0778, 0.0049]",36.97984720881883,"[[0.0, 99.8], [0.53, 95.79], [1.05, 89.82], [1.58, 86.23], [2.11, 81.65], [2.63, 75.87], [3.16, 71.82], [3.68, 70.97], [4.21, 65.45], [4.74, 62.37], [5.26, 60.63], [5.79, 56.71], [6.32, 52.54], [6.84, 50.12], [7.37, 48.94], [7.89, 46.78], [8.42, 42.74], [8.95, 42.21], [9.47, 38.4], [10.0, 36.98]]",63.79047097747033,100.0
96,19,1,0.85,0.5,0.1,50,10.0,138,1.0,0.840063583568157,8,8,1.547624907276486,"[2, 1, 0, 0, 3, 0, 0, 0, 0, 1]","[0.3832, 1.9437, 3.3867, 2.8142, 0.3685, 0.3896]",37.131356775364644,"[[0.0, 100.0], [0.53, 94.17], [1.05, 89.7], [1.58, 83.45], [2.11, 81.18], [2.63, 77.78], [3.16, 73.33], [3.68, 70.33], [4.21, 66.33], [4.74, 61.41], [5.26, 59.45], [5.79, 57.6], [6.32, 53.99], [6.84, 50.36], [7.37, 46.44], [7.89, 45.71], [8.42, 43.01], [8.95, 39.38], [9.47, 38.8], [10.0, 37.13]]",63.477691931726305,100.0
97,19,2,0.85,0.5,0.1,50,10.0,139,1.0,0.804518918915865,3,3,2.892828332050455,"[2, 0, 0, 1, 0, 2, 0, 0, 1, 1]","[4.6476, 5.7993, 0.0618, 0.5536, 3.8484, 2.4462]",37.65217604533196,"[[0.0, 99.8], [0.53, 95.0], [1.05, 89.45], [1.58, 85.98], [2.11, 80.28], [2.63, 77.19], [3.16, 73.11], [3.68, 67.75], [4.21, 66.47], [4.74, 61.47], [5.26, 58.41], [5.79, 55.72], [6.32, 53.24], [6.84, 51.63], [7.37, 48.29], [7.89, 45.71], [8.42, 43.55], [8.95, 39.68], [9.47, 37.79], [10.0, 37.65]]",63.40934455123666,100.0
98,19,3,0.85,0.5,0.1,50,10.0,140,1.0,0.8176689188951191,7,7,1.684845728210964,"[0, 0, 0, 0, 1, 1, 1, 0, 1, 0]","[0.6525, 1.8012, 2.6008]",37.46904805185915,"[[0.0, 100.0], [0.53, 93.82], [1.05, 89.29], [1.58, 85.08], [2.11, 81.96], [2.63, 77.13], [3.16, 71.87], [3.68, 69.49], [4.21, 64.94], [4.74, 61.12], [5.26, 58.18], [5.79, 56.7], [6.32, 53.69], [6.84, 52.51], [7.37, 48.64], [7.89, 46.18], [8.42, 42.28], [8.95, 40.53], [9.47, 38.13], [10.0, 37.47]]",63.45126681106912,100.0
99,19,4,0.85,0.5,0.1,50,10.0,141,1.0,0.8364399826722604,2,2,5.05164936249165,"[0, 0, 0, 1, 0, 0, 1, 0, 0, 0]",[5.0516],37.09853121776077,"[[0.0, 100.0], [0.53, 95.12], [1.05, 91.12], [1.58, 86.64], [2.11, 80.45], [2.63, 78.98], [3.16, 72.05], [3.68, 69.33], [4.21, 64.54], [4.74, 60.28], [5.26, 58.45], [5.79, 56.1], [6.32, 54.03], [6.84, 49.59], [7.37, 48.09], [7.89, 45.92], [8.42, 42.9], [8.95, 40.65], [9.47, 37.16], [10.0, 37.1]]",63.424129135811825,100.0
100,20,0,0.85,0.5,0.3,10,10.0,142,1.0,0.8677372779910876,1,1,2.9030148475562343,"[2, 0, 0, 0, 0, 1, 1, 0, 1, 0]","[5.7483, 0.4176, 5.1547, 0.2914]",5.1230004892030685,"[[0.0, 99.54], [0.53, 86.25], [1.05, 71.25], [1.58, 63.36], [2.11, 53.52], [2.63, 46.33], [3.16, 38.47], [3.68, 32.33], [4.21, 26.53], [4.74, 26.69], [5.26, 20.86], [5.79, 18.12], [6.32, 15.51], [6.84, 14.05], [7.37, 11.55], [7.89, 9.63], [8.42, 7.82], [8.95, 7.29], [9.47, 6.54], [10.0, 5.12]]",33.03865746158345,100.0
101,20,1,0.85,0.5,0.3,10,10.0,143,1.0,0.8689718060901942,7,7,3.191079193508103,"[1, 0, 0, 0, 0, 1, 0, 0, 1, 0]","[5.3169, 1.0652]",4.394119985526275,"[[0.0, 100.0], [0.53, 86.22], [1.05, 73.87], [1.58, 62.96], [2.11, 53.29], [2.63, 43.78], [3.16, 38.73], [3.68, 32.57], [4.21, 31.58], [4.74, 24.98], [5.26, 21.33], [5.79, 17.98], [6.32, 14.95], [6.84, 12.95], [7.37, 8.5], [7.89, 10.56], [8.42, 7.63], [8.95, 6.51], [9.47, 5.32], [10.0, 4.39]]",32.90648027369265,100.0
102,20,2,0.85,0.5,0.3,10,10.0,144,1.0,0.8668244371062617,3,3,1.3648235592789038,"[0, 0, 0, 0, 0, 0, 1, 1, 1, 1]","[0.3508, 2.0301, 1.7136]",4.628849199377878,"[[0.0, 99.28], [0.53, 84.21], [1.05, 73.01], [1.58, 63.11], [2.11, 52.22], [2.63, 43.35], [3.16, 37.33], [3.68, 32.2], [4.21, 27.92], [4.74, 23.29], [5.26, 21.52], [5.79, 17.82], [6.32, 15.18], [6.84, 11.73], [7.37, 10.84], [7.89, 10.58], [8.42, 8.3], [8.95, 7.36], [9.47, 5.11], [10.0, 4.63]]",32.449353607115874,100.0
103,20,3,0.85,0.5,0.3,10,10.0,145,1.0,0.8484590349613736,6,6,2.2816806982110465,"[0, 0, 1, 1, 1, 0, 2, 2, 1, 0]","[1.0063, 3.9058, 6.7257, 2.3661, 0.1555, 0.4741, 1.3383]",6.457660931194507,"[[0.0, 99.29], [0.53, 84.78], [1.05, 71.15], [1.58, 60.36], [2.11, 52.78], [2.63, 45.9], [3.16, 39.24], [3.68, 33.34], [4.21, 28.32], [4.74, 24.55], [5.26, 20.62], [5.79, 18.17], [6.32, 14.12], [6.84, 12.74], [7.37, 11.25], [7.89, 10.56], [8.42, 8.74], [8.95, 7.96], [9.47, 6.8], [10.0, 6.46]]",32.857516026377056,100.0
104,20,4,0.85,0.5,0.3,10,10.0,146,1.0,0.8248036342396415,5,5,3.12229730326615,"[0, 0, 1, 1, 0, 1, 0, 0, 1, 0]","[0.5129, 4.5845, 4.2695]",7.44243300416004,"[[0.0, 100.0], [0.53, 85.9], [1.05, 73.77], [1.58, 61.81], [2.11, 53.57], [2.63, 46.06], [3.16, 41.37], [3.68, 33.34], [4.21, 28.9], [4.74, 24.69], [5.26, 19.64], [5.79, 17.4], [6.32, 14.98], [6.84, 14.57], [7.37, 11.21], [7.89, 9.67], [8.42, 8.89], [8.95, 5.69], [9.47, 5.17], [10.0, 7.44]]",33.203290476196244,100.0
105,21,0,0.85,0.5,0.3,50,10.0,147,1.0,0.849720672633363,6,6,2.4026450095737357,"[0, 1, 1, 2, 0, 1, 0, 0, 2, 0]","[0.606, 1.808, 0.1739, 11.1028, 0.5566, 0.1687]",3.748034883334284,"[[0.0, 100.0], [0.53, 86.06], [1.05, 72.68], [1.58, 64.37], [2.11, 52.21], [2.63, 43.1], [3.16, 38.86], [3.68, 32.3], [4.21, 27.87], [4.74, 23.29], [5.26, 20.97], [5.79, 17.41], [6.32, 15.4], [6.84, 11.15], [7.37, 10.51], [7.89, 9.8], [8.42, 6.38], [8.95, 8.21], [9.47, 5.26], [10.0, 3.75]]",32.47928160686612,100.0
106,21,1,0.85,0.5,0.3,50,10.0,148,1.0,0.8174192422999272,9,9,2.4916963710400672,"[0, 0, 1, 0, 0, 1, 0, 0, 0, 2]","[1.4012, 3.5689, 2.505]",5.453542715552624,"[[0.0, 99.46], [0.53, 85.29], [1.05, 73.43], [1.58, 62.74], [2.11, 53.45], [2.63, 47.63], [3.16, 37.37], [3.68, 33.84], [4.21, 27.29], [4.74, 23.85], [5.26, 20.17], [5.79, 19.01], [6.32, 14.56], [6.84, 12.72], [7.37, 10.39], [7.89, 8.68], [8.42, 7.43], [8.95, 6.83], [9.47, 5.34], [10.0, 5.45]]",32.74718969901747,100.0
107,21,2,0.85,0.5,0.3,50,10.0,149,1.0,0.8299877701816704,2,2,1.574864977675954,"[0, 2, 1, 2, 0, 2, 0, 1, 0, 0]","[1.3474, 1.999, 2.8887, 0.6176, 0.9827, 2.5432, 0.6455]",4.76480457356781,"[[0.0, 100.0], [0.53, 86.11], [1.05, 73.18], [1.58, 61.38], [2.11, 53.34], [2.63, 46.61], [3.16, 38.37], [3.68, 32.53], [4.21, 28.27], [4.74, 25.05], [5.26, 20.27], [5.79, 17.27], [6.32, 15.45], [6.84, 11.69], [7.37, 9.36], [7.89, 11.02], [8.42, 9.42], [8.95, 6.91], [9.47, 6.57], [10.0, 4.76]]",32.87841086477121,100.0
108,21,3,0.85,0.5,0.3,50,10.0,150,1.0,0.8584578002750827,1,1,1.6684994139240366,"[0, 1, 1, 0, 0, 0, 1, 1, 1, 0]","[2.525, 2.6645, 0.8703, 0.6143]",4.195490110746505,"[[0.0, 99.31], [0.53, 86.05], [1.05, 73.62], [1.58, 61.4], [2.11, 52.29], [2.63, 44.89], [3.16, 38.92], [3.68, 33.44], [4.21, 29.54], [4.74, 25.39], [5.26, 21.54], [5.79, 18.34], [6.32, 15.58], [6.84, 13.03], [7.37, 10.61], [7.89, 9.59], [8.42, 9.78], [8.95, 5.6], [9.47, 4.81], [10.0, 4.2]]",32.895365149077485,100.0
109,21,4,0.85,0.5,0.3,50,10.0,151,1.0,0.8397680032385958,6,6,2.9937369619396472,"[0, 3, 1, 0, 0, 0, 0, 0, 1, 0]","[6.4507, 3.1646, 0.96, 1.3997]",3.6221625346803146,"[[0.0, 100.0], [0.53, 84.49], [1.05, 72.18], [1.58, 61.53], [2.11, 52.37], [2.63, 44.93], [3.16, 39.22], [3.68, 30.97], [4.21, 28.53], [4.74, 23.71], [5.26, 20.03], [5.79, 17.0], [6.32, 13.46], [6.84, 11.08], [7.37, 10.81], [7.89, 9.81], [8.42, 8.27], [8.95, 5.13], [9.47, 3.27], [10.0, 3.62]]",32.01990001494851,100.0
110,22,0,0.85,0.5,0.5,10,10.0,152,1.0,0.8582941786765663,2,2,1.3260162012684131,"[1, 0, 1, 1, 1, 1, 1, 0, 2, 0]","[0.3866, 3.1306, 0.4352, 0.6062, 2.0032, 2.6376, 0.0827]",1.4423581198801136,"[[0.0, 99.04], [0.53, 75.81], [1.05, 57.16], [1.58, 44.16], [2.11, 35.11], [2.63, 26.34], [3.16, 19.95], [3.68, 14.78], [4.21, 12.53], [4.74, 10.42], [5.26, 7.06], [5.79, 7.52], [6.32, 3.76], [6.84, 2.08], [7.37, 3.15], [7.89, 0.12], [8.42, 0.8], [8.95, 0.0], [9.47, 0.46], [10.0, 1.44]]",21.084320248234032,100.0
111,22,1,0.85,0.5,0.5,10,10.0,153,1.0,0.8287778734170282,7,7,2.6571558067189924,"[0, 0, 3, 0, 0, 1, 0, 0, 1, 0]","[3.695, 1.4569, 0.7722, 4.7046]",0.6176306409158054,"[[0.0, 100.0], [0.53, 75.77], [1.05, 60.01], [1.58, 46.63], [2.11, 34.07], [2.63, 26.4], [3.16, 21.64], [3.68, 16.98], [4.21, 11.16], [4.74, 8.93], [5.26, 6.22], [5.79, 6.14], [6.32, 3.69], [6.84, 3.89], [7.37, 2.28], [7.89, 1.78], [8.42, 0.0], [8.95, 2.24], [9.47, 0.0], [10.0, 0.62]]",21.422148263069637,100.0
112,22,2,0.85,0.5,0.5,10,10.0,154,1.0,0.8410406537765481,5,5,2.64909109139384,"[1, 0, 2, 1, 1, 1, 1, 0, 1, 0]","[4.5795, 1.7683, 0.2773, 6.9833, 2.2988, 2.2768, 0.3597]",0.0,"[[0.0, 98.79], [0.53, 76.94], [1.05, 59.48], [1.58, 46.22], [2.11, 36.19], [2.63, 26.02], [3.16, 20.58], [3.68, 14.47], [4.21, 10.83], [4.74, 8.56], [5.26, 9.68], [5.79, 4.88], [6.32, 5.17], [6.84, 3.49], [7.37, 1.75], [7.89, 1.53], [8.42, 0.09], [8.95, 0.36], [9.47, 2.97], [10.0, 0.0]]",21.39930541423392,100.0
113,22,3,0.85,0.5,0.5,10,10.0,155,1.0,0.8371881023307424,6,6,2.152057004938129,"[0, 0, 2, 1, 2, 1, 0, 0, 0, 0]","[0.2126, 0.3127, 3.8688, 1.0072, 5.359]",0.0,"[[0.0, 99.07], [0.53, 77.98], [1.05, 58.13], [1.58, 44.76], [2.11, 34.11], [2.63, 26.44], [3.16, 19.03], [3.68, 15.89], [4.21, 12.26], [4.74, 8.52], [5.26, 7.55], [5.79, 4.44], [6.32, 2.55], [6.84, 2.22], [7.37, 3.61], [7.89, 2.64], [8.42, 0.0], [8.95, 1.51], [9.47, 0.0], [10.0, 0.0]]",21.035609129942237,100.0
114,22,4,0.85,0.5,0.5,10,10.0,156,1.0,0.8203252228422777,1,1,1.2300816881847019,"[0, 2, 0, 0, 1, 0, 1, 1, 0, 0]","[3.5772, 0.0115, 0.9069, 0.4247]",0.0,"[[0.0, 100.0], [0.53, 78.39], [1.05, 58.99], [1.58, 45.0], [2.11, 35.54], [2.63, 26.47], [3.16, 21.19], [3.68, 15.82], [4.21, 12.68], [4.74, 9.93], [5.26, 7.89], [5.79, 6.65], [6.32, 4.42], [6.84, 1.37], [7.37, 2.66], [7.89, 0.87], [8.42, 1.2], [8.95, 0.31], [9.47, 0.48], [10.0, 0.0]]",21.493923501616386,100.0
115,23,0,0.85,0.5,0.5,50,10.0,157,1.0,0.868440269028766,4,4,5.535805233280176,"[0, 0, 0, 4, 0, 1, 0, 0, 0, 0]","[1.8229, 6.7897, 11.9848, 1.5457]",1.9721929391466022,"[[0.0, 100.0], [0.53, 76.22], [1.05, 58.49], [1.58, 44.36], [2.11, 33.91], [2.63, 27.18], [3.16, 20.92], [3.68, 17.62], [4.21, 11.96], [4.74, 10.49], [5.26, 6.84], [5.79, 7.1], [6.32, 3.39], [6.84, 2.72], [7.37, 2.52], [7.89, 2.52], [8.42, 2.4], [8.95, 2.12], [9.47, 0.0], [10.0, 1.97]]",21.63650224496405,100.0
116,23,1,0.85,0.5,0.5,50,10.0,158,1.0,0.812161033419245,10,10,1.3102599438933942,"[0, 0, 0, 0, 1, 1, 4, 1, 0, 0]","[2.3627, 0.9293, 0.8818, 0.6741, 1.6559, 1.3576]",0.0,"[[0.0, 99.69], [0.53, 77.73], [1.05, 60.32], [1.58, 45.73], [2.11, 35.22], [2.63, 27.85], [3.16, 20.89], [3.68, 17.79], [4.21, 11.68], [4.74, 8.28], [5.26, 8.16], [5.79, 3.47], [6.32, 4.59], [6.84, 0.72], [7.37, 0.5], [7.89, 0.49], [8.42, 1.92], [8.95, 0.61], [9.47, 1.61], [10.0, 0.0]]",21.36345951707203,100.0
117,23,2,0.85,0.5,0.5,50,10.0,159,1.0,0.8776557994433213,8,8,1.7731395619598034,"[1, 2, 0, 1, 0, 1, 0, 0, 0, 0]","[0.5004, 6.0807, 0.2176, 0.2938]",0.5823804789930854,"[[0.0, 100.0], [0.53, 76.53], [1.05, 59.61], [1.58, 45.65], [2.11, 35.16], [2.63, 26.93], [3.16, 21.62], [3.68, 16.13], [4.21, 13.15], [4.74, 11.61], [5.26, 6.66], [5.79, 5.56], [6.32, 4.03], [6.84, 3.63], [7.37, 3.4], [7.89, 2.21], [8.42, 2.2], [8.95, 1.73], [9.47, 1.72], [10.0, 0.58]]",21.9046427209554,100.0
118,23,3,0.85,0.5,0.5,50,10.0,160,1.0,0.8520683261974106,6,6,1.5974658852018266,"[0, 0, 1, 0, 0, 0, 1, 2, 0, 1]","[0.8722, 2.2682, 2.2289, 1.0206]",0.034481462767240845,"[[0.0, 98.5], [0.53, 75.89], [1.05, 57.69], [1.58, 45.03], [2.11, 34.65], [2.63, 26.83], [3.16, 20.33], [3.68, 14.89], [4.21, 12.86], [4.74, 10.5], [5.26, 8.34], [5.79, 5.04], [6.32, 2.83], [6.84, 4.82], [7.37, 2.38], [7.89, 1.93], [8.42, 0.0], [8.95, 2.68], [9.47, 0.57], [10.0, 0.03]]",21.290193061866507,100.0
119,23,4,0.85,0.5,0.5,50,10.0,161,1.0,0.858166628496011,5,5,1.7214129047786149,"[1, 0, 0, 1, 1, 0, 1, 1, 1, 1]","[0.3032, 3.3338, 1.5894, 2.4872, 0.7441, 1.8707]",0.42240019862926703,"[[0.0, 100.0], [0.53, 77.61], [1.05, 59.1], [1.58, 45.58], [2.11, 36.49], [2.63, 27.66], [3.16, 19.04], [3.68, 14.63], [4.21, 12.34], [4.74, 9.46], [5.26, 8.71], [5.79, 5.25], [6.32, 6.58], [6.84, 3.99], [7.37, 3.1], [7.89, 1.22], [8.42, 1.78], [8.95, 0.34], [9.47, 1.35], [10.0, 0.42]]",21.73264027520455,100.0
120,24,0,0.85,1.0,0.1,10,10.0,162,1.0,0.8581550143993338,4,4,0.5259064694074025,"[0, 1, 0, 1, 1, 1, 1, 0, 0, 0]","[0.2605, 0.5873, 0.2635, 0.9924]",36.50228953703442,"[[0.0, 100.0], [0.53, 94.01], [1.05, 89.81], [1.58, 86.96], [2.11, 81.3], [2.63, 78.43], [3.16, 71.2], [3.68, 67.45], [4.21, 66.62], [4.74, 62.07], [5.26, 58.44], [5.79, 56.6], [6.32, 51.98], [6.84, 52.22], [7.37, 47.6], [7.89, 45.62], [8.42, 42.07], [8.95, 41.31], [9.47, 39.28], [10.0, 36.5]]",63.47408743729064,100.0
121,24,1,0.85,1.0,0.1,10,10.0,163,1.0,0.8560442199880133,13,13,1.3558539071890794,"[0, 1, 0, 0, 2, 3, 3, 1, 0, 0]","[2.1358, 0.5739, 0.9101, 0.5796, 3.9743, 1.4923, 0.4495, 1.7572, 0.3299]",36.900543381049886,"[[0.0, 100.0], [0.53, 94.39], [1.05, 90.56], [1.58, 84.97], [2.11, 82.53], [2.63, 77.39], [3.16, 72.93], [3.68, 69.44], [4.21, 65.44], [4.74, 62.22], [5.26, 61.06], [5.79, 56.61], [6.32, 53.71], [6.84, 49.44], [7.37, 45.89], [7.89, 46.27], [8.42, 43.25], [8.95, 40.73], [9.47, 38.58], [10.0, 36.9]]",63.6157757590596,100.0
122,24,2,0.85,1.0,0.1,10,10.0,164,1.0,0.8435135084843497,4,4,0.8865255078436504,"[0, 0, 0, 0, 1, 3, 1, 1, 1, 0]","[0.3633, 3.5117, 0.3688, 0.6736, 0.394, 0.0078]",37.55833939670003,"[[0.0, 99.42], [0.53, 94.28], [1.05, 89.26], [1.58, 85.88], [2.11, 79.25], [2.63, 76.77], [3.16, 73.33], [3.68, 68.86], [4.21, 65.93], [4.74, 61.25], [5.26, 60.52], [5.79, 57.22], [6.32, 53.17], [6.84, 51.55], [7.37, 47.65], [7.89, 46.32], [8.42, 42.69], [8.95, 41.3], [9.47, 38.62], [10.0, 37.56]]",63.54017147506278,100.0
123,24,3,0.85,1.0,0.1,10,10.0,165,1.0,0.8380684563533995,10,10,0.7471293044287703,"[3, 0, 2, 2, 2, 1, 0, 1, 0, 2]","[1.1845, 0.5412, 0.1093, 0.7286, 0.2265, 1.1663, 0.8805, 1.0835, 0.2962, 1.9435, 0.7992, 0.0062]",34.634052733970975,"[[0.0, 100.0], [0.53, 96.68], [1.05, 91.2], [1.58, 85.3], [2.11, 80.87], [2.63, 77.56], [3.16, 73.87], [3.68, 69.94], [4.21, 66.55], [4.74, 62.42], [5.26, 57.84], [5.79, 54.96], [6.32, 52.17], [6.84, 49.58], [7.37, 46.69], [7.89, 45.14], [8.42, 44.27], [8.95, 42.49], [9.47, 39.08], [10.0, 34.63]]",63.5613856426405,100.0
124,24,4,0.85,1.0,0.1,10,10.0,166,1.0,0.832142557682441,12,12,1.200961677508043,"[0, 0, 1, 2, 0, 1, 2, 1, 2, 0]","[1.5113, 0.3151, 2.3299, 0.5402, 0.2225, 1.6299, 2.258, 0.8007]",36.97553178249734,"[[0.0, 100.0], [0.53, 94.96], [1.05, 89.11], [1.58, 86.76], [2.11, 80.24], [2.63, 76.18], [3.16, 74.94], [3.68, 69.75], [4.21, 64.87], [4.74, 61.73], [5.26, 59.82], [5.79, 56.84], [6.32, 50.35], [6.84, 51.92], [7.37, 46.73], [7.89, 45.25], [8.42, 43.49], [8.95, 40.24], [9.47, 38.79], [10.0, 36.98]]",63.44704620786977,100.0
125,25,0,0.85,1.0,0.1,50,10.0,167,1.0,0.848814506342257,11,11,0.7314424356054148,"[1, 0, 1, 0, 0, 2, 1, 1, 2, 1]","[0.5267, 1.0743, 0.0904, 0.7566, 0.7928, 1.1365, 0.9818, 0.4924]",37.65167549668272,"[[0.0, 99.82], [0.53, 95.26], [1.05, 90.99], [1.58, 85.44], [2.11, 80.32], [2.63, 76.19], [3.16, 72.09], [3.68, 67.08], [4.21, 64.72], [4.74, 61.48], [5.26, 58.24], [5.79, 54.59], [6.32, 53.38], [6.84, 51.64], [7.37, 47.12], [7.89, 45.29], [8.42, 44.91], [8.95, 41.28], [9.47, 37.53], [10.0, 37.65]]",63.25223217963445,100.0
126,25,1,0.85,1.0,0.1,50,10.0,168,1.0,0.8278627921331053,8,8,1.4515908320969848,"[1, 0, 0, 0, 0, 3, 2, 0, 1, 1]","[2.0407, 0.8315, 0.3841, 1.1081, 0.5807, 2.8857, 2.3304]",35.84742253896525,"[[0.0, 97.06], [0.53, 93.91], [1.05, 88.25], [1.58, 85.58], [2.11, 81.87], [2.63, 76.2], [3.16, 73.05], [3.68, 68.32], [4.21, 64.46], [4.74, 61.49], [5.26, 58.43], [5.79, 57.51], [6.32, 53.62], [6.84, 50.65], [7.37, 47.31], [7.89, 45.84], [8.42, 44.57], [8.95, 41.17], [9.47, 38.58], [10.0, 35.85]]",63.18665521776275,100.0
127,25,2,0.85,1.0,0.1,50,10.0,169,1.0,0.8464255732097552,10,10,0.8012955082359877,"[1, 3, 0, 1, 0, 1, 1, 0, 0, 3]","[0.4019, 3.6312, 1.2767, 0.1702, 0.2338, 0.5979, 0.2826, 0.6037, 0.0137]",36.111393253558504,"[[0.0, 99.99], [0.53, 94.94], [1.05, 88.91], [1.58, 85.74], [2.11, 81.68], [2.63, 75.35], [3.16, 72.29], [3.68, 69.48], [4.21, 65.92], [4.74, 61.68], [5.26, 59.29], [5.79, 58.69], [6.32, 53.06], [6.84, 49.54], [7.37, 47.58], [7.89, 45.88], [8.42, 43.78], [8.95, 39.95], [9.47, 37.88], [10.0, 36.11]]",63.388736689889946,100.0
128,25,3,0.85,1.0,0.1,50,10.0,170,1.0,0.8644863881214583,12,12,0.9115417542035157,"[0, 1, 1, 0, 2, 1, 2, 1, 1, 0]","[0.3287, 0.2121, 0.761, 0.7178, 2.5963, 0.7453, 0.9045, 1.0267]",35.60849933505015,"[[0.0, 100.0], [0.53, 95.08], [1.05, 88.59], [1.58, 84.82], [2.11, 81.09], [2.63, 76.49], [3.16, 71.06], [3.68, 67.89], [4.21, 65.36], [4.74, 61.43], [5.26, 59.26], [5.79, 56.89], [6.32, 52.78], [6.84, 51.85], [7.37, 46.85], [7.89, 45.08], [8.42, 42.77], [8.95, 42.35], [9.47, 38.46], [10.0, 35.61]]",63.18596927254107,100.0
129,25,4,0.85,1.0,0.1,50,10.0,171,1.0,0.8561996125090805,10,10,0.8043920835243017,"[6, 0, 1, 0, 0, 0, 0, 2, 2, 2]","[0.7712, 0.0197, 0.9647, 1.0495, 0.9253, 0.353, 0.1648, 1.1504, 0.1808, 0.6636, 1.6142, 1.7956]",38.12193592190252,"[[0.0, 100.0], [0.53, 96.19], [1.05, 90.8], [1.58, 87.07], [2.11, 81.38], [2.63, 76.98], [3.16, 73.4], [3.68, 69.42], [4.21, 65.39], [4.74, 62.75], [5.26, 58.49], [5.79, 56.16], [6.32, 51.99], [6.84, 51.85], [7.37, 48.7], [7.89, 45.06], [8.42, 43.03], [8.95, 41.08], [9.47, 38.21], [10.0, 38.12]]",63.80371960733955,100.0
130,26,0,0.85,1.0,0.3,10,10.0,172,1.0,0.8303859173143935,11,11,0.48127021265493836,"[2, 3, 1, 1, 0, 1, 2, 0, 3, 0]","[0.1944, 0.3826, 0.0061, 0.3211, 0.3163, 0.0448, 0.5948, 1.5798, 1.6575, 0.1988, 0.4221, 0.057]",5.453078088706346,"[[0.0, 100.0], [0.53, 84.37], [1.05, 70.88], [1.58, 63.43], [2.11, 53.08], [2.63, 44.89], [3.16, 38.2], [3.68, 31.53], [4.21, 28.42], [4.74, 24.69], [5.26, 21.28], [5.79, 16.07], [6.32, 14.9], [6.84, 12.93], [7.37, 11.37], [7.89, 9.69], [8.42, 6.69], [8.95, 6.55], [9.47, 3.94], [10.0, 5.45]]",32.418387838422504,100.0
131,26,1,0.85,1.0,0.3,10,10.0,173,1.0,0.8668067917234994,4,4,1.271627816003181,"[0, 5, 1, 1, 1, 0, 1, 0, 1, 0]","[0.82, 0.5692, 0.2862, 2.7232, 2.1943, 0.5867, 1.3003, 2.2356, 0.7292]",4.6598312069636245,"[[0.0, 98.6], [0.53, 86.68], [1.05, 74.41], [1.58, 62.83], [2.11, 50.42], [2.63, 44.21], [3.16, 40.23], [3.68, 35.36], [4.21, 27.91], [4.74, 24.76], [5.26, 21.18], [5.79, 18.25], [6.32, 16.87], [6.84, 11.97], [7.37, 8.58], [7.89, 9.24], [8.42, 8.31], [8.95, 5.75], [9.47, 6.56], [10.0, 4.66]]",32.83837622312588,100.0
132,26,2,0.85,1.0,0.3,10,10.0,174,1.0,0.8554806423830126,15,15,1.0411629585118243,"[0, 2, 0, 1, 2, 1, 1, 1, 2, 1]","[0.7037, 2.8586, 0.957, 0.6935, 0.086, 0.0528, 3.0628, 0.1566, 1.1625, 0.678]",5.056094176904621,"[[0.0, 98.86], [0.53, 87.88], [1.05, 72.29], [1.58, 62.82], [2.11, 52.18], [2.63, 45.65], [3.16, 37.42], [3.68, 32.2], [4.21, 29.75], [4.74, 23.73], [5.26, 22.95], [5.79, 17.04], [6.32, 15.36], [6.84, 13.58], [7.37, 11.98], [7.89, 10.69], [8.42, 6.51], [8.95, 7.95], [9.47, 5.65], [10.0, 5.06]]",32.97647805251687,100.0
133,26,3,0.85,1.0,0.3,10,10.0,175,1.0,0.9018734585318631,11,11,0.7282823120046107,"[2, 1, 1, 0, 2, 0, 0, 0, 1, 0]","[0.3595, 2.1254, 0.1748, 0.4652, 1.0558, 0.189]",4.997211950652392,"[[0.0, 100.0], [0.53, 87.19], [1.05, 71.96], [1.58, 61.92], [2.11, 53.62], [2.63, 45.99], [3.16, 39.62], [3.68, 32.53], [4.21, 30.57], [4.74, 23.32], [5.26, 21.17], [5.79, 18.45], [6.32, 15.62], [6.84, 11.5], [7.37, 11.62], [7.89, 8.12], [8.42, 7.25], [8.95, 7.13], [9.47, 5.32], [10.0, 5.0]]",32.89537134604281,100.0
134,26,4,0.85,1.0,0.3,10,10.0,176,1.0,0.8304523748016174,15,15,1.0161189447474583,"[1, 1, 0, 0, 3, 4, 0, 2, 0, 2]","[0.0727, 0.1332, 0.4345, 4.18, 0.8836, 1.9311, 1.7666, 0.5169, 0.2837, 0.4482, 1.0468, 0.4962]",6.071588748360985,"[[0.0, 98.99], [0.53, 85.1], [1.05, 71.77], [1.58, 62.45], [2.11, 52.45], [2.63, 45.73], [3.16, 36.48], [3.68, 35.37], [4.21, 28.4], [4.74, 25.12], [5.26, 19.73], [5.79, 18.56], [6.32, 16.27], [6.84, 11.22], [7.37, 11.28], [7.89, 9.62], [8.42, 5.92], [8.95, 4.67], [9.47, 6.06], [10.0, 6.07]]",32.56360152101836,100.0
135,27,0,0.85,1.0,0.3,50,10.0,177,1.0,0.8657661787670247,10,10,0.6800023572348691,"[0, 2, 1, 0, 2, 2, 1, 1, 0, 2]","[1.9405, 0.6812, 0.1059, 0.5805, 0.2585, 0.1082, 0.6714, 0.0125, 0.2855, 2.1558]",4.875163896744928,"[[0.0, 100.0], [0.53, 85.79], [1.05, 74.05], [1.58, 64.75], [2.11, 54.04], [2.63, 45.64], [3.16, 36.58], [3.68, 33.52], [4.21, 28.37], [4.74, 24.49], [5.26, 21.81], [5.79, 18.42], [6.32, 14.32], [6.84, 13.07], [7.37, 10.38], [7.89, 11.21], [8.42, 8.77], [8.95, 6.8], [9.47, 5.5], [10.0, 4.88]]",33.119363074560596,100.0
136,27,1,0.85,1.0,0.3,50,10.0,178,1.0,0.8692407840067982,13,13,0.5974903168956425,"[2, 3, 1, 0, 3, 1, 0, 0, 2, 3]","[0.4618, 0.4468, 0.5037, 1.2503, 0.739, 0.5401, 1.2368, 1.7457, 0.2532, 0.4361, 0.3849, 0.3139, 0.0335, 0.0191]",4.8407789077696854,"[[0.0, 99.68], [0.53, 85.38], [1.05, 72.89], [1.58, 62.05], [2.11, 54.55], [2.63, 44.74], [3.16, 39.08], [3.68, 33.47], [4.21, 26.28], [4.74, 26.64], [5.26, 21.79], [5.79, 18.5], [6.32, 13.57], [6.84, 13.84], [7.37, 11.06], [7.89, 8.51], [8.42, 6.64], [8.95, 7.64], [9.47, 5.39], [10.0, 4.84]]",32.8276157564333,100.0
137,27,2,0.85,1.0,0.3,50,10.0,179,1.0,0.8261537702769536,18,18,0.9769503376200057,"[2, 1, 2, 1, 0, 1, 0, 1, 0, 1]","[1.5471, 1.112, 1.5666, 1.7236, 0.4435, 0.262, 0.4171, 0.7437]",5.514212046841416,"[[0.0, 99.02], [0.53, 84.92], [1.05, 74.21], [1.58, 61.32], [2.11, 53.04], [2.63, 45.56], [3.16, 39.31], [3.68, 31.64], [4.21, 28.22], [4.74, 24.66], [5.26, 18.97], [5.79, 17.56], [6.32, 14.68], [6.84, 13.28], [7.37, 11.07], [7.89, 11.98], [8.42, 7.46], [8.95, 5.86], [9.47, 5.14], [10.0, 5.51]]",32.670993262871086,100.0
138,27,3,0.85,1.0,0.3,50,10.0,180,1.0,0.8581692309959084,11,11,0.5055049084679913,"[1, 0, 1, 0, 2, 0, 3, 0, 0, 1]","[0.5093, 0.2121, 0.1739, 1.4371, 1.0831, 0.0998, 0.0233]",6.853295120872367,"[[0.0, 99.97], [0.53, 84.7], [1.05, 71.54], [1.58, 61.07], [2.11, 53.14], [2.63, 44.85], [3.16, 39.14], [3.68, 33.66], [4.21, 26.69], [4.74, 23.0], [5.26, 18.7], [5.79, 16.03], [6.32, 16.3], [6.84, 13.84], [7.37, 10.6], [7.89, 8.96], [8.42, 7.52], [8.95, 6.26], [9.47, 6.84], [10.0, 6.85]]",32.482758382930136,100.0
139,27,4,0.85,1.0,0.3,50,10.0,181,1.0,0.8408395194204333,13,13,1.4459167285884327,"[1, 0, 0, 0, 0, 1, 1, 2, 2, 1]","[4.4702, 1.1423, 0.1189, 0.2259, 1.4119, 1.287, 1.4652]",4.081785504330174,"[[0.0, 100.0], [0.53, 85.15], [1.05, 73.73], [1.58, 61.15], [2.11, 53.78], [2.63, 44.88], [3.16, 39.14], [3.68, 33.77], [4.21, 28.82], [4.74, 24.28], [5.26, 21.44], [5.79, 15.83], [6.32, 16.46], [6.84, 13.0], [7.37, 11.63], [7.89, 10.06], [8.42, 7.43], [8.95, 7.81], [9.47, 4.21], [10.0, 4.08]]",32.83339780450158,100.0
140,28,0,0.85,1.0,0.5,10,10.0,182,1.0,0.8350365942663134,6,6,1.017184282509192,"[1, 0, 3, 1, 2, 0, 0, 1, 0, 1]","[1.9866, 0.9955, 1.0268, 2.2679, 0.9201, 0.7382, 0.149, 0.0535]",0.0,"[[0.0, 99.28], [0.53, 76.61], [1.05, 59.21], [1.58, 46.59], [2.11, 35.02], [2.63, 26.25], [3.16, 22.07], [3.68, 16.12], [4.21, 11.74], [4.74, 8.71], [5.26, 5.76], [5.79, 3.88], [6.32, 4.35], [6.84, 3.01], [7.37, 2.2], [7.89, 1.93], [8.42, 2.51], [8.95, 0.68], [9.47, 1.01], [10.0, 0.0]]",21.346615138415466,100.0
141,28,1,0.85,1.0,0.5,10,10.0,183,1.0,0.8491646491662775,12,12,1.1502507558954507,"[2, 5, 1, 0, 1, 1, 3, 1, 0, 1]","[0.5399, 0.7149, 0.879, 0.0885, 0.266, 0.9325, 0.7777, 4.0116, 2.2192, 0.5888, 0.4529, 0.8461, 0.2314, 3.5549]",0.0,"[[0.0, 100.0], [0.53, 76.59], [1.05, 57.86], [1.58, 46.38], [2.11, 35.08], [2.63, 28.5], [3.16, 22.01], [3.68, 17.07], [4.21, 13.93], [4.74, 10.02], [5.26, 5.86], [5.79, 5.55], [6.32, 4.56], [6.84, 2.83], [7.37, 1.82], [7.89, 2.41], [8.42, 1.19], [8.95, 2.17], [9.47, 1.4], [10.0, 0.0]]",21.761815378365423,100.0
142,28,2,0.85,1.0,0.5,10,10.0,184,1.0,0.8304058203372542,14,14,1.0287388894773764,"[0, 2, 0, 0, 0, 0, 2, 0, 2, 3]","[1.9042, 0.7777, 0.483, 3.1723, 1.1167, 0.2654, 0.4329, 0.0778]",1.577788926068314,"[[0.0, 99.04], [0.53, 75.94], [1.05, 58.86], [1.58, 43.54], [2.11, 34.79], [2.63, 26.5], [3.16, 21.05], [3.68, 16.65], [4.21, 12.84], [4.74, 9.2], [5.26, 6.62], [5.79, 5.1], [6.32, 2.6], [6.84, 4.07], [7.37, 3.54], [7.89, 0.25], [8.42, 1.88], [8.95, 2.39], [9.47, 2.66], [10.0, 1.58]]",21.453543058618735,100.0
143,28,3,0.85,1.0,0.5,10,10.0,185,1.0,0.8708168303055316,7,7,0.8254108229144373,"[0, 0, 1, 1, 2, 1, 0, 2, 1, 2]","[1.4363, 2.1667, 0.1351, 0.8164, 0.3349, 0.3423, 1.2085, 0.5752, 0.4134]",0.07142172126778301,"[[0.0, 100.0], [0.53, 76.91], [1.05, 59.42], [1.58, 45.73], [2.11, 35.44], [2.63, 26.62], [3.16, 19.8], [3.68, 15.67], [4.21, 12.22], [4.74, 10.92], [5.26, 6.82], [5.79, 5.78], [6.32, 3.35], [6.84, 3.89], [7.37, 1.35], [7.89, 4.02], [8.42, 2.34], [8.95, 0.47], [9.47, 0.0], [10.0, 0.07]]",21.541133046081097,100.0
144,28,4,0.85,1.0,0.5,10,10.0,186,1.0,0.8550716456930395,10,10,1.1639025996630377,"[1, 1, 2, 0, 3, 1, 2, 1, 1, 0]","[4.0688, 2.8357, 0.2288, 0.9564, 0.4212, 1.9467, 0.6378, 0.7004, 0.2832, 0.503, 0.2211]",1.118470021088626,"[[0.0, 100.0], [0.53, 76.42], [1.05, 58.48], [1.58, 46.32], [2.11, 33.81], [2.63, 27.81], [3.16, 21.12], [3.68, 15.68], [4.21, 11.94], [4.74, 8.47], [5.26, 7.42], [5.79, 6.09], [6.32, 3.76], [6.84, 3.3], [7.37, 3.47], [7.89, 2.14], [8.42, 1.47], [8.95, 0.7], [9.47, 0.22], [10.0, 1.12]]",21.487809430695588,100.0
145,29,0,0.85,1.0,0.5,50,10.0,187,1.0,0.8463373399447078,7,7,0.635118575644285,"[1, 2, 1, 2, 1, 1, 0, 1, 0, 0]","[0.1941, 2.4443, 0.5868, 0.6946, 0.1434, 0.5287, 0.4468, 0.0423]",0.3514426874178587,"[[0.0, 99.97], [0.53, 77.44], [1.05, 59.24], [1.58, 43.92], [2.11, 36.18], [2.63, 26.94], [3.16, 21.49], [3.68, 16.22], [4.21, 12.18], [4.74, 7.85], [5.26, 6.97], [5.79, 5.46], [6.32, 6.09], [6.84, 4.51], [7.37, 2.2], [7.89, 1.38], [8.42, 0.56], [8.95, 3.7], [9.47, 4.97], [10.0, 0.35]]",21.880876813402793,100.0
146,29,1,0.85,1.0,0.5,50,10.0,188,1.0,0.8584229198976563,5,5,1.096606728301025,"[2, 0, 3, 0, 0, 0, 1, 1, 1, 1]","[1.0734, 2.8749, 0.1159, 2.718, 0.2599, 0.779, 0.6333, 0.3185]",1.3305309698756798,"[[0.0, 99.82], [0.53, 75.68], [1.05, 59.97], [1.58, 45.82], [2.11, 34.92], [2.63, 25.15], [3.16, 21.15], [3.68, 14.85], [4.21, 9.89], [4.74, 9.16], [5.26, 7.08], [5.79, 6.76], [6.32, 4.2], [6.84, 2.07], [7.37, 2.31], [7.89, 2.9], [8.42, 2.33], [8.95, 2.16], [9.47, 0.33], [10.0, 1.33]]",21.392913319935204,100.0
147,29,2,0.85,1.0,0.5,50,10.0,189,1.0,0.8766681328566064,10,10,0.7750292570491566,"[0, 0, 0, 3, 1, 1, 0, 0, 1, 1]","[1.3511, 0.0871, 0.151, 0.9987, 0.9539, 1.1083]",1.8679287349688474,"[[0.0, 98.16], [0.53, 76.32], [1.05, 59.9], [1.58, 45.6], [2.11, 35.87], [2.63, 27.65], [3.16, 20.62], [3.68, 14.78], [4.21, 11.16], [4.74, 10.11], [5.26, 6.84], [5.79, 3.46], [6.32, 4.99], [6.84, 2.31], [7.37, 1.58], [7.89, 1.86], [8.42, 1.9], [8.95, 0.71], [9.47, 0.52], [10.0, 1.87]]",21.310007040271962,100.0
148,29,3,0.85,1.0,0.5,50,10.0,190,1.0,0.8788242322392812,10,10,1.2659770444230098,"[2, 0, 1, 0, 1, 1, 1, 2, 0, 2]","[0.4848, 1.5558, 1.3591, 4.8974, 0.7807, 0.6868, 0.4173, 0.4058, 0.8061]",0.2244150510247191,"[[0.0, 100.0], [0.53, 76.78], [1.05, 58.07], [1.58, 46.35], [2.11, 35.74], [2.63, 27.19], [3.16, 20.75], [3.68, 15.1], [4.21, 11.77], [4.74, 10.06], [5.26, 8.67], [5.79, 6.81], [6.32, 3.66], [6.84, 3.94], [7.37, 1.78], [7.89, 3.31], [8.42, 1.77], [8.95, 1.61], [9.47, 0.13], [10.0, 0.22]]",21.685531258723227,100.0
149,29,4,0.85,1.0,0.5,50,10.0,191,1.0,0.8614128638805456,5,5,1.0355754076870063,"[2, 3, 0, 1, 0, 0, 0, 2, 2, 1]","[0.2203, 0.8397, 0.4891, 0.3729, 2.8184, 0.0303, 0.2074, 2.8053, 1.9394, 0.6331]",1.2871817568229162,"[[0.0, 100.0], [0.53, 76.95], [1.05, 58.09], [1.58, 44.2], [2.11, 33.3], [2.63, 25.09], [3.16, 22.25], [3.68, 14.73], [4.21, 12.05], [4.74, 7.85], [5.26, 7.56], [5.79, 3.61], [6.32, 5.63], [6.84, 2.9], [7.37, 3.9], [7.89, 1.01], [8.42, 1.17], [8.95, 0.45], [9.47, 0.41], [10.0, 1.29]]",21.12144396363207,100.0
150,30,0,0.85,2.0,0.1,10,10.0,192,1.0,0.8443856066148007,22,22,0.4125975440371449,"[2, 2, 2, 2, 2, 1, 0, 3, 2, 0]","[0.1882, 0.1343, 0.3605, 0.3569, 0.278, 0.4227, 1.1763, 0.5289, 0.3847, 0.7979, 0.6416, 0.3995, 0.2673, 0.15, 0.102]",35.53484431330189,"[[0.0, 99.16], [0.53, 94.46], [1.05, 91.5], [1.58, 83.4], [2.11, 81.29], [2.63, 75.94], [3.16, 70.6], [3.68, 68.34], [4.21, 67.07], [4.74, 61.47], [5.26, 58.24], [5.79, 55.95], [6.32, 53.99], [6.84, 49.84], [7.37, 46.9], [7.89, 44.64], [8.42, 43.77], [8.95, 41.2], [9.47, 40.48], [10.0, 35.53]]",63.18967823637628,100.0
151,30,1,0.85,2.0,0.1,10,10.0,193,1.0,0.8638851762814579,20,20,0.4663453926984565,"[1, 2, 2, 5, 4, 2, 3, 2, 2, 4]","[0.653, 0.6176, 0.4041, 0.785, 0.2835, 0.0015, 0.0555, 0.0169, 0.0689, 0.1361, 0.3921, 0.2169, 0.3851, 1.751, 0.207, 0.2283, 0.0087, 0.1917, 0.0367, 1.2648, 1.7601, 0.3256, 0.8121, 1.1418, 0.2284, 0.1524]",37.31036733577785,"[[0.0, 100.0], [0.53, 96.18], [1.05, 90.13], [1.58, 85.91], [2.11, 81.19], [2.63, 76.99], [3.16, 71.64], [3.68, 70.23], [4.21, 65.35], [4.74, 63.34], [5.26, 58.71], [5.79, 55.38], [6.32, 52.69], [6.84, 49.38], [7.37, 47.31], [7.89, 44.67], [8.42, 44.28], [8.95, 39.38], [9.47, 39.17], [10.0, 37.31]]",63.46226033431435,100.0
152,30,2,0.85,2.0,0.1,10,10.0,194,1.0,0.8420557710281705,17,17,0.5104420747289101,"[2, 2, 4, 7, 0, 1, 2, 1, 4, 4]","[1.3726, 0.1107, 0.3497, 0.1351, 0.8633, 1.1076, 0.085, 1.5848, 0.1883, 0.1916, 2.2712, 0.4121, 0.0597, 0.2159, 0.3578, 0.2261, 0.3784, 0.4355, 0.6692, 0.1553, 0.3285, 0.1444, 0.1319, 0.0589, 0.9959, 0.4422]",36.73099708092709,"[[0.0, 100.0], [0.53, 94.76], [1.05, 90.64], [1.58, 84.16], [2.11, 81.05], [2.63, 77.31], [3.16, 72.76], [3.68, 69.93], [4.21, 65.42], [4.74, 61.73], [5.26, 58.68], [5.79, 54.81], [6.32, 55.45], [6.84, 49.78], [7.37, 47.36], [7.89, 46.47], [8.42, 43.41], [8.95, 41.33], [9.47, 37.49], [10.0, 36.73]]",63.464325023197716,100.0
153,30,3,0.85,2.0,0.1,10,10.0,195,1.0,0.8629300779905842,8,8,0.42214570481845803,"[0, 5, 2, 1, 2, 2, 0, 2, 1, 1]","[0.2443, 0.1178, 0.3197, 0.2795, 0.9819, 0.0772, 0.3509, 0.5149, 0.2763, 0.3822, 0.9482, 0.174, 0.5707, 0.0275, 1.0672]",36.3849062386592,"[[0.0, 100.0], [0.53, 95.87], [1.05, 89.73], [1.58, 86.19], [2.11, 81.42], [2.63, 76.98], [3.16, 72.19], [3.68, 70.15], [4.21, 65.09], [4.74, 62.27], [5.26, 57.9], [5.79, 54.9], [6.32, 52.27], [6.84, 50.77], [7.37, 47.52], [7.89, 45.37], [8.42, 42.35], [8.95, 41.61], [9.47, 38.64], [10.0, 36.38]]",63.37995049390376,100.0
154,30,4,0.85,2.0,0.1,10,10.0,196,1.0,0.8408385461099169,26,26,0.3486207374716768,"[3, 0, 0, 3, 1, 0, 0, 1, 0, 0]","[0.708, 0.8491, 0.3563, 0.0393, 0.3518, 0.1191, 0.0168]",37.71983243026983,"[[0.0, 99.27], [0.53, 95.82], [1.05, 90.34], [1.58, 85.44], [2.11, 81.04], [2.63, 77.15], [3.16, 72.19], [3.68, 69.58], [4.21, 65.68], [4.74, 62.85], [5.26, 59.63], [5.79, 55.2], [6.32, 54.83], [6.84, 49.26], [7.37, 47.47], [7.89, 44.36], [8.42, 43.0], [8.95, 39.48], [9.47, 37.43], [10.0, 37.72]]",63.387288481057695,100.0
155,31,0,0.85,2.0,0.1,50,10.0,197,1.0,0.828054109694079,24,24,0.544146987453725,"[0, 0, 5, 4, 3, 3, 4, 2, 2, 0]","[0.5389, 1.1743, 0.4098, 0.3763, 1.4802, 0.1344, 0.0382, 0.0922, 0.1612, 0.9618, 0.0146, 1.385, 1.4913, 0.511, 0.0399, 0.5769, 0.25, 0.1135, 0.1305, 0.0968, 0.6718, 1.3225]",36.33315768868529,"[[0.0, 100.0], [0.53, 95.55], [1.05, 89.32], [1.58, 85.45], [2.11, 79.76], [2.63, 78.44], [3.16, 74.13], [3.68, 70.03], [4.21, 64.97], [4.74, 62.26], [5.26, 58.08], [5.79, 54.12], [6.32, 54.71], [6.84, 50.03], [7.37, 47.84], [7.89, 45.14], [8.42, 42.41], [8.95, 42.51], [9.47, 37.6], [10.0, 36.33]]",63.43387204087567,100.0
156,31,1,0.85,2.0,0.1,50,10.0,198,1.0,0.862900039057431,13,13,0.9426376783965874,"[0, 0, 0, 0, 2, 2, 1, 3, 1, 1]","[2.014, 1.0215, 0.688, 0.1347, 1.4141, 0.2712, 0.0587, 2.5177, 0.3638]",37.48320590287629,"[[0.0, 99.68], [0.53, 95.09], [1.05, 90.54], [1.58, 85.79], [2.11, 79.56], [2.63, 76.52], [3.16, 72.23], [3.68, 68.32], [4.21, 66.26], [4.74, 62.83], [5.26, 59.09], [5.79, 55.14], [6.32, 54.39], [6.84, 50.65], [7.37, 48.92], [7.89, 46.5], [8.42, 42.93], [8.95, 40.26], [9.47, 37.57], [10.0, 37.48]]",63.48754596034223,100.0
157,31,2,0.85,2.0,0.1,50,10.0,199,1.0,0.8649688508616451,22,22,0.6904948602899823,"[1, 4, 0, 0, 3, 0, 0, 0, 0, 3]","[0.4236, 0.1128, 0.4837, 0.2672, 1.0007, 1.713, 0.4993, 0.8699, 0.9464, 0.5882]",36.57725302083343,"[[0.0, 100.0], [0.53, 94.93], [1.05, 91.97], [1.58, 86.74], [2.11, 81.55], [2.63, 78.19], [3.16, 72.95], [3.68, 69.73], [4.21, 64.14], [4.74, 62.01], [5.26, 60.1], [5.79, 55.07], [6.32, 53.37], [6.84, 50.28], [7.37, 47.91], [7.89, 46.68], [8.42, 41.97], [8.95, 43.42], [9.47, 38.17], [10.0, 36.58]]",63.78723005363649,100.0
158,31,3,0.85,2.0,0.1,50,10.0,200,1.0,0.8362443094909491,22,22,0.4555602608329368,"[2, 1, 5, 1, 3, 3, 2, 1, 5, 3]","[0.2677, 0.4216, 0.3238, 0.8973, 0.0102, 0.2269, 0.3091, 0.146, 0.2301, 0.8246, 0.3948, 0.1069, 0.2723, 0.587, 0.5298, 1.7862, 0.239, 0.0365, 0.335, 0.3354, 1.1072, 0.0312, 0.5219, 1.2637, 0.1848]",35.56694790852112,"[[0.0, 100.0], [0.53, 93.46], [1.05, 90.55], [1.58, 83.81], [2.11, 82.57], [2.63, 74.81], [3.16, 73.66], [3.68, 69.39], [4.21, 64.64], [4.74, 64.42], [5.26, 58.57], [5.79, 58.28], [6.32, 53.0], [6.84, 50.7], [7.37, 45.65], [7.89, 44.71], [8.42, 43.27], [8.95, 40.01], [9.47, 38.0], [10.0, 35.57]]",63.25339558711204,100.0
159,31,4,0.85,2.0,0.1,50,10.0,201,1.0,0.8215362609116877,20,20,0.4150573731703429,"[4, 1, 1, 2, 1, 1, 3, 1, 2, 2]","[0.1123, 1.4472, 0.1535, 0.883, 0.321, 0.0475, 0.1923, 0.3169, 0.2286, 0.0222, 0.2063, 0.171, 0.5298, 0.824, 0.0481, 0.6545, 0.8978]",36.463081600676425,"[[0.0, 100.0], [0.53, 97.12], [1.05, 90.78], [1.58, 86.38], [2.11, 80.76], [2.63, 76.4], [3.16, 73.04], [3.68, 68.11], [4.21, 65.64], [4.74, 63.21], [5.26, 58.97], [5.79, 55.81], [6.32, 52.43], [6.84, 51.64], [7.37, 48.0], [7.89, 45.61], [8.42, 43.61], [8.95, 42.05], [9.47, 37.91], [10.0, 36.46]]",63.69704581872618,100.0
160,32,0,0.85,2.0,0.3,10,10.0,202,1.0,0.8704580925134412,18,18,0.35971426351776764,"[3, 2, 4, 2, 2, 1, 0, 0, 1, 0]","[0.3131, 0.3165, 0.1314, 0.0478, 0.4395, 0.259, 1.1528, 0.3518, 0.0428, 0.1339, 0.1905, 0.1577, 1.0109, 0.4882]",6.478953664661718,"[[0.0, 99.35], [0.53, 82.93], [1.05, 71.82], [1.58, 62.34], [2.11, 53.33], [2.63, 45.11], [3.16, 38.36], [3.68, 33.76], [4.21, 27.69], [4.74, 22.02], [5.26, 20.31], [5.79, 18.63], [6.32, 14.18], [6.84, 13.48], [7.37, 11.54], [7.89, 9.35], [8.42, 8.4], [8.95, 5.91], [9.47, 5.89], [10.0, 6.48]]",32.543919287152974,100.0
161,32,1,0.85,2.0,0.3,10,10.0,203,1.0,0.8789305448900643,24,24,0.41783321062636275,"[1, 4, 2, 4, 7, 1, 1, 2, 1, 2]","[0.3701, 0.0759, 0.2473, 0.0129, 0.0735, 0.4283, 0.5895, 0.153, 0.5521, 0.355, 0.4551, 0.0614, 0.077, 1.0133, 0.2467, 0.477, 0.2239, 1.0082, 0.064, 1.3009, 0.256, 0.844, 0.7822, 0.3607]",4.380068284474571,"[[0.0, 98.44], [0.53, 84.22], [1.05, 74.41], [1.58, 61.64], [2.11, 54.09], [2.63, 45.6], [3.16, 40.35], [3.68, 33.71], [4.21, 27.73], [4.74, 23.28], [5.26, 21.68], [5.79, 17.85], [6.32, 15.46], [6.84, 14.17], [7.37, 11.2], [7.89, 10.05], [8.42, 7.38], [8.95, 5.72], [9.47, 4.75], [10.0, 4.38]]",32.80493640567836,100.0
162,32,2,0.85,2.0,0.3,10,10.0,204,1.0,0.8601259546398333,20,20,0.6593878466997122,"[3, 3, 5, 2, 1, 4, 3, 2, 2, 1]","[0.0917, 0.5036, 0.0062, 0.3382, 0.8712, 0.4886, 0.3652, 0.0326, 0.2473, 0.7968, 0.0404, 1.1227, 1.2855, 1.2263, 0.795, 0.4996, 0.1384, 2.9396, 0.5725, 1.4193, 0.129, 0.4834, 0.0825, 0.8325, 1.1766]",4.013551586757823,"[[0.0, 100.0], [0.53, 83.72], [1.05, 73.92], [1.58, 62.02], [2.11, 53.95], [2.63, 47.4], [3.16, 39.44], [3.68, 32.9], [4.21, 28.5], [4.74, 23.8], [5.26, 21.75], [5.79, 19.1], [6.32, 12.44], [6.84, 12.25], [7.37, 10.62], [7.89, 10.62], [8.42, 8.06], [8.95, 8.3], [9.47, 7.3], [10.0, 4.01]]",33.005297013308805,100.0
163,32,3,0.85,2.0,0.3,10,10.0,205,1.0,0.8493659418605981,27,27,0.4065611386188511,"[0, 5, 0, 2, 0, 2, 3, 2, 1, 2]","[0.4168, 0.26, 0.5048, 0.0122, 0.5295, 0.2531, 0.7655, 0.7187, 0.3812, 0.5457, 0.0667, 0.5715, 0.0421, 0.91, 0.0276, 0.4996]",4.720570597406697,"[[0.0, 100.0], [0.53, 85.44], [1.05, 71.35], [1.58, 60.89], [2.11, 53.62], [2.63, 44.61], [3.16, 39.21], [3.68, 33.18], [4.21, 29.09], [4.74, 23.99], [5.26, 19.63], [5.79, 18.35], [6.32, 15.71], [6.84, 12.55], [7.37, 10.44], [7.89, 10.45], [8.42, 6.56], [8.95, 6.46], [9.47, 5.65], [10.0, 4.72]]",32.594870021290895,100.0
164,32,4,0.85,2.0,0.3,10,10.0,206,1.0,0.8563346241473908,26,26,0.37881891891157343,"[3, 0, 1, 3, 1, 2, 5, 3, 3, 3]","[1.6882, 0.5379, 0.0739, 0.2267, 0.2045, 0.0612, 0.1381, 0.1987, 0.1021, 0.4593, 0.045, 0.077, 0.3159, 0.0189, 0.1575, 0.6065, 0.2534, 0.1039, 1.0279, 0.7513, 0.8705, 0.409, 0.3853]",6.508425518254871,"[[0.0, 99.35], [0.53, 85.23], [1.05, 73.66], [1.58, 63.1], [2.11, 53.46], [2.63, 44.66], [3.16, 39.56], [3.68, 34.51], [4.21, 28.45], [4.74, 22.25], [5.26, 22.26], [5.79, 18.22], [6.32, 15.87], [6.84, 12.14], [7.37, 10.57], [7.89, 9.82], [8.42, 6.81], [8.95, 7.04], [9.47, 6.1], [10.0, 6.51]]",32.977920250443546,100.0
165,33,0,0.85,2.0,0.3,50,10.0,207,1.0,0.8404233848263749,17,17,0.4974859483407912,"[1, 2, 2, 1, 1, 5, 2, 1, 2, 3]","[0.0366, 0.0213, 0.6471, 0.0889, 0.6544, 0.3719, 0.9102, 0.4088, 0.5057, 0.2201, 0.4717, 0.1007, 0.6323, 0.8325, 1.7735, 0.3642, 0.4363, 0.6836, 0.2924]",6.574702547741946,"[[0.0, 99.31], [0.53, 85.5], [1.05, 73.54], [1.58, 62.54], [2.11, 53.81], [2.63, 45.19], [3.16, 40.4], [3.68, 33.56], [4.21, 27.82], [4.74, 24.06], [5.26, 20.3], [5.79, 17.68], [6.32, 15.61], [6.84, 14.62], [7.37, 10.68], [7.89, 8.86], [8.42, 9.81], [8.95, 6.6], [9.47, 4.94], [10.0, 6.57]]",33.06919837180589,100.0
166,33,1,0.85,2.0,0.3,50,10.0,208,1.0,0.8302390550258701,30,30,0.4759378432209252,"[3, 1, 3, 2, 4, 3, 3, 2, 0, 2]","[0.1186, 0.1084, 0.3482, 1.1286, 0.3013, 0.3239, 0.3683, 0.2444, 0.0699, 0.0546, 1.042, 0.2605, 0.7627, 1.1071, 0.1448, 0.5764, 0.0452, 2.1352, 0.1177, 0.3239, 0.8048, 0.0841]",5.050458826013173,"[[0.0, 100.0], [0.53, 87.27], [1.05, 72.54], [1.58, 62.5], [2.11, 54.11], [2.63, 44.24], [3.16, 39.28], [3.68, 33.0], [4.21, 29.03], [4.74, 25.06], [5.26, 20.9], [5.79, 17.14], [6.32, 14.82], [6.84, 12.58], [7.37, 10.83], [7.89, 10.28], [8.42, 8.2], [8.95, 6.79], [9.47, 7.46], [10.0, 5.05]]",33.0547714757647,100.0
167,33,2,0.85,2.0,0.3,50,10.0,209,1.0,0.8538206299486261,17,17,0.5271840829535417,"[0, 1, 6, 4, 3, 0, 4, 3, 3, 3]","[0.9001, 0.4207, 0.0783, 0.2092, 0.2853, 1.0569, 0.1945, 0.2677, 1.3211, 0.4605, 0.2948, 0.6984, 0.2001, 0.3491, 0.0951, 0.2589, 0.785, 0.3497, 0.04, 0.6711, 0.7964, 1.0066, 0.4958, 0.7463, 1.0263, 0.699]",4.003702065333131,"[[0.0, 99.57], [0.53, 84.28], [1.05, 73.39], [1.58, 60.21], [2.11, 53.31], [2.63, 45.44], [3.16, 38.34], [3.68, 33.11], [4.21, 26.02], [4.74, 23.7], [5.26, 20.26], [5.79, 16.03], [6.32, 13.34], [6.84, 11.84], [7.37, 10.26], [7.89, 9.76], [8.42, 7.88], [8.95, 6.67], [9.47, 5.1], [10.0, 4.0]]",32.12500025367842,100.0
168,33,3,0.85,2.0,0.3,50,10.0,210,1.0,0.8477752746216494,23,23,0.2848704017329702,"[3, 1, 1, 0, 3, 1, 0, 2, 0, 1]","[0.5505, 0.0648, 0.3603, 0.337, 0.2836, 0.0146, 0.2065, 0.4058, 0.0316, 0.634, 0.2448]",5.235718130193853,"[[0.0, 99.48], [0.53, 83.31], [1.05, 74.11], [1.58, 62.01], [2.11, 52.29], [2.63, 45.91], [3.16, 37.78], [3.68, 32.36], [4.21, 29.38], [4.74, 25.1], [5.26, 22.38], [5.79, 18.22], [6.32, 15.63], [6.84, 11.83], [7.37, 9.3], [7.89, 8.32], [8.42, 8.63], [8.95, 7.12], [9.47, 4.13], [10.0, 5.24]]",32.627753577263846,100.0
169,33,4,0.85,2.0,0.3,50,10.0,211,1.0,0.8771088031682341,19,19,0.666768642492706,"[1, 1, 1, 2, 8, 1, 4, 1, 3, 2]","[0.4915, 0.2117, 0.2385, 0.089, 0.2019, 0.5156, 0.6492, 0.8383, 0.1667, 0.9524, 0.2092, 0.1545, 0.635, 0.1973, 3.4623, 0.2759, 0.9127, 0.4695, 0.055, 0.5066, 0.4074, 1.8853, 1.8101]",4.2707792531974995,"[[0.0, 99.08], [0.53, 84.99], [1.05, 72.45], [1.58, 63.17], [2.11, 53.72], [2.63, 44.38], [3.16, 40.3], [3.68, 33.32], [4.21, 25.76], [4.74, 24.2], [5.26, 20.44], [5.79, 18.14], [6.32, 17.54], [6.84, 10.98], [7.37, 11.01], [7.89, 9.78], [8.42, 10.33], [8.95, 6.69], [9.47, 6.03], [10.0, 4.27]]",32.82916389157435,100.0
170,34,0,0.85,2.0,0.5,10,10.0,212,1.0,0.8687013718787039,21,21,0.7934047008849959,"[1, 1, 2, 2, 1, 1, 0, 0, 1, 3]","[1.591, 0.0333, 0.5138, 0.518, 2.6278, 0.3002, 1.6097, 0.5563, 0.3942, 0.1416, 0.4415]",1.4396903145179007,"[[0.0, 99.99], [0.53, 77.93], [1.05, 60.54], [1.58, 46.82], [2.11, 35.14], [2.63, 25.85], [3.16, 19.76], [3.68, 15.26], [4.21, 11.04], [4.74, 8.43], [5.26, 8.97], [5.79, 5.55], [6.32, 3.52], [6.84, 3.72], [7.37, 1.45], [7.89, 3.0], [8.42, 0.47], [8.95, 2.14], [9.47, 0.38], [10.0, 1.44]]",21.570557684265808,100.0
171,34,1,0.85,2.0,0.5,10,10.0,213,1.0,0.8306750869561111,22,22,0.4806268509343349,"[2, 1, 3, 3, 2, 3, 1, 2, 2, 5]","[0.5646, 0.1884, 0.2284, 0.4816, 0.8273, 0.4611, 0.4194, 1.4182, 0.1234, 0.1517, 1.3608, 0.8462, 0.146, 0.343, 0.2129, 0.0234, 0.9466, 0.4858, 0.0517, 0.2199, 1.2846, 0.1653, 0.1043]",1.9135353261972345,"[[0.0, 100.0], [0.53, 74.37], [1.05, 61.0], [1.58, 45.17], [2.11, 36.67], [2.63, 25.7], [3.16, 22.05], [3.68, 14.54], [4.21, 11.06], [4.74, 10.71], [5.26, 6.78], [5.79, 5.06], [6.32, 5.25], [6.84, 2.96], [7.37, 0.68], [7.89, 2.46], [8.42, 1.09], [8.95, 2.12], [9.47, 2.16], [10.0, 1.91]]",21.58708765264116,100.0
172,34,2,0.85,2.0,0.5,10,10.0,214,1.0,0.8785468292126746,13,13,0.6040482467104699,"[0, 3, 4, 0, 6, 1, 1, 1, 2, 3]","[0.1672, 0.9838, 0.3282, 0.3838, 0.7758, 3.5656, 0.3955, 0.2096, 0.656, 0.1365, 0.9774, 0.1506, 0.1868, 0.3279, 0.6032, 1.2558, 0.1041, 0.3276, 0.1556, 0.3898]",0.0,"[[0.0, 99.73], [0.53, 78.42], [1.05, 59.96], [1.58, 45.75], [2.11, 35.24], [2.63, 27.21], [3.16, 20.79], [3.68, 15.25], [4.21, 13.35], [4.74, 9.16], [5.26, 5.8], [5.79, 5.19], [6.32, 3.92], [6.84, 4.22], [7.37, 4.25], [7.89, 2.62], [8.42, 2.18], [8.95, 1.91], [9.47, 0.13], [10.0, 0.0]]",21.75463592085263,100.0
173,34,3,0.85,2.0,0.5,10,10.0,215,1.0,0.8234729441117532,27,27,0.6523822616813864,"[3, 2, 2, 3, 3, 0, 1, 3, 0, 3]","[0.7913, 2.4308, 0.9389, 0.5638, 0.4848, 0.3713, 0.1671, 0.0845, 1.029, 2.0269, 0.3262, 0.7088, 0.1008, 0.4491, 0.4526, 0.9476, 0.2314, 0.2298, 0.0609]",0.4822932876511822,"[[0.0, 99.02], [0.53, 76.63], [1.05, 58.26], [1.58, 45.22], [2.11, 34.22], [2.63, 26.98], [3.16, 18.94], [3.68, 16.32], [4.21, 13.19], [4.74, 10.06], [5.26, 6.43], [5.79, 6.12], [6.32, 4.48], [6.84, 1.63], [7.37, 2.78], [7.89, 0.76], [8.42, 0.41], [8.95, 0.0], [9.47, 1.15], [10.0, 0.48]]",21.153919331705513,100.0
174,34,4,0.85,2.0,0.5,10,10.0,216,1.0,0.839299807063226,18,18,0.6225590170949554,"[2, 1, 3, 0, 4, 1, 1, 1, 2, 2]","[0.4587, 0.2409, 0.6219, 1.5861, 1.4379, 0.5025, 0.3468, 0.7115, 0.4903, 0.0974, 0.7399, 0.7629, 0.4843, 0.4947, 0.9451, 0.0398]",0.550914084534368,"[[0.0, 99.53], [0.53, 76.82], [1.05, 58.71], [1.58, 44.02], [2.11, 35.16], [2.63, 26.54], [3.16, 19.31], [3.68, 16.13], [4.21, 12.17], [4.74, 9.46], [5.26, 8.03], [5.79, 5.53], [6.32, 2.85], [6.84, 1.59], [7.37, 2.87], [7.89, 3.66], [8.42, 1.29], [8.95, 1.16], [9.47, 1.64], [10.0, 0.55]]",21.351559314355534,100.0
175,35,0,0.85,2.0,0.5,50,10.0,217,1.0,0.8556964155271101,23,23,0.5271469217514696,"[0, 5, 7, 4, 2, 2, 3, 0, 2, 1]","[0.6732, 0.799, 0.7899, 0.0116, 1.2127, 0.3983, 0.6008, 0.3867, 1.7654, 0.3274, 0.2027, 0.1066, 0.0325, 1.1799, 0.2536, 0.5176, 0.809, 0.8734, 0.1687, 0.5416, 0.2775, 0.5964, 0.085, 0.5342, 0.0348]",1.2531148263594307,"[[0.0, 100.0], [0.53, 77.88], [1.05, 59.84], [1.58, 45.62], [2.11, 33.75], [2.63, 26.77], [3.16, 21.51], [3.68, 16.12], [4.21, 11.47], [4.74, 10.08], [5.26, 7.52], [5.79, 3.76], [6.32, 4.78], [6.84, 3.16], [7.37, 3.25], [7.89, 1.98], [8.42, 2.8], [8.95, 0.03], [9.47, 0.0], [10.0, 1.25]]",21.578620772048602,100.0
176,35,1,0.85,2.0,0.5,50,10.0,218,1.0,0.8591301127266258,24,24,0.6632727381373794,"[3, 2, 2, 2, 4, 2, 1, 2, 3, 1]","[0.1268, 0.9739, 0.1405, 2.629, 0.7012, 0.1013, 0.2093, 1.0324, 0.6533, 0.4847, 0.0374, 2.111, 2.0411, 0.7134, 0.2213, 0.4468, 0.1489, 0.0994, 0.1294, 0.1694, 0.758]",1.215634038264017,"[[0.0, 99.96], [0.53, 78.08], [1.05, 58.98], [1.58, 44.03], [2.11, 32.35], [2.63, 27.26], [3.16, 21.31], [3.68, 15.86], [4.21, 12.08], [4.74, 8.86], [5.26, 6.96], [5.79, 5.6], [6.32, 4.54], [6.84, 4.0], [7.37, 2.85], [7.89, 1.8], [8.42, 0.77], [8.95, 0.68], [9.47, 1.54], [10.0, 1.22]]",21.435890900058684,100.0
177,35,2,0.85,2.0,0.5,50,10.0,219,1.0,0.8365662851463995,23,23,0.48861645258905295,"[0, 2, 1, 5, 2, 3, 6, 1, 0, 0]","[0.0501, 0.553, 0.0291, 0.7233, 0.6354, 0.2497, 0.2447, 0.2463, 1.7025, 0.9169, 1.2109, 0.2524, 0.229, 0.6488, 0.1505, 0.8801, 0.3034, 0.0255, 0.2322]",2.483019536682845,"[[0.0, 99.99], [0.53, 76.68], [1.05, 58.36], [1.58, 43.63], [2.11, 34.98], [2.63, 26.94], [3.16, 19.58], [3.68, 17.25], [4.21, 11.22], [4.74, 9.79], [5.26, 8.58], [5.79, 5.24], [6.32, 3.31], [6.84, 2.56], [7.37, 3.17], [7.89, 2.65], [8.42, 3.38], [8.95, 0.0], [9.47, 2.76], [10.0, 2.48]]",21.62732661897823,100.0
178,35,3,0.85,2.0,0.5,50,10.0,220,1.0,0.8303010412501928,26,26,0.3689316651416028,"[1, 2, 0, 2, 2, 2, 0, 4, 4, 4]","[0.2934, 0.6112, 0.1896, 0.1836, 1.515, 0.2445, 0.2075, 0.7651, 0.0878, 0.6693, 0.0694, 0.2225, 0.1156, 0.2842, 0.3599, 0.4731, 0.2584, 0.6528, 0.0292, 0.1467]",0.0,"[[0.0, 100.0], [0.53, 76.73], [1.05, 59.29], [1.58, 45.21], [2.11, 35.66], [2.63, 28.37], [3.16, 22.46], [3.68, 15.3], [4.21, 12.84], [4.74, 11.14], [5.26, 9.23], [5.79, 5.77], [6.32, 3.61], [6.84, 3.76], [7.37, 1.63], [7.89, 1.06], [8.42, 1.98], [8.95, 0.19], [9.47, 1.07], [10.0, 0.0]]",21.76495280331131,100.0
179,35,4,0.85,2.0,0.5,50,10.0,221,1.0,0.8641439698781966,19,19,0.3467262113493353,"[1, 3, 3, 2, 1, 1, 2, 4, 1, 2]","[0.1954, 0.1327, 0.733, 0.08, 0.0288, 0.4679, 0.0055, 0.0041, 0.4772, 0.17, 0.0751, 0.9068, 0.7745, 0.8171, 0.1361, 1.0721, 0.1807, 0.3297, 0.0008]",0.5916268289075105,"[[0.0, 100.0], [0.53, 76.76], [1.05, 59.56], [1.58, 45.57], [2.11, 35.04], [2.63, 26.55], [3.16, 22.41], [3.68, 14.88], [4.21, 11.21], [4.74, 8.97], [5.26, 7.46], [5.79, 6.81], [6.32, 4.91], [6.84, 3.24], [7.37, 2.89], [7.89, 2.63], [8.42, 2.26], [8.95, 0.72], [9.47, 1.64], [10.0, 0.59]]",21.705014189445798,100.0
180,36,0,0.95,0.5,0.1,10,10.0,222,1.0,0.9342037267956248,6,6,2.65146280121188,"[0, 0, 1, 1, 1, 1, 0, 2, 0, 0]","[0.8728, 1.8704, 4.1958, 6.1503, 0.168]",37.404679341164574,"[[0.0, 100.0], [0.53, 94.02], [1.05, 90.84], [1.58, 85.84], [2.11, 79.54], [2.63, 76.02], [3.16, 72.83], [3.68, 70.37], [4.21, 66.0], [4.74, 63.67], [5.26, 58.68], [5.79, 56.04], [6.32, 52.69], [6.84, 49.88], [7.37, 47.45], [7.89, 45.91], [8.42, 44.33], [8.95, 39.63], [9.47, 40.57], [10.0, 37.4]]",63.58529684130472,100.0
181,36,1,0.95,0.5,0.1,10,10.0,223,1.0,0.9421508117301041,6,6,3.212236016916026,"[0, 0, 1, 0, 0, 1, 0, 0, 0, 1]","[4.6304, 1.7941]",37.254839172589534,"[[0.0, 100.0], [0.53, 96.95], [1.05, 89.41], [1.58, 85.94], [2.11, 80.31], [2.63, 76.49], [3.16, 71.3], [3.68, 69.02], [4.21, 63.83], [4.74, 62.84], [5.26, 59.09], [5.79, 55.35], [6.32, 52.98], [6.84, 51.88], [7.37, 47.62], [7.89, 45.22], [8.42, 44.44], [8.95, 41.57], [9.47, 39.63], [10.0, 37.25]]",63.55517289393723,100.0
182,36,2,0.95,0.5,0.1,10,10.0,224,1.0,0.9691965132448036,5,5,2.4606177562142477,"[0, 0, 0, 0, 2, 0, 1, 1, 0, 1]","[0.6066, 2.9195, 4.6105, 1.7058]",35.79404460797715,"[[0.0, 100.0], [0.53, 94.59], [1.05, 89.25], [1.58, 85.63], [2.11, 80.67], [2.63, 76.2], [3.16, 72.44], [3.68, 70.91], [4.21, 64.82], [4.74, 62.84], [5.26, 58.81], [5.79, 56.82], [6.32, 51.64], [6.84, 49.43], [7.37, 47.02], [7.89, 45.56], [8.42, 42.76], [8.95, 39.92], [9.47, 39.48], [10.0, 35.79]]",63.229738313586346,100.0
183,36,3,0.95,0.5,0.1,10,10.0,225,1.0,0.998877969012743,8,8,2.425087183041816,"[3, 1, 1, 0, 1, 0, 2, 0, 0, 1]","[0.5977, 1.4605, 12.6936, 0.1876, 1.5045, 1.2221, 1.5203, 0.2145]",37.32954560189878,"[[0.0, 98.65], [0.53, 94.22], [1.05, 89.74], [1.58, 85.83], [2.11, 78.83], [2.63, 76.63], [3.16, 72.68], [3.68, 69.53], [4.21, 65.64], [4.74, 61.56], [5.26, 58.25], [5.79, 57.01], [6.32, 52.46], [6.84, 49.41], [7.37, 49.27], [7.89, 46.07], [8.42, 43.96], [8.95, 41.38], [9.47, 38.48], [10.0, 37.33]]",63.34533015039491,100.0
184,36,4,0.95,0.5,0.1,10,10.0,226,1.0,0.9498840100741224,7,7,1.3236223662200384,"[2, 0, 0, 1, 2, 1, 0, 0, 1, 2]","[0.1367, 0.8422, 2.5456, 2.4686, 0.463, 0.9546, 2.8217, 0.3566]",35.81603481239512,"[[0.0, 100.0], [0.53, 93.59], [1.05, 88.7], [1.58, 84.35], [2.11, 81.77], [2.63, 76.93], [3.16, 71.98], [3.68, 72.08], [4.21, 63.2], [4.74, 62.96], [5.26, 60.1], [5.79, 54.88], [6.32, 53.88], [6.84, 51.03], [7.37, 48.57], [7.89, 46.61], [8.42, 42.49], [8.95, 41.17], [9.47, 36.99], [10.0, 35.82]]",63.35453649823597,100.0
185,37,0,0.95,0.5,0.1,50,10.0,227,1.0,0.9411342482617949,5,5,0.045484064169356096,"[0, 0, 0, 0, 0, 0, 0, 1, 0, 1]",[0.0455],36.598682063315145,"[[0.0, 100.0], [0.53, 94.47], [1.05, 90.35], [1.58, 85.61], [2.11, 79.68], [2.63, 75.46], [3.16, 72.51], [3.68, 69.69], [4.21, 66.02], [4.74, 63.35], [5.26, 57.62], [5.79, 56.89], [6.32, 53.1], [6.84, 50.61], [7.37, 48.2], [7.89, 45.45], [8.42, 42.48], [8.95, 42.46], [9.47, 37.81], [10.0, 36.6]]",63.418295273306036,100.0
186,37,1,0.95,0.5,0.1,50,10.0,228,1.0,0.9565787191152941,6,6,1.466571615518793,"[0, 0, 1, 2, 0, 0, 1, 0, 0, 1]","[0.481, 0.4669, 0.595, 4.3234]",37.584076545407804,"[[0.0, 100.0], [0.53, 95.75], [1.05, 90.31], [1.58, 84.43], [2.11, 81.1], [2.63, 76.65], [3.16, 74.86], [3.68, 68.88], [4.21, 65.57], [4.74, 62.39], [5.26, 58.46], [5.79, 57.54], [6.32, 54.08], [6.84, 50.76], [7.37, 48.03], [7.89, 45.61], [8.42, 43.73], [8.95, 39.72], [9.47, 39.8], [10.0, 37.58]]",63.762601500686586,100.0
187,37,2,0.95,0.5,0.1,50,10.0,229,1.0,0.9560999707287432,2,2,0.6934680414934766,"[1, 0, 1, 0, 0, 2, 1, 0, 0, 1]","[0.057, 0.5499, 0.9703, 0.0696, 1.8206]",34.32158658212605,"[[0.0, 100.0], [0.53, 95.48], [1.05, 89.73], [1.58, 84.52], [2.11, 81.14], [2.63, 78.17], [3.16, 74.05], [3.68, 68.27], [4.21, 64.92], [4.74, 63.53], [5.26, 57.56], [5.79, 55.61], [6.32, 54.25], [6.84, 50.59], [7.37, 47.23], [7.89, 44.81], [8.42, 43.5], [8.95, 40.25], [9.47, 39.15], [10.0, 34.32]]",63.35362809711408,100.0
188,37,3,0.95,0.5,0.1,50,10.0,230,1.0,0.9735279128877017,1,1,0.5087865532921355,"[0, 3, 1, 0, 1, 1, 0, 0, 0, 1]","[0.3611, 0.7093, 0.2556, 0.1747, 0.8797, 0.6724]",36.721137514940374,"[[0.0, 100.0], [0.53, 95.24], [1.05, 90.65], [1.58, 84.55], [2.11, 78.78], [2.63, 77.3], [3.16, 73.73], [3.68, 69.13], [4.21, 65.51], [4.74, 62.29], [5.26, 58.13], [5.79, 55.32], [6.32, 53.35], [6.84, 51.16], [7.37, 47.59], [7.89, 44.76], [8.42, 41.99], [8.95, 40.97], [9.47, 37.78], [10.0, 36.72]]",63.2475963019397,100.0
189,37,4,0.95,0.5,0.1,50,10.0,231,1.0,0.8916174347842776,6,6,2.800579048064763,"[1, 0, 1, 2, 0, 0, 0, 0, 2, 0]","[1.0785, 4.8232, 3.1925, 1.8474, 3.0612]",37.53307212311037,"[[0.0, 99.25], [0.53, 95.09], [1.05, 90.62], [1.58, 84.15], [2.11, 81.38], [2.63, 76.3], [3.16, 73.98], [3.68, 68.66], [4.21, 64.98], [4.74, 62.0], [5.26, 58.56], [5.79, 54.81], [6.32, 52.18], [6.84, 50.68], [7.37, 47.06], [7.89, 47.01], [8.42, 42.57], [8.95, 42.32], [9.47, 38.6], [10.0, 37.53]]",63.38650209093879,100.0
190,38,0,0.95,0.5,0.3,10,10.0,232,1.0,0.9604185573843776,5,5,1.5682766315094336,"[0, 1, 1, 1, 1, 0, 0, 2, 0, 0]","[0.2441, 5.652, 0.6408, 0.9008, 0.4036]",5.071077875525731,"[[0.0, 100.0], [0.53, 85.42], [1.05, 70.07], [1.58, 62.97], [2.11, 54.44], [2.63, 43.72], [3.16, 39.72], [3.68, 34.3], [4.21, 26.28], [4.74, 24.36], [5.26, 20.78], [5.79, 16.27], [6.32, 16.8], [6.84, 12.11], [7.37, 11.4], [7.89, 8.88], [8.42, 9.74], [8.95, 5.58], [9.47, 6.92], [10.0, 5.07]]",32.74205274962888,100.0
191,38,1,0.95,0.5,0.3,10,10.0,233,1.0,0.9702144820072913,2,2,0.8247101468226857,"[0, 0, 0, 0, 2, 0, 0, 1, 1, 0]","[1.8011, 0.1981, 0.4749]",3.994721514614256,"[[0.0, 99.58], [0.53, 85.29], [1.05, 70.82], [1.58, 61.44], [2.11, 51.55], [2.63, 44.62], [3.16, 40.45], [3.68, 34.05], [4.21, 28.63], [4.74, 23.72], [5.26, 20.21], [5.79, 18.87], [6.32, 14.65], [6.84, 13.57], [7.37, 10.95], [7.89, 9.46], [8.42, 7.58], [8.95, 6.14], [9.47, 6.04], [10.0, 3.99]]",32.58025610728983,100.0
192,38,2,0.95,0.5,0.3,10,10.0,234,1.0,0.9595616570909516,7,7,3.9210148652105787,"[0, 1, 2, 0, 0, 1, 1, 0, 0, 1]","[2.2035, 11.1951, 1.2193, 0.6715, 4.3158]",4.957285314276059,"[[0.0, 100.0], [0.53, 86.24], [1.05, 73.35], [1.58, 61.7], [2.11, 52.79], [2.63, 45.89], [3.16, 38.23], [3.68, 33.01], [4.21, 28.2], [4.74, 24.04], [5.26, 19.36], [5.79, 16.49], [6.32, 17.11], [6.84, 13.76], [7.37, 9.61], [7.89, 9.62], [8.42, 8.24], [8.95, 8.49], [9.47, 4.63], [10.0, 4.96]]",32.78558796866,100.0
193,38,3,0.95,0.5,0.3,10,10.0,235,1.0,0.9171807022075109,2,2,1.6658768596761044,"[1, 1, 1, 1, 1, 0, 1, 0, 1, 0]","[0.663, 0.1511, 5.0876, 0.8053, 0.4567, 2.8315]",5.370912804669734,"[[0.0, 99.35], [0.53, 84.79], [1.05, 71.75], [1.58, 63.28], [2.11, 52.99], [2.63, 46.61], [3.16, 38.43], [3.68, 32.85], [4.21, 28.64], [4.74, 23.58], [5.26, 19.45], [5.79, 19.36], [6.32, 16.12], [6.84, 13.16], [7.37, 10.44], [7.89, 10.04], [8.42, 8.97], [8.95, 6.37], [9.47, 6.77], [10.0, 5.37]]",32.91658275989136,100.0
194,38,4,0.95,0.5,0.3,10,10.0,236,1.0,0.9824963533726268,6,6,0.26798591479352224,"[0, 0, 0, 1, 0, 0, 0, 0, 0, 1]",[0.268],4.635791452067544,"[[0.0, 100.0], [0.53, 84.13], [1.05, 72.75], [1.58, 61.42], [2.11, 53.24], [2.63, 45.97], [3.16, 37.5], [3.68, 33.17], [4.21, 27.04], [4.74, 23.69], [5.26, 20.19], [5.79, 18.84], [6.32, 15.54], [6.84, 11.73], [7.37, 11.73], [7.89, 12.93], [8.42, 6.83], [8.95, 6.75], [9.47, 6.17], [10.0, 4.64]]",32.71300007927273,100.0
195,39,0,0.95,0.5,0.3,50,10.0,237,1.0,0.9870929697098944,3,3,0.8737135797712511,"[0, 0, 1, 0, 0, 0, 0, 0, 0, 0]",[0.8737],3.907977965687957,"[[0.0, 100.0], [0.53, 85.29], [1.05, 72.71], [1.58, 62.46], [2.11, 54.33], [2.63, 47.96], [3.16, 39.18], [3.68, 32.82], [4.21, 28.5], [4.74, 24.07], [5.26, 19.42], [5.79, 17.04], [6.32, 15.25], [6.84, 13.26], [7.37, 12.64], [7.89, 9.06], [8.42, 7.55], [8.95, 6.72], [9.47, 6.31], [10.0, 3.91]]",32.924854942062126,100.0
196,39,1,0.95,0.5,0.3,50,10.0,238,1.0,0.9887209130825817,10,10,1.656042474841193,"[1, 1, 1, 0, 0, 0, 0, 1, 0, 0]","[2.9878, 1.873, 0.1073]",4.2463453001550295,"[[0.0, 100.0], [0.53, 85.24], [1.05, 72.92], [1.58, 62.56], [2.11, 55.21], [2.63, 43.79], [3.16, 37.69], [3.68, 32.62], [4.21, 29.24], [4.74, 22.65], [5.26, 21.28], [5.79, 15.91], [6.32, 13.95], [6.84, 11.98], [7.37, 9.43], [7.89, 9.51], [8.42, 7.31], [8.95, 6.71], [9.47, 5.54], [10.0, 4.25]]",32.38981151403841,100.0
197,39,2,0.95,0.5,0.3,50,10.0,239,1.0,0.9550328978119066,1,1,1.6525827599177159,"[1, 0, 0, 1, 1, 0, 0, 0, 0, 2]","[0.1219, 2.0787, 1.1048, 3.305]",7.103270337024918,"[[0.0, 100.0], [0.53, 85.58], [1.05, 72.68], [1.58, 62.81], [2.11, 54.34], [2.63, 44.26], [3.16, 38.87], [3.68, 32.67], [4.21, 25.89], [4.74, 24.47], [5.26, 21.98], [5.79, 16.26], [6.32, 15.49], [6.84, 14.91], [7.37, 10.77], [7.89, 9.38], [8.42, 6.44], [8.95, 4.24], [9.47, 6.71], [10.0, 7.1]]",32.742587238425756,100.0
198,39,3,0.95,0.5,0.3,50,10.0,240,1.0,0.9362240899934108,2,2,1.4725964958384308,"[0, 2, 1, 2, 0, 0, 1, 1, 1, 0]","[0.1131, 1.2494, 1.3668, 5.2122, 0.3635, 0.7656, 1.2378]",5.611079564868073,"[[0.0, 100.0], [0.53, 85.53], [1.05, 72.55], [1.58, 62.16], [2.11, 51.94], [2.63, 43.65], [3.16, 37.77], [3.68, 33.77], [4.21, 28.64], [4.74, 24.67], [5.26, 19.4], [5.79, 17.96], [6.32, 14.64], [6.84, 12.72], [7.37, 11.86], [7.89, 8.64], [8.42, 6.55], [8.95, 8.67], [9.47, 3.95], [10.0, 5.61]]",32.5357512648149,100.0
199,39,4,0.95,0.5,0.3,50,10.0,241,1.0,0.9497288056731358,4,4,3.0024812743886784,"[0, 1, 2, 1, 0, 0, 1, 0, 1, 1]","[6.3511, 3.4298, 0.199, 5.7186, 1.4875, 0.8288]",5.031632848192559,"[[0.0, 100.0], [0.53, 86.16], [1.05, 73.16], [1.58, 61.26], [2.11, 52.35], [2.63, 44.72], [3.16, 40.54], [3.68, 33.26], [4.21, 27.5], [4.74, 22.17], [5.26, 20.09], [5.79, 17.22], [6.32, 14.83], [6.84, 11.86], [7.37, 10.98], [7.89, 8.71], [8.42, 7.95], [8.95, 7.39], [9.47, 4.66], [10.0, 5.03]]",32.4910222508344,100.0
200,40,0,0.95,0.5,0.5,10,10.0,242,1.0,0.9533126551620531,3,3,1.2730321345263507,"[1, 0, 0, 1, 1, 1, 0, 3, 3, 0]","[1.4264, 0.5853, 0.029, 0.6634, 1.0272, 1.7034, 4.1459, 1.1447, 0.732]",1.0698410868084987,"[[0.0, 100.0], [0.53, 77.85], [1.05, 58.39], [1.58, 45.71], [2.11, 36.05], [2.63, 24.81], [3.16, 21.42], [3.68, 14.69], [4.21, 12.07], [4.74, 9.47], [5.26, 6.14], [5.79, 7.56], [6.32, 3.7], [6.84, 3.29], [7.37, 2.84], [7.89, 3.17], [8.42, 2.53], [8.95, 1.05], [9.47, 0.01], [10.0, 1.07]]",21.590426987813448,100.0
201,40,1,0.95,0.5,0.5,10,10.0,243,1.0,0.962471290692418,9,9,3.509090005413395,"[0, 0, 0, 0, 0, 0, 0, 0, 1, 1]",[3.5091],0.0,"[[0.0, 100.0], [0.53, 76.93], [1.05, 56.88], [1.58, 45.59], [2.11, 34.5], [2.63, 26.84], [3.16, 19.07], [3.68, 18.37], [4.21, 10.95], [4.74, 11.14], [5.26, 8.38], [5.79, 6.09], [6.32, 4.85], [6.84, 2.94], [7.37, 2.54], [7.89, 2.69], [8.42, 0.91], [8.95, 0.28], [9.47, 0.0], [10.0, 0.0]]",21.447618149444057,100.0
202,40,2,0.95,0.5,0.5,10,10.0,244,1.0,0.9956975585203511,4,4,1.647253845047224,"[1, 0, 1, 0, 0, 1, 0, 0, 2, 0]","[1.7303, 3.1612, 0.6525, 1.0451]",0.08417765678831302,"[[0.0, 100.0], [0.53, 76.43], [1.05, 58.96], [1.58, 45.33], [2.11, 34.46], [2.63, 27.55], [3.16, 21.37], [3.68, 16.66], [4.21, 14.89], [4.74, 10.16], [5.26, 6.37], [5.79, 5.75], [6.32, 2.93], [6.84, 2.38], [7.37, 4.12], [7.89, 3.59], [8.42, 1.66], [8.95, 1.29], [9.47, 0.0], [10.0, 0.08]]",21.698896450130732,100.0
203,40,3,0.95,0.5,0.5,10,10.0,245,1.0,0.9460491218385562,3,3,2.1396817907340138,"[0, 0, 0, 0, 1, 0, 0, 1, 1, 0]","[1.0023, 3.277]",0.0,"[[0.0, 100.0], [0.53, 75.77], [1.05, 59.04], [1.58, 43.86], [2.11, 34.11], [2.63, 27.84], [3.16, 20.72], [3.68, 17.68], [4.21, 11.98], [4.74, 11.32], [5.26, 9.45], [5.79, 3.91], [6.32, 3.34], [6.84, 1.98], [7.37, 0.97], [7.89, 2.94], [8.42, 0.64], [8.95, 1.94], [9.47, 1.57], [10.0, 0.0]]",21.45227523493396,100.0
204,40,4,0.95,0.5,0.5,10,10.0,246,1.0,0.9379118593846363,6,6,2.6801652122748836,"[0, 0, 0, 0, 0, 0, 0, 0, 2, 1]","[1.6827, 3.6776]",1.6925431932435875,"[[0.0, 99.6], [0.53, 76.83], [1.05, 61.14], [1.58, 45.84], [2.11, 34.92], [2.63, 25.93], [3.16, 21.25], [3.68, 15.69], [4.21, 11.23], [4.74, 9.47], [5.26, 7.15], [5.79, 5.28], [6.32, 3.93], [6.84, 1.59], [7.37, 1.56], [7.89, 2.16], [8.42, 0.59], [8.95, 2.01], [9.47, 0.53], [10.0, 1.69]]",21.420028307021216,100.0
205,41,0,0.95,0.5,0.5,50,10.0,247,1.0,0.990382129954113,8,8,1.716141637626776,"[0, 1, 2, 0, 0, 1, 1, 0, 2, 0]","[0.826, 0.9739, 5.54, 0.1169, 0.8592, 1.9808]",0.09013698143268267,"[[0.0, 100.0], [0.53, 76.25], [1.05, 58.18], [1.58, 45.56], [2.11, 34.54], [2.63, 27.91], [3.16, 21.37], [3.68, 16.19], [4.21, 12.81], [4.74, 9.81], [5.26, 6.21], [5.79, 6.16], [6.32, 3.95], [6.84, 2.45], [7.37, 1.82], [7.89, 1.77], [8.42, 1.2], [8.95, 0.77], [9.47, 0.0], [10.0, 0.09]]",21.352372721654213,100.0
206,41,1,0.95,0.5,0.5,50,10.0,248,1.0,0.9570557163704821,5,5,1.0292375708624093,"[0, 0, 1, 2, 0, 1, 1, 1, 1, 0]","[1.9469, 0.976, 1.5151, 0.0543, 1.3846, 0.2985]",0.602685080029072,"[[0.0, 99.77], [0.53, 78.52], [1.05, 58.54], [1.58, 44.63], [2.11, 33.84], [2.63, 26.91], [3.16, 20.61], [3.68, 15.29], [4.21, 10.56], [4.74, 10.62], [5.26, 7.81], [5.79, 5.35], [6.32, 4.71], [6.84, 3.45], [7.37, 1.37], [7.89, 3.74], [8.42, 0.98], [8.95, 1.92], [9.47, 0.0], [10.0, 0.6]]",21.461142355649066,100.0
207,41,2,0.95,0.5,0.5,50,10.0,249,1.0,0.9512186307963924,6,6,2.0247681734002168,"[0, 0, 0, 0, 0, 0, 0, 1, 1, 0]",[2.0248],1.243516504567113,"[[0.0, 100.0], [0.53, 78.4], [1.05, 60.28], [1.58, 44.14], [2.11, 33.9], [2.63, 26.85], [3.16, 20.95], [3.68, 17.68], [4.21, 11.22], [4.74, 9.59], [5.26, 6.62], [5.79, 4.37], [6.32, 3.95], [6.84, 2.32], [7.37, 1.78], [7.89, 1.71], [8.42, 1.88], [8.95, 0.94], [9.47, 1.81], [10.0, 1.24]]",21.482329718849947,100.0
208,41,3,0.95,0.5,0.5,50,10.0,250,1.0,0.9370050021034059,3,3,0.179441505295599,"[1, 0, 0, 0, 0, 0, 0, 0, 0, 1]",[0.1794],1.1422482705953243,"[[0.0, 100.0], [0.53, 77.35], [1.05, 59.15], [1.58, 45.22], [2.11, 35.1], [2.63, 29.11], [3.16, 20.7], [3.68, 16.61], [4.21, 10.86], [4.74, 8.64], [5.26, 7.07], [5.79, 4.91], [6.32, 3.27], [6.84, 5.37], [7.37, 3.82], [7.89, 1.77], [8.42, 1.89], [8.95, 0.43], [9.47, 1.6], [10.0, 1.14]]",21.700573991914418,100.0
209,41,4,0.95,0.5,0.5,50,10.0,251,1.0,0.9642507429572703,5,5,1.017508727354046,"[0, 0, 0, 0, 0, 0, 0, 2, 1, 2]","[1.2944, 1.5275, 1.1115, 0.1367]",1.7053655479244532,"[[0.0, 99.13], [0.53, 76.77], [1.05, 61.33], [1.58, 45.47], [2.11, 37.63], [2.63, 28.03], [3.16, 21.3], [3.68, 17.03], [4.21, 15.2], [4.74, 9.47], [5.26, 7.55], [5.79, 5.97], [6.32, 3.1], [6.84, 3.74], [7.37, 1.61], [7.89, 1.5], [8.42, 3.76], [8.95, 2.77], [9.47, 0.34], [10.0, 1.71]]",22.171310171626555,100.0
210,42,0,0.95,1.0,0.1,10,10.0,252,1.0,0.942871605774244,11,11,0.8416225539443726,"[3, 0, 1, 0, 0, 1, 4, 0, 0, 0]","[0.5908, 0.0088, 0.2575, 1.5191, 0.5324, 0.0716, 0.4841, 3.2686]",35.67168849533237,"[[0.0, 99.32], [0.53, 92.86], [1.05, 90.98], [1.58, 86.56], [2.11, 79.83], [2.63, 78.95], [3.16, 72.76], [3.68, 69.0], [4.21, 67.16], [4.74, 63.02], [5.26, 59.14], [5.79, 57.68], [6.32, 52.87], [6.84, 49.72], [7.37, 49.12], [7.89, 46.02], [8.42, 43.79], [8.95, 41.24], [9.47, 38.57], [10.0, 35.67]]",63.7131013056965,100.0
211,42,1,0.95,1.0,0.1,10,10.0,253,1.0,0.9766373631225471,7,7,1.198622965979668,"[1, 3, 1, 2, 2, 0, 3, 1, 0, 2]","[0.0903, 1.6116, 2.4418, 1.0007, 3.4376, 3.9981, 0.2839, 2.0801, 0.2422, 0.0457, 0.3056, 0.9957, 0.1536, 0.0938]",37.424211761897794,"[[0.0, 100.0], [0.53, 95.58], [1.05, 88.9], [1.58, 84.76], [2.11, 82.87], [2.63, 78.23], [3.16, 71.64], [3.68, 70.16], [4.21, 66.13], [4.74, 62.77], [5.26, 59.82], [5.79, 56.55], [6.32, 52.36], [6.84, 50.63], [7.37, 47.56], [7.89, 46.26], [8.42, 44.43], [8.95, 41.18], [9.47, 39.49], [10.0, 37.42]]",63.83693352880512,100.0
212,42,2,0.95,1.0,0.1,10,10.0,254,1.0,0.9386188884757165,9,9,1.0934794592723318,"[1, 0, 6, 0, 0, 1, 0, 0, 1, 0]","[2.5996, 0.7143, 1.2442, 0.7605, 0.5973, 0.3203, 1.9469, 0.5647]",36.597194766897566,"[[0.0, 99.56], [0.53, 94.64], [1.05, 89.36], [1.58, 85.58], [2.11, 82.01], [2.63, 78.37], [3.16, 71.06], [3.68, 72.71], [4.21, 64.89], [4.74, 63.96], [5.26, 59.19], [5.79, 55.71], [6.32, 53.35], [6.84, 51.08], [7.37, 47.9], [7.89, 44.12], [8.42, 42.01], [8.95, 39.93], [9.47, 40.07], [10.0, 36.6]]",63.603743068212054,100.0
213,42,3,0.95,1.0,0.1,10,10.0,255,1.0,0.9787756081273122,13,13,0.8091434847969731,"[1, 0, 0, 1, 0, 0, 2, 1, 1, 1]","[0.3862, 2.1849, 0.3479, 0.1851, 0.8504, 0.9003]",35.6466978961983,"[[0.0, 100.0], [0.53, 96.21], [1.05, 89.19], [1.58, 85.08], [2.11, 82.11], [2.63, 76.63], [3.16, 73.54], [3.68, 68.71], [4.21, 65.75], [4.74, 60.28], [5.26, 59.29], [5.79, 56.0], [6.32, 53.3], [6.84, 49.57], [7.37, 48.19], [7.89, 44.8], [8.42, 40.91], [8.95, 41.35], [9.47, 39.36], [10.0, 35.65]]",63.29615729696237,100.0
214,42,4,0.95,1.0,0.1,10,10.0,256,1.0,0.9717831858294477,6,6,1.0740858908045368,"[2, 0, 1, 1, 0, 1, 0, 0, 0, 1]","[3.0445, 0.578, 0.2925, 0.6778, 0.7777]",35.711954745496264,"[[0.0, 100.0], [0.53, 95.04], [1.05, 90.88], [1.58, 86.57], [2.11, 81.42], [2.63, 76.35], [3.16, 72.48], [3.68, 68.79], [4.21, 65.51], [4.74, 61.28], [5.26, 59.07], [5.79, 57.27], [6.32, 55.48], [6.84, 49.64], [7.37, 46.22], [7.89, 45.35], [8.42, 42.38], [8.95, 40.58], [9.47, 39.67], [10.0, 35.71]]",63.483231725994756,100.0
215,43,0,0.95,1.0,0.1,50,10.0,257,1.0,0.9569262902615511,17,17,0.48076926686868526,"[0, 1, 1, 1, 0, 1, 0, 2, 3, 0]","[0.0578, 0.0934, 1.6734, 0.2463, 0.392, 0.3254, 0.9816, 0.0763]",36.87264515805092,"[[0.0, 99.54], [0.53, 95.54], [1.05, 90.98], [1.58, 86.12], [2.11, 81.23], [2.63, 76.44], [3.16, 71.43], [3.68, 68.09], [4.21, 66.66], [4.74, 61.13], [5.26, 58.54], [5.79, 55.73], [6.32, 53.56], [6.84, 51.23], [7.37, 47.65], [7.89, 43.77], [8.42, 43.44], [8.95, 42.11], [9.47, 37.96], [10.0, 36.87]]",63.40152055253924,100.0
216,43,1,0.95,1.0,0.1,50,10.0,258,1.0,0.9459067495945898,13,13,1.125762740935822,"[0, 1, 4, 1, 1, 0, 3, 3, 2, 1]","[2.8869, 0.9386, 3.5191, 0.3045, 0.5182, 0.181, 0.3953, 0.5941, 1.0825, 0.0808, 3.2607, 0.562, 2.0212, 0.3637, 0.1778]",36.04076835570148,"[[0.0, 99.32], [0.53, 94.93], [1.05, 89.28], [1.58, 86.06], [2.11, 80.34], [2.63, 77.02], [3.16, 73.94], [3.68, 67.87], [4.21, 66.58], [4.74, 62.71], [5.26, 59.92], [5.79, 56.79], [6.32, 53.62], [6.84, 51.62], [7.37, 48.47], [7.89, 44.44], [8.42, 41.92], [8.95, 41.08], [9.47, 37.12], [10.0, 36.04]]",63.45411674163834,100.0
217,43,2,0.95,1.0,0.1,50,10.0,259,1.0,0.9615261208670751,11,11,0.3575820502823066,"[2, 1, 1, 0, 1, 0, 0, 0, 2, 0]","[1.016, 0.1534, 0.2586, 0.493, 0.1947, 0.0297]",36.906234324279495,"[[0.0, 100.0], [0.53, 94.77], [1.05, 91.22], [1.58, 87.45], [2.11, 80.66], [2.63, 76.9], [3.16, 72.7], [3.68, 69.67], [4.21, 65.78], [4.74, 61.32], [5.26, 59.82], [5.79, 55.91], [6.32, 52.92], [6.84, 52.29], [7.37, 46.53], [7.89, 46.08], [8.42, 43.06], [8.95, 40.87], [9.47, 39.57], [10.0, 36.91]]",63.721610223335844,100.0
218,43,3,0.95,1.0,0.1,50,10.0,260,1.0,0.9705217001583859,16,16,0.8639101243672623,"[1, 0, 0, 0, 2, 2, 0, 2, 4, 0]","[0.8879, 0.2616, 0.4964, 0.2122, 1.4455, 1.2347, 0.929, 0.4695, 0.6507, 2.0516]",35.90448456625056,"[[0.0, 99.37], [0.53, 94.87], [1.05, 88.79], [1.58, 85.86], [2.11, 80.34], [2.63, 77.37], [3.16, 73.44], [3.68, 67.77], [4.21, 65.42], [4.74, 62.08], [5.26, 59.54], [5.79, 57.38], [6.32, 54.3], [6.84, 51.05], [7.37, 47.56], [7.89, 45.23], [8.42, 43.58], [8.95, 40.63], [9.47, 39.01], [10.0, 35.9]]",63.475193192591306,100.0
219,43,4,0.95,1.0,0.1,50,10.0,261,1.0,0.9772011080260219,8,8,1.0120581278199763,"[3, 1, 1, 1, 0, 1, 0, 3, 1, 2]","[0.0037, 0.2948, 0.0795, 0.5714, 0.0814, 1.1293, 1.4509, 0.9507, 1.9182, 3.0418, 0.9045, 1.7185]",37.138044103540466,"[[0.0, 100.0], [0.53, 94.18], [1.05, 89.24], [1.58, 85.09], [2.11, 79.77], [2.63, 76.92], [3.16, 74.17], [3.68, 69.35], [4.21, 66.44], [4.74, 60.22], [5.26, 59.79], [5.79, 56.32], [6.32, 53.88], [6.84, 50.85], [7.37, 48.07], [7.89, 45.39], [8.42, 43.87], [8.95, 41.07], [9.47, 38.66], [10.0, 37.14]]",63.52041802734815,100.0
220,44,0,0.95,1.0,0.3,10,10.0,262,1.0,0.9388919249754015,14,14,1.2341894342022515,"[0, 3, 1, 0, 1, 0, 1, 1, 0, 2]","[2.652, 0.1826, 1.5866, 0.2535, 0.4927, 3.4735, 0.1878, 1.0447]",5.79511702342514,"[[0.0, 100.0], [0.53, 83.59], [1.05, 73.45], [1.58, 63.12], [2.11, 51.79], [2.63, 44.44], [3.16, 38.12], [3.68, 34.51], [4.21, 29.1], [4.74, 25.25], [5.26, 19.81], [5.79, 17.05], [6.32, 15.59], [6.84, 12.29], [7.37, 9.68], [7.89, 9.71], [8.42, 8.1], [8.95, 6.69], [9.47, 6.61], [10.0, 5.8]]",32.734752996632594,100.0
221,44,1,0.95,1.0,0.3,10,10.0,263,1.0,0.9466589073734164,8,8,0.8979884196027894,"[0, 3, 1, 1, 0, 1, 5, 4, 4, 1]","[0.3564, 0.5691, 1.2652, 0.3613, 0.4755, 0.0011, 1.0626, 0.6562, 2.1676, 2.5122, 0.1276, 0.0867, 2.4123, 3.6195, 0.3927, 0.7098, 0.0379, 0.0664, 0.1817]",6.2191998516768345,"[[0.0, 98.81], [0.53, 85.26], [1.05, 73.8], [1.58, 61.76], [2.11, 53.58], [2.63, 44.09], [3.16, 37.35], [3.68, 31.46], [4.21, 28.92], [4.74, 22.5], [5.26, 20.02], [5.79, 18.32], [6.32, 15.1], [6.84, 13.51], [7.37, 10.38], [7.89, 8.75], [8.42, 7.66], [8.95, 8.56], [9.47, 6.13], [10.0, 6.22]]",32.608736098804044,100.0
222,44,2,0.95,1.0,0.3,10,10.0,264,1.0,0.9274938655079464,9,9,1.890167553456935,"[1, 0, 1, 0, 0, 1, 2, 1, 2, 0]","[0.6872, 0.6787, 3.6537, 3.3799, 1.6828, 3.1169, 0.0319]",5.653222203217173,"[[0.0, 99.33], [0.53, 86.96], [1.05, 71.81], [1.58, 61.63], [2.11, 53.97], [2.63, 45.22], [3.16, 37.31], [3.68, 34.16], [4.21, 27.62], [4.74, 24.86], [5.26, 21.83], [5.79, 17.4], [6.32, 15.99], [6.84, 13.18], [7.37, 10.65], [7.89, 9.81], [8.42, 8.06], [8.95, 5.65], [9.47, 5.9], [10.0, 5.65]]",32.84989071627582,100.0
223,44,3,0.95,1.0,0.3,10,10.0,265,1.0,0.9355471674822747,8,8,1.2090171039429514,"[1, 0, 1, 1, 4, 0, 1, 0, 2, 1]","[1.0864, 1.2239, 1.8181, 0.7976, 0.9796, 0.3536, 0.7636, 1.8243, 2.4467, 0.7963]",5.900579687404997,"[[0.0, 100.0], [0.53, 84.1], [1.05, 74.18], [1.58, 61.74], [2.11, 52.89], [2.63, 47.51], [3.16, 38.84], [3.68, 33.07], [4.21, 29.74], [4.74, 25.32], [5.26, 20.25], [5.79, 17.04], [6.32, 14.73], [6.84, 11.09], [7.37, 11.06], [7.89, 8.44], [8.42, 10.28], [8.95, 6.89], [9.47, 3.86], [10.0, 5.9]]",32.847366702187045,100.0
224,44,4,0.95,1.0,0.3,10,10.0,266,1.0,0.9741229078355244,7,7,0.6582473240800927,"[1, 3, 1, 2, 1, 1, 4, 2, 1, 2]","[0.6488, 2.1948, 0.0014, 0.4239, 0.27, 1.5376, 0.156, 0.0443, 0.3119, 0.2082, 0.2369, 0.4587, 0.3733, 0.0983, 0.5815, 3.5908, 0.0538]",4.892508619624805,"[[0.0, 100.0], [0.53, 85.31], [1.05, 71.56], [1.58, 60.0], [2.11, 54.24], [2.63, 45.45], [3.16, 39.13], [3.68, 33.25], [4.21, 28.48], [4.74, 25.16], [5.26, 21.49], [5.79, 16.74], [6.32, 14.59], [6.84, 11.89], [7.37, 11.17], [7.89, 9.24], [8.42, 7.99], [8.95, 6.81], [9.47, 6.2], [10.0, 4.89]]",32.67926510108438,100.0
225,45,0,0.95,1.0,0.3,50,10.0,267,1.0,0.9385831930547617,11,11,0.8684705062990498,"[0, 2, 0, 0, 2, 1, 3, 1, 1, 1]","[0.743, 0.9492, 0.6295, 0.408, 1.6365, 0.5075, 1.0243, 0.0224, 1.978, 0.7863]",5.48940896128342,"[[0.0, 99.93], [0.53, 87.48], [1.05, 72.23], [1.58, 59.87], [2.11, 54.22], [2.63, 44.74], [3.16, 38.32], [3.68, 34.41], [4.21, 28.64], [4.74, 23.68], [5.26, 21.73], [5.79, 17.92], [6.32, 16.14], [6.84, 11.73], [7.37, 12.15], [7.89, 10.06], [8.42, 6.93], [8.95, 6.28], [9.47, 5.73], [10.0, 5.49]]",32.88339493805239,100.0
226,45,1,0.95,1.0,0.3,50,10.0,268,1.0,0.977696518075597,18,18,0.7752425906045142,"[1, 2, 0, 1, 0, 2, 1, 0, 1, 1]","[0.9663, 0.0041, 0.7698, 2.5658, 0.4063, 0.2585, 0.4488, 0.7824]",6.0545226911248395,"[[0.0, 100.0], [0.53, 86.54], [1.05, 73.11], [1.58, 60.15], [2.11, 53.64], [2.63, 45.49], [3.16, 39.65], [3.68, 32.44], [4.21, 28.0], [4.74, 22.88], [5.26, 21.11], [5.79, 18.58], [6.32, 15.87], [6.84, 13.45], [7.37, 10.96], [7.89, 9.58], [8.42, 8.23], [8.95, 7.48], [9.47, 5.9], [10.0, 6.05]]",32.9552364923121,100.0
227,45,2,0.95,1.0,0.3,50,10.0,269,1.0,0.9201239681784372,8,8,0.6603937414190715,"[0, 0, 2, 1, 0, 2, 1, 1, 0, 3]","[1.1593, 0.9966, 0.7425, 1.7916, 0.0852, 0.7306, 0.2322, 0.1741, 0.0314]",5.682699414568093,"[[0.0, 100.0], [0.53, 85.03], [1.05, 69.33], [1.58, 62.59], [2.11, 52.26], [2.63, 47.19], [3.16, 39.51], [3.68, 33.63], [4.21, 26.25], [4.74, 23.43], [5.26, 22.21], [5.79, 15.86], [6.32, 16.98], [6.84, 11.73], [7.37, 11.79], [7.89, 9.32], [8.42, 7.86], [8.95, 8.61], [9.47, 6.12], [10.0, 5.68]]",32.769094136035164,100.0
228,45,3,0.95,1.0,0.3,50,10.0,270,1.0,0.9520558934496465,9,9,0.5117804824746448,"[0, 0, 3, 0, 0, 0, 2, 0, 0, 0]","[1.6482, 0.0056, 0.2649, 0.1283]",7.102692353365724,"[[0.0, 100.0], [0.53, 85.82], [1.05, 73.3], [1.58, 62.05], [2.11, 52.64], [2.63, 46.07], [3.16, 39.0], [3.68, 33.72], [4.21, 29.46], [4.74, 25.55], [5.26, 19.38], [5.79, 16.23], [6.32, 14.92], [6.84, 13.91], [7.37, 11.3], [7.89, 10.09], [8.42, 6.34], [8.95, 7.48], [9.47, 5.57], [10.0, 7.1]]",32.996583108416004,100.0
229,45,4,0.95,1.0,0.3,50,10.0,271,1.0,0.9485805206859965,11,11,0.647388702554689,"[1, 0, 2, 1, 0, 2, 0, 2, 0, 0]","[1.6583, 0.4455, 1.0053, 0.3137, 0.1365, 0.9452, 0.0273]",4.644800699086472,"[[0.0, 100.0], [0.53, 85.42], [1.05, 72.3], [1.58, 62.12], [2.11, 52.45], [2.63, 44.02], [3.16, 38.5], [3.68, 32.99], [4.21, 25.79], [4.74, 24.21], [5.26, 19.98], [5.79, 18.26], [6.32, 15.45], [6.84, 11.7], [7.37, 10.76], [7.89, 8.75], [8.42, 7.18], [8.95, 6.78], [9.47, 4.42], [10.0, 4.64]]",32.28669973798922,100.0
230,46,0,0.95,1.0,0.5,10,10.0,272,1.0,0.9979330556344171,9,9,1.4522304889379603,"[2, 2, 2, 2, 0, 1, 2, 2, 1, 2]","[0.5701, 0.3354, 0.1491, 0.3906, 2.9867, 3.102, 4.8935, 0.7013, 0.4532, 0.6959, 0.2424, 4.2126, 1.0867, 1.7537, 0.2102]",0.9443642428363037,"[[0.0, 100.0], [0.53, 78.31], [1.05, 59.13], [1.58, 44.8], [2.11, 33.77], [2.63, 26.62], [3.16, 20.59], [3.68, 16.04], [4.21, 12.61], [4.74, 11.08], [5.26, 7.39], [5.79, 5.57], [6.32, 5.16], [6.84, 6.18], [7.37, 3.58], [7.89, 0.81], [8.42, 2.66], [8.95, 0.0], [9.47, 2.31], [10.0, 0.94]]",21.877837021350146,100.0
231,46,1,0.95,1.0,0.5,10,10.0,273,1.0,0.9921315348643822,7,7,1.088582376411253,"[2, 1, 2, 2, 1, 3, 2, 0, 1, 3]","[0.6464, 1.2723, 0.987, 0.7044, 0.3715, 0.1299, 0.4618, 1.2824, 2.0593, 0.9082, 1.5286, 1.5847, 2.0405, 1.3994, 1.4623, 0.5785]",0.34431984905607876,"[[0.0, 100.0], [0.53, 76.89], [1.05, 58.62], [1.58, 46.57], [2.11, 33.53], [2.63, 26.94], [3.16, 21.13], [3.68, 18.66], [4.21, 11.82], [4.74, 8.61], [5.26, 6.71], [5.79, 5.71], [6.32, 4.52], [6.84, 3.62], [7.37, 3.14], [7.89, 0.38], [8.42, 0.0], [8.95, 0.14], [9.47, 1.42], [10.0, 0.34]]",21.43707409448323,100.0
232,46,2,0.95,1.0,0.5,10,10.0,274,1.0,0.9438691504501957,10,10,0.9387042758804564,"[3, 2, 2, 0, 1, 2, 1, 3, 2, 1]","[0.8197, 2.8263, 0.9246, 1.3285, 0.2856, 1.1136, 0.5581, 0.6872, 0.3924, 0.2148, 2.3766, 1.1715, 0.835, 0.5142, 0.1076, 0.8636]",0.0,"[[0.0, 100.0], [0.53, 77.75], [1.05, 58.36], [1.58, 43.26], [2.11, 34.58], [2.63, 25.26], [3.16, 20.68], [3.68, 14.37], [4.21, 12.05], [4.74, 8.55], [5.26, 7.46], [5.79, 4.8], [6.32, 5.58], [6.84, 3.64], [7.37, 2.14], [7.89, 1.04], [8.42, 2.54], [8.95, 0.0], [9.47, 0.0], [10.0, 0.0]]",21.103269033880142,100.0
233,46,3,0.95,1.0,0.5,10,10.0,275,1.0,0.9417011485766238,1,1,0.5115452352322101,"[1, 0, 0, 0, 0, 2, 1, 2, 0, 2]","[0.1543, 0.0199, 0.8943, 0.8405, 0.9271, 0.163, 0.5816]",1.1559562950393947,"[[0.0, 99.77], [0.53, 75.49], [1.05, 58.99], [1.58, 45.5], [2.11, 35.33], [2.63, 26.96], [3.16, 22.28], [3.68, 14.84], [4.21, 11.24], [4.74, 8.96], [5.26, 6.1], [5.79, 4.84], [6.32, 4.11], [6.84, 3.95], [7.37, 1.03], [7.89, 2.4], [8.42, 1.87], [8.95, 0.41], [9.47, 1.68], [10.0, 1.16]]",21.34589872582499,100.0
234,46,4,0.95,1.0,0.5,10,10.0,276,1.0,0.9474513602069367,13,13,0.5899746515993903,"[0, 2, 1, 0, 1, 0, 1, 1, 3, 1]","[1.8319, 0.0244, 1.4921, 0.2616, 0.0906, 0.682, 0.021, 0.757, 0.1493]",0.0,"[[0.0, 100.0], [0.53, 78.09], [1.05, 59.93], [1.58, 44.42], [2.11, 35.03], [2.63, 27.79], [3.16, 20.66], [3.68, 15.82], [4.21, 12.0], [4.74, 9.85], [5.26, 5.64], [5.79, 6.41], [6.32, 4.95], [6.84, 5.0], [7.37, 2.62], [7.89, 1.17], [8.42, 1.02], [8.95, 0.86], [9.47, 1.48], [10.0, 0.0]]",21.636483456666003,100.0
235,47,0,0.95,1.0,0.5,50,10.0,277,1.0,0.9122090645470007,10,10,1.3616414662115117,"[1, 0, 0, 1, 1, 3, 0, 0, 1, 0]","[0.6913, 1.2537, 0.2924, 2.2653, 3.5171, 0.15]",0.9518427032872944,"[[0.0, 100.0], [0.53, 76.23], [1.05, 58.98], [1.58, 46.83], [2.11, 33.87], [2.63, 27.74], [3.16, 19.34], [3.68, 14.28], [4.21, 12.89], [4.74, 10.2], [5.26, 7.26], [5.79, 6.71], [6.32, 5.75], [6.84, 1.57], [7.37, 2.23], [7.89, 3.73], [8.42, 3.58], [8.95, 0.56], [9.47, 2.05], [10.0, 0.95]]",21.737394477098928,100.0
236,47,1,0.95,1.0,0.5,50,10.0,278,1.0,0.9640589379096067,12,12,1.3388666721503437,"[0, 2, 2, 0, 1, 1, 1, 2, 1, 0]","[1.0201, 0.243, 0.6692, 2.8807, 3.0324, 0.4091, 1.7146, 1.8045, 0.2761]",1.7605940346052755,"[[0.0, 99.85], [0.53, 78.03], [1.05, 58.99], [1.58, 44.56], [2.11, 35.29], [2.63, 27.33], [3.16, 22.28], [3.68, 16.08], [4.21, 11.73], [4.74, 9.4], [5.26, 7.44], [5.79, 5.79], [6.32, 4.3], [6.84, 3.28], [7.37, 2.18], [7.89, 0.28], [8.42, 2.2], [8.95, 1.72], [9.47, 0.0], [10.0, 1.76]]",21.623741455489082,100.0
237,47,2,0.95,1.0,0.5,50,10.0,279,1.0,0.9432630989964036,5,5,0.6457612624298158,"[1, 1, 1, 1, 2, 0, 0, 1, 0, 0]","[2.049, 0.0845, 0.4873, 0.3329, 0.341, 0.5799]",0.8677670579161897,"[[0.0, 99.25], [0.53, 75.92], [1.05, 60.25], [1.58, 45.72], [2.11, 34.4], [2.63, 24.42], [3.16, 23.44], [3.68, 14.83], [4.21, 11.99], [4.74, 10.33], [5.26, 7.67], [5.79, 5.39], [6.32, 5.51], [6.84, 2.48], [7.37, 1.47], [7.89, 1.04], [8.42, 2.78], [8.95, 2.04], [9.47, 1.33], [10.0, 0.87]]",21.556346770790526,100.0
238,47,3,0.95,1.0,0.5,50,10.0,280,1.0,0.9754580996880834,14,14,0.5914514161248767,"[0, 0, 0, 0, 2, 1, 0, 2, 0, 0]","[1.3971, 0.0609, 0.0506, 0.8572]",1.4506842232453323,"[[0.0, 99.33], [0.53, 78.11], [1.05, 60.2], [1.58, 46.57], [2.11, 33.92], [2.63, 25.84], [3.16, 19.07], [3.68, 17.62], [4.21, 11.16], [4.74, 10.37], [5.26, 6.05], [5.79, 5.07], [6.32, 3.59], [6.84, 2.58], [7.37, 1.98], [7.89, 3.3], [8.42, 1.26], [8.95, 0.32], [9.47, 0.8], [10.0, 1.45]]",21.429118732197672,100.0
239,47,4,0.95,1.0,0.5,50,10.0,281,1.0,0.9557872218272147,9,9,1.0121650549717462,"[1, 3, 2, 0, 1, 0, 0, 0, 0, 1]","[0.0332, 5.009, 0.2823, 0.0518, 0.2143, 0.9665, 0.528]",1.3052996492510287,"[[0.0, 98.92], [0.53, 78.1], [1.05, 58.56], [1.58, 46.56], [2.11, 34.26], [2.63, 27.38], [3.16, 19.79], [3.68, 14.18], [4.21, 10.83], [4.74, 10.52], [5.26, 6.39], [5.79, 4.35], [6.32, 4.22], [6.84, 2.58], [7.37, 3.02], [7.89, 2.01], [8.42, 1.39], [8.95, 0.4], [9.47, 1.99], [10.0, 1.31]]",21.338185254517526,100.0
240,48,0,0.95,2.0,0.1,10,10.0,282,1.0,0.9329200782925948,22,22,0.38841281051901333,"[1, 3, 1, 5, 4, 1, 1, 0, 5, 1]","[0.5712, 0.282, 0.0132, 0.1699, 0.4451, 1.2207, 0.087, 0.1615, 0.1257, 0.0136, 0.3922, 0.0917, 0.7233, 0.9549, 1.0422, 0.2912, 0.3145, 0.044, 0.0653, 0.4182, 0.7294]",36.66481736360816,"[[0.0, 100.0], [0.53, 97.23], [1.05, 89.5], [1.58, 86.12], [2.11, 81.07], [2.63, 78.09], [3.16, 73.79], [3.68, 69.93], [4.21, 67.36], [4.74, 61.99], [5.26, 59.57], [5.79, 56.81], [6.32, 52.14], [6.84, 50.39], [7.37, 48.03], [7.89, 46.19], [8.42, 43.15], [8.95, 41.1], [9.47, 39.51], [10.0, 36.66]]",63.9316503992149,100.0
241,48,1,0.95,2.0,0.1,10,10.0,283,1.0,0.942945519856616,23,23,0.5774073621054522,"[1, 2, 3, 1, 4, 2, 2, 2, 1, 4]","[0.5224, 0.2494, 0.0152, 1.1344, 1.7036, 0.2845, 0.3683, 0.2693, 0.074, 0.5006, 0.2741, 0.145, 0.2937, 0.1846, 2.0035, 1.5143, 0.3561, 0.7388, 0.9758, 0.1723, 0.3456]",34.87405060736911,"[[0.0, 99.51], [0.53, 95.45], [1.05, 90.33], [1.58, 87.34], [2.11, 80.57], [2.63, 76.86], [3.16, 73.44], [3.68, 70.33], [4.21, 64.84], [4.74, 61.79], [5.26, 61.34], [5.79, 55.92], [6.32, 52.37], [6.84, 53.32], [7.37, 50.04], [7.89, 45.6], [8.42, 43.57], [8.95, 40.45], [9.47, 39.19], [10.0, 34.87]]",63.857084825239994,100.0
242,48,2,0.95,2.0,0.1,10,10.0,284,1.0,0.9775446227758404,22,22,0.5876323377515832,"[0, 5, 4, 0, 4, 0, 1, 3, 0, 2]","[0.07, 0.5145, 0.2791, 0.2203, 0.1054, 0.3782, 0.3947, 2.5996, 0.5161, 0.1445, 0.2232, 0.1197, 0.2669, 2.068, 0.6291, 0.7624, 1.1864, 0.0994]",36.958215247985834,"[[0.0, 98.68], [0.53, 93.56], [1.05, 89.82], [1.58, 85.61], [2.11, 80.98], [2.63, 76.01], [3.16, 72.55], [3.68, 70.1], [4.21, 65.89], [4.74, 64.02], [5.26, 58.52], [5.79, 56.31], [6.32, 53.5], [6.84, 50.19], [7.37, 48.82], [7.89, 46.06], [8.42, 43.92], [8.95, 40.92], [9.47, 39.48], [10.0, 36.96]]",63.59487492257864,100.0
243,48,3,0.95,2.0,0.1,10,10.0,285,1.0,0.9150996350494879,9,9,0.38018716770597866,"[2, 1, 0, 2, 0, 0, 4, 1, 0, 2]","[0.0176, 0.5947, 0.1017, 0.8767, 0.5851, 0.4501, 0.2429, 0.5836, 0.2212, 0.4885, 0.02]",37.51666867835348,"[[0.0, 98.87], [0.53, 95.78], [1.05, 89.72], [1.58, 86.17], [2.11, 79.36], [2.63, 76.3], [3.16, 72.73], [3.68, 69.41], [4.21, 64.96], [4.74, 61.72], [5.26, 59.24], [5.79, 55.45], [6.32, 51.93], [6.84, 49.97], [7.37, 47.06], [7.89, 44.4], [8.42, 42.99], [8.95, 43.44], [9.47, 39.5], [10.0, 37.52]]",63.32573486389565,100.0
244,48,4,0.95,2.0,0.1,10,10.0,286,1.0,0.9734517910858994,19,19,0.4308731940233681,"[2, 1, 1, 2, 0, 1, 5, 1, 1, 1]","[0.0043, 0.4987, 0.2893, 0.1931, 0.0783, 0.3608, 0.8517, 0.5139, 0.852, 0.7766, 1.0427, 0.1097, 0.2844, 0.1766]",35.39141930291119,"[[0.0, 100.0], [0.53, 94.42], [1.05, 90.39], [1.58, 84.65], [2.11, 79.86], [2.63, 76.72], [3.16, 74.17], [3.68, 67.71], [4.21, 67.62], [4.74, 62.2], [5.26, 58.9], [5.79, 56.14], [6.32, 52.54], [6.84, 49.07], [7.37, 47.82], [7.89, 46.13], [8.42, 45.43], [8.95, 40.92], [9.47, 39.96], [10.0, 35.39]]",63.50214191916962,100.0
245,49,0,0.95,2.0,0.1,50,10.0,287,1.0,0.9859009709182316,25,25,0.7136886184975212,"[2, 1, 2, 0, 3, 0, 1, 1, 1, 1]","[1.1837, 0.9569, 0.8514, 0.4404, 0.2771, 0.7479, 0.5548, 0.9554, 1.1389, 0.1337, 0.6102]",34.52199188620577,"[[0.0, 100.0], [0.53, 95.23], [1.05, 89.78], [1.58, 82.76], [2.11, 81.89], [2.63, 76.97], [3.16, 72.07], [3.68, 69.49], [4.21, 65.05], [4.74, 63.44], [5.26, 58.48], [5.79, 58.3], [6.32, 53.09], [6.84, 49.88], [7.37, 48.39], [7.89, 44.69], [8.42, 43.13], [8.95, 40.49], [9.47, 40.09], [10.0, 34.52]]",63.38806587925088,100.0
246,49,1,0.95,2.0,0.1,50,10.0,288,1.0,0.9607189685537797,23,23,0.39605064572712684,"[2, 2, 1, 1, 2, 3, 4, 1, 0, 1]","[0.2178, 0.0741, 0.4133, 0.5373, 0.1469, 0.4779, 0.436, 0.5315, 0.1622, 0.2488, 0.3828, 0.1026, 1.5809, 0.2392, 0.6329, 0.1526]",37.062583554303714,"[[0.0, 100.0], [0.53, 97.47], [1.05, 89.44], [1.58, 87.01], [2.11, 80.48], [2.63, 77.76], [3.16, 73.73], [3.68, 68.41], [4.21, 64.96], [4.74, 59.97], [5.26, 59.13], [5.79, 55.13], [6.32, 53.5], [6.84, 52.36], [7.37, 46.35], [7.89, 42.9], [8.42, 43.67], [8.95, 42.13], [9.47, 38.24], [10.0, 37.06]]",63.48488109344786,100.0
247,49,2,0.95,2.0,0.1,50,10.0,289,1.0,0.9645837158207402,25,25,0.6261407726896249,"[1, 0, 0, 4, 5, 2, 2, 0, 3, 0]","[0.1049, 0.1625, 0.7241, 0.1496, 0.3861, 0.5016, 1.1443, 0.4545, 0.7826, 0.6171, 0.412, 0.045, 1.3643, 1.8336, 0.4802, 0.8558]",37.509587806198816,"[[0.0, 100.0], [0.53, 95.73], [1.05, 88.51], [1.58, 84.89], [2.11, 81.31], [2.63, 78.15], [3.16, 70.78], [3.68, 70.59], [4.21, 64.99], [4.74, 62.32], [5.26, 58.37], [5.79, 56.54], [6.32, 53.32], [6.84, 48.28], [7.37, 48.15], [7.89, 45.11], [8.42, 43.03], [8.95, 41.6], [9.47, 40.28], [10.0, 37.51]]",63.47240405288301,100.0
248,49,3,0.95,2.0,0.1,50,10.0,290,1.0,0.9407408685659726,18,18,0.6391820408765261,"[3, 0, 1, 1, 0, 2, 3, 1, 2, 4]","[0.6355, 1.0684, 0.6063, 1.4811, 0.8146, 0.1308, 0.6407, 0.3913, 0.3781, 0.2702, 0.6912, 0.5469, 0.4983, 1.316, 0.0041, 0.7534]",37.85892633466185,"[[0.0, 99.6], [0.53, 92.81], [1.05, 89.2], [1.58, 84.57], [2.11, 80.4], [2.63, 75.51], [3.16, 73.1], [3.68, 69.66], [4.21, 63.85], [4.74, 61.53], [5.26, 61.57], [5.79, 57.0], [6.32, 53.42], [6.84, 50.15], [7.37, 48.3], [7.89, 44.53], [8.42, 43.05], [8.95, 40.9], [9.47, 37.91], [10.0, 37.86]]",63.246213170086186,100.0
249,49,4,0.95,2.0,0.1,50,10.0,291,1.0,0.9359783448313261,15,15,0.49560484068624144,"[2, 1, 3, 0, 2, 4, 2, 0, 0, 2]","[0.4459, 0.1566, 0.8639, 0.8775, 0.4706, 0.0344, 1.184, 0.5317, 0.1987, 0.8681, 0.1443, 0.0284, 0.036, 0.7986, 0.7952]",35.610711960744396,"[[0.0, 100.0], [0.53, 95.99], [1.05, 89.29], [1.58, 87.22], [2.11, 77.69], [2.63, 75.5], [3.16, 71.91], [3.68, 69.24], [4.21, 65.31], [4.74, 59.3], [5.26, 59.51], [5.79, 55.87], [6.32, 54.44], [6.84, 50.65], [7.37, 48.91], [7.89, 45.22], [8.42, 44.3], [8.95, 39.0], [9.47, 39.36], [10.0, 35.61]]",63.216525049977086,100.0
250,50,0,0.95,2.0,0.3,10,10.0,292,1.0,0.9471370269335432,23,23,0.5938774682780317,"[1, 1, 1, 1, 3, 0, 3, 1, 2, 1]","[1.7272, 0.0652, 1.3263, 0.0132, 0.2843, 0.9487, 0.1298, 0.3681, 0.7034, 0.7215, 0.9304, 0.1545, 0.3479]",6.0279767185719315,"[[0.0, 99.74], [0.53, 85.22], [1.05, 74.28], [1.58, 61.65], [2.11, 53.56], [2.63, 45.46], [3.16, 38.54], [3.68, 32.13], [4.21, 28.95], [4.74, 24.28], [5.26, 21.21], [5.79, 16.99], [6.32, 16.24], [6.84, 12.63], [7.37, 12.38], [7.89, 11.6], [8.42, 7.86], [8.95, 7.74], [9.47, 7.24], [10.0, 6.03]]",33.18529100932707,100.0
251,50,1,0.95,2.0,0.3,10,10.0,293,1.0,0.9464353883720541,17,17,0.6475152417621504,"[2, 2, 3, 0, 3, 5, 4, 2, 3, 4]","[1.7376, 0.5628, 0.0318, 0.4531, 2.2032, 0.839, 0.5941, 0.7778, 0.1455, 0.2508, 0.6678, 0.7228, 0.2464, 0.2844, 0.2761, 0.0806, 1.5177, 0.8511, 0.9148, 0.347, 0.0066, 0.0675, 0.3139, 0.6827, 2.652, 0.2056, 0.05]",3.648615859373696,"[[0.0, 100.0], [0.53, 84.24], [1.05, 72.91], [1.58, 61.86], [2.11, 52.65], [2.63, 46.48], [3.16, 37.96], [3.68, 34.69], [4.21, 27.36], [4.74, 24.68], [5.26, 19.89], [5.79, 18.94], [6.32, 16.06], [6.84, 12.17], [7.37, 11.9], [7.89, 7.37], [8.42, 6.51], [8.95, 7.42], [9.47, 5.39], [10.0, 3.65]]",32.60753532117345,100.0
252,50,2,0.95,2.0,0.3,10,10.0,294,1.0,0.9129780315824875,22,22,0.5383867056584549,"[0, 4, 2, 0, 2, 2, 2, 1, 2, 0]","[0.1603, 0.0175, 0.2999, 0.3853, 0.5237, 0.2508, 1.697, 0.0522, 0.2997, 0.4344, 0.3151, 1.4194, 0.9772, 0.7049]",4.9766359736769115,"[[0.0, 98.99], [0.53, 84.59], [1.05, 72.63], [1.58, 62.38], [2.11, 53.09], [2.63, 46.28], [3.16, 37.53], [3.68, 34.78], [4.21, 26.81], [4.74, 23.51], [5.26, 20.89], [5.79, 18.15], [6.32, 15.91], [6.84, 13.51], [7.37, 11.0], [7.89, 9.77], [8.42, 9.23], [8.95, 6.92], [9.47, 6.77], [10.0, 4.98]]",32.88486298848795,100.0
253,50,3,0.95,2.0,0.3,10,10.0,295,1.0,0.9325685208112509,14,14,0.5234901825754282,"[2, 1, 1, 0, 4, 2, 1, 2, 0, 0]","[0.1318, 0.3523, 0.7899, 0.28, 0.5599, 0.0025, 0.9099, 0.5171, 0.0117, 0.4303, 1.1683, 1.1282]",4.659004413345252,"[[0.0, 100.0], [0.53, 83.66], [1.05, 71.75], [1.58, 61.96], [2.11, 54.16], [2.63, 43.89], [3.16, 38.59], [3.68, 35.08], [4.21, 28.34], [4.74, 24.98], [5.26, 20.77], [5.79, 17.11], [6.32, 15.27], [6.84, 13.57], [7.37, 10.85], [7.89, 8.13], [8.42, 7.67], [8.95, 6.03], [9.47, 7.06], [10.0, 4.66]]",32.676003304543045,100.0
254,50,4,0.95,2.0,0.3,10,10.0,296,1.0,0.9850612897140564,22,22,0.6028768454798185,"[2, 6, 0, 0, 2, 0, 2, 1, 3, 0]","[2.045, 0.1279, 0.1848, 0.6173, 1.146, 0.0231, 0.0036, 0.5206, 0.8358, 0.4214, 0.437, 0.3225, 1.5297, 0.4364, 0.3921]",5.328170445590056,"[[0.0, 100.0], [0.53, 85.7], [1.05, 72.1], [1.58, 61.41], [2.11, 50.88], [2.63, 46.23], [3.16, 40.57], [3.68, 32.27], [4.21, 28.38], [4.74, 24.02], [5.26, 19.28], [5.79, 18.62], [6.32, 14.87], [6.84, 12.73], [7.37, 11.87], [7.89, 9.86], [8.42, 9.31], [8.95, 7.16], [9.47, 4.53], [10.0, 5.33]]",32.756458542679404,100.0
255,51,0,0.95,2.0,0.3,50,10.0,297,1.0,0.9673055822993005,12,12,0.46334679185930394,"[0, 2, 0, 0, 2, 1, 4, 5, 1, 3]","[0.455, 0.0336, 0.301, 0.0186, 0.0557, 0.2071, 1.1346, 0.8757, 0.4386, 0.0972, 0.8156, 0.4782, 0.7734, 0.0802, 0.3444, 0.7626, 1.0052]",5.335259020625511,"[[0.0, 100.0], [0.53, 85.08], [1.05, 72.97], [1.58, 60.32], [2.11, 52.21], [2.63, 43.08], [3.16, 38.41], [3.68, 33.16], [4.21, 29.45], [4.74, 24.9], [5.26, 19.9], [5.79, 17.57], [6.32, 16.08], [6.84, 11.7], [7.37, 11.12], [7.89, 8.96], [8.42, 8.98], [8.95, 5.45], [9.47, 5.54], [10.0, 5.34]]",32.51023932651705,100.0
256,51,1,0.95,2.0,0.3,50,10.0,298,1.0,0.9445528261417331,20,20,0.27775279804857317,"[1, 0, 2, 0, 2, 5, 2, 0, 3, 3]","[0.2179, 0.1126, 0.2113, 0.1318, 0.2223, 0.2724, 0.1857, 0.3992, 0.153, 0.0776, 0.1665, 0.3445, 0.1558, 0.0865, 0.4459, 1.0325, 0.5063]",6.555550055793236,"[[0.0, 99.01], [0.53, 84.21], [1.05, 72.59], [1.58, 64.23], [2.11, 52.83], [2.63, 46.7], [3.16, 37.4], [3.68, 32.42], [4.21, 27.27], [4.74, 24.03], [5.26, 20.43], [5.79, 15.67], [6.32, 16.26], [6.84, 12.79], [7.37, 10.16], [7.89, 8.97], [8.42, 7.57], [8.95, 7.34], [9.47, 6.27], [10.0, 6.56]]",32.635667138183024,100.0
257,51,2,0.95,2.0,0.3,50,10.0,299,1.0,0.9484296387370424,23,23,0.5801192173785025,"[0, 3, 4, 2, 2, 1, 2, 2, 6, 4]","[0.1779, 0.0253, 0.5674, 0.3971, 2.2341, 0.1599, 0.0549, 0.8699, 0.0845, 1.0222, 0.2699, 0.5734, 0.8284, 0.1116, 0.1165, 0.124, 0.2185, 1.1057, 0.5495, 0.3462, 2.56, 1.3324, 0.4435, 0.1881, 0.1423]",4.711542384708405,"[[0.0, 100.0], [0.53, 85.18], [1.05, 72.38], [1.58, 61.93], [2.11, 53.22], [2.63, 46.21], [3.16, 38.71], [3.68, 33.79], [4.21, 28.08], [4.74, 22.64], [5.26, 21.21], [5.79, 19.31], [6.32, 17.93], [6.84, 14.21], [7.37, 9.68], [7.89, 10.32], [8.42, 6.35], [8.95, 6.46], [9.47, 7.11], [10.0, 4.71]]",32.97218664816903,100.0
258,51,3,0.95,2.0,0.3,50,10.0,300,1.0,0.911380056206774,22,22,0.23559739849825836,"[1, 6, 2, 0, 1, 1, 0, 2, 0, 3]","[0.7839, 0.0011, 0.0401, 0.2747, 0.2861, 0.1106, 0.2557, 0.1065, 0.5065, 0.0253, 0.0859, 0.1077, 0.7787, 0.1185, 0.0528]",4.83035070306254,"[[0.0, 99.56], [0.53, 86.38], [1.05, 74.38], [1.58, 62.26], [2.11, 53.06], [2.63, 44.19], [3.16, 37.25], [3.68, 34.31], [4.21, 27.35], [4.74, 24.03], [5.26, 19.92], [5.79, 17.52], [6.32, 15.24], [6.84, 13.11], [7.37, 10.25], [7.89, 8.38], [8.42, 9.34], [8.95, 6.14], [9.47, 6.89], [10.0, 4.83]]",32.71909780398226,100.0
259,51,4,0.95,2.0,0.3,50,10.0,301,1.0,0.9508325110776435,19,19,0.681179164280583,"[3, 0, 4, 1, 1, 1, 3, 1, 2, 1]","[0.3031, 0.7114, 0.0065, 0.9792, 0.2725, 1.0518, 0.6959, 0.5419, 0.3373, 2.2205, 0.3435, 0.1524, 0.2899, 1.4295, 0.4482, 1.1152]",5.32650633903585,"[[0.0, 100.0], [0.53, 86.36], [1.05, 74.54], [1.58, 60.4], [2.11, 52.1], [2.63, 45.14], [3.16, 36.71], [3.68, 32.57], [4.21, 28.2], [4.74, 23.43], [5.26, 19.84], [5.79, 17.6], [6.32, 15.87], [6.84, 13.32], [7.37, 10.3], [7.89, 10.02], [8.42, 7.27], [8.95, 6.62], [9.47, 5.14], [10.0, 5.33]]",32.537655886101135,100.0
260,52,0,0.95,2.0,0.5,10,10.0,302,1.0,0.9286576959390788,24,24,0.5465446809052625,"[0, 2, 0, 5, 2, 3, 2, 1, 2, 3]","[0.4321, 0.1744, 0.1457, 0.0877, 0.3731, 0.4923, 1.8604, 0.3947, 1.258, 0.7026, 0.9648, 0.3416, 0.1407, 0.5682, 0.9881, 0.3404, 0.1843, 0.49, 0.4451]",1.0800825435281989,"[[0.0, 100.0], [0.53, 77.6], [1.05, 58.4], [1.58, 44.14], [2.11, 33.49], [2.63, 27.83], [3.16, 20.64], [3.68, 15.52], [4.21, 11.83], [4.74, 10.25], [5.26, 7.41], [5.79, 5.57], [6.32, 3.98], [6.84, 1.82], [7.37, 3.67], [7.89, 2.52], [8.42, 1.39], [8.95, 1.77], [9.47, 0.64], [10.0, 1.08]]",21.47718856176634,100.0
261,52,1,0.95,2.0,0.5,10,10.0,303,1.0,0.9627999011358919,16,16,0.3138647492058961,"[1, 2, 0, 1, 1, 4, 6, 0, 3, 0]","[0.0218, 0.0123, 0.0068, 0.019, 0.5816, 0.2013, 0.4924, 0.0969, 0.0986, 0.4294, 0.669, 0.1038, 0.4955, 1.0852, 0.0262, 0.168, 0.8279]",0.8493268645050069,"[[0.0, 100.0], [0.53, 75.83], [1.05, 59.41], [1.58, 45.4], [2.11, 35.88], [2.63, 26.53], [3.16, 19.57], [3.68, 16.17], [4.21, 10.49], [4.74, 8.36], [5.26, 7.02], [5.79, 6.69], [6.32, 2.81], [6.84, 2.79], [7.37, 2.07], [7.89, 0.0], [8.42, 1.86], [8.95, 0.53], [9.47, 0.57], [10.0, 0.85]]",21.14014810244232,100.0
262,52,2,0.95,2.0,0.5,10,10.0,304,1.0,0.9689558827689322,21,21,0.4308287278045176,"[2, 2, 3, 0, 0, 2, 1, 0, 1, 2]","[0.0331, 0.0959, 2.1441, 0.3263, 0.0435, 0.3004, 0.5517, 0.2809, 0.0575, 1.1354, 0.1671, 0.034]",0.14561692072053123,"[[0.0, 99.69], [0.53, 75.59], [1.05, 59.42], [1.58, 44.32], [2.11, 34.82], [2.63, 27.02], [3.16, 22.48], [3.68, 15.8], [4.21, 10.13], [4.74, 11.38], [5.26, 8.2], [5.79, 5.69], [6.32, 3.15], [6.84, 2.9], [7.37, 3.43], [7.89, 4.23], [8.42, 2.84], [8.95, 2.95], [9.47, 1.42], [10.0, 0.15]]",21.780059214159476,100.0
263,52,3,0.95,2.0,0.5,10,10.0,305,1.0,0.9116859936359394,23,23,0.5742265267328223,"[2, 1, 2, 0, 4, 3, 2, 0, 1, 2]","[1.2959, 0.4436, 0.3784, 0.946, 0.9964, 0.5258, 0.8288, 0.0589, 0.4642, 0.117, 0.2353, 1.6277, 0.2128, 0.11, 0.216, 0.7308]",2.1686501945718453,"[[0.0, 100.0], [0.53, 76.77], [1.05, 57.41], [1.58, 44.94], [2.11, 34.95], [2.63, 27.82], [3.16, 20.36], [3.68, 15.55], [4.21, 11.47], [4.74, 8.52], [5.26, 7.31], [5.79, 5.95], [6.32, 3.46], [6.84, 3.93], [7.37, 1.72], [7.89, 2.93], [8.42, 0.0], [8.95, 0.0], [9.47, 0.15], [10.0, 2.17]]",21.269788369739437,100.0
264,52,4,0.95,2.0,0.5,10,10.0,306,1.0,1.0,11,11,0.5421272642864631,"[1, 1, 0, 1, 0, 2, 0, 2, 4, 0]","[0.685, 1.2451, 1.5178, 0.5519, 0.0722, 0.3569, 0.0145, 0.5409, 0.1316, 0.3053]",1.2305048342574996,"[[0.0, 100.0], [0.53, 76.18], [1.05, 61.01], [1.58, 46.36], [2.11, 35.07], [2.63, 26.4], [3.16, 21.96], [3.68, 16.31], [4.21, 12.76], [4.74, 9.8], [5.26, 6.63], [5.79, 5.34], [6.32, 4.26], [6.84, 5.06], [7.37, 2.32], [7.89, 1.88], [8.42, 3.43], [8.95, 2.75], [9.47, 0.81], [10.0, 1.23]]",21.97730742348241,100.0
265,53,0,0.95,2.0,0.5,50,10.0,307,1.0,0.9515685772308131,22,22,0.45319468889754727,"[3, 1, 1, 3, 2, 5, 0, 1, 2, 2]","[0.5475, 0.5726, 0.7612, 0.2348, 0.2296, 0.0986, 0.5619, 0.6932, 0.7, 0.2451, 0.1601, 0.2268, 1.1446, 0.1821, 0.3411, 0.0321, 0.1381, 0.6984, 1.0427]",0.0,"[[0.0, 99.84], [0.53, 78.96], [1.05, 57.44], [1.58, 47.14], [2.11, 35.6], [2.63, 27.69], [3.16, 19.32], [3.68, 16.63], [4.21, 11.62], [4.74, 10.1], [5.26, 6.11], [5.79, 5.84], [6.32, 4.38], [6.84, 2.09], [7.37, 3.41], [7.89, 2.96], [8.42, 0.0], [8.95, 3.3], [9.47, 0.0], [10.0, 0.0]]",21.620842203971502,100.0
266,53,1,0.95,2.0,0.5,50,10.0,308,1.0,0.9305531920452773,23,23,0.3765825462777133,"[3, 1, 3, 0, 2, 0, 2, 0, 1, 2]","[0.8603, 0.1522, 0.0043, 0.4914, 0.3179, 0.1993, 0.2983, 0.4727, 0.1067, 0.1135, 1.4482, 0.1122, 0.3187]",0.5774872753754678,"[[0.0, 99.6], [0.53, 78.01], [1.05, 58.95], [1.58, 43.76], [2.11, 35.51], [2.63, 26.74], [3.16, 20.9], [3.68, 16.14], [4.21, 12.85], [4.74, 9.2], [5.26, 5.0], [5.79, 4.85], [6.32, 5.74], [6.84, 0.74], [7.37, 2.42], [7.89, 0.97], [8.42, 1.39], [8.95, 2.06], [9.47, 0.0], [10.0, 0.58]]",21.271226428596286,100.0
267,53,2,0.95,2.0,0.5,50,10.0,309,1.0,0.9824514582402092,16,16,0.5146911486455098,"[4, 3, 2, 1, 5, 1, 4, 2, 2, 2]","[0.326, 0.2086, 0.3736, 1.487, 0.1195, 0.1654, 0.0536, 0.4489, 0.1466, 0.3968, 0.0072, 0.0786, 0.5216, 0.2485, 0.7294, 0.665, 1.3413, 1.366, 0.3567, 1.4526, 0.4879, 0.2541, 1.3856, 0.1587, 0.0878]",1.8177889347368668,"[[0.0, 99.65], [0.53, 75.82], [1.05, 58.87], [1.58, 45.99], [2.11, 34.8], [2.63, 25.45], [3.16, 19.51], [3.68, 14.9], [4.21, 13.8], [4.74, 10.8], [5.26, 7.24], [5.79, 4.04], [6.32, 3.26], [6.84, 2.76], [7.37, 1.89], [7.89, 2.37], [8.42, 0.0], [8.95, 2.88], [9.47, 1.47], [10.0, 1.82]]",21.366158117081817,100.0
268,53,3,0.95,2.0,0.5,50,10.0,310,1.0,0.9720034209169706,22,22,0.6977495257363555,"[1, 3, 1, 2, 2, 2, 5, 4, 1, 1]","[0.6084, 0.9149, 0.4245, 0.6825, 1.0563, 0.0931, 0.1127, 0.2531, 0.8678, 0.228, 0.7962, 0.2377, 0.2243, 0.3382, 2.7016, 0.3571, 0.0786, 0.4823, 0.4979, 2.2039, 1.4937]",0.5190122654921421,"[[0.0, 100.0], [0.53, 76.27], [1.05, 59.2], [1.58, 46.01], [2.11, 34.78], [2.63, 25.96], [3.16, 21.23], [3.68, 13.9], [4.21, 11.68], [4.74, 10.91], [5.26, 6.39], [5.79, 5.93], [6.32, 3.48], [6.84, 5.8], [7.37, 1.1], [7.89, 1.88], [8.42, 0.35], [8.95, 0.0], [9.47, 0.0], [10.0, 0.52]]",21.269161116652636,100.0
269,53,4,0.95,2.0,0.5,50,10.0,311,1.0,0.9561351416291879,15,15,0.4235622532801054,"[2, 0, 3, 0, 4, 3, 3, 4, 1, 3]","[0.0697, 0.811, 1.526, 0.2401, 0.1237, 0.3582, 0.6366, 0.9313, 0.1561, 0.1551, 0.1597, 0.0983, 0.7307, 0.2491, 0.3217, 0.1752, 0.1619, 0.2688, 0.3527, 1.0777, 0.5927, 0.1219]",0.5991678662323794,"[[0.0, 98.88], [0.53, 78.29], [1.05, 58.89], [1.58, 44.92], [2.11, 35.6], [2.63, 26.55], [3.16, 21.63], [3.68, 15.28], [4.21, 12.87], [4.74, 9.36], [5.26, 7.16], [5.79, 5.85], [6.32, 4.74], [6.84, 3.87], [7.37, 2.48], [7.89, 0.56], [8.42, 2.01], [8.95, 2.66], [9.47, 0.45], [10.0, 0.6]]",21.632076246773526,100.0
